CarID,Brand,model,transmission,fuelType,year,mileage,tax,mpg,engineSize,paintQuality%,previousOwners,price
3683,Toyota, RAV4,Automatic,Hybrid,2016.0,33390.0,20.0,55.4,2.5,80.0,0.0,21990
-412,Toyota, Avensis,manual,Petrol,2017.0,14458.0,150.0,110.34497686910323,1.8,68.0,0.0,13498
2584,, Focus,Automatic,Petrol,2017.0,,150.0,51.4,1.0,51.0,1.0,10799
69,Ford, B-MAX,Semi-Auto,Petrol,2016.0,17900.0,160.0,44.1,1.6,83.0,2.0,9995
1844,Skoda, Kodiaq,Automatic,Petrol,2017.0,33015.0,145.0,44.8,1.4,39.0,0.0,17950
33,BMW, X1,Manual,Diesel,2018.0,12800.0,145.0,68.9,2.0,99.0,4.0,18502
3085,Mercedes, C Class,Semi-Auto,Diesel,2017.0,46512.0,145.0,65.7,2.1,65.0,2.0,22000
-35,Toyota, Aygo,Manual,Petro,2017.0,12118.0,0.0,69.0,1.0,93.0,1.0,6990
-470,Opel, Corsa,Manua,Petrol,2019.0,2500.0,145.0,43.5,1.4,99.0,2.0,9250
-579,Ford, Fiesta,Manual,etrol,2019.0,11805.0,145.0,55.4,1.0,73.0,3.0,13900
3518,Opel, Astra,Manual,Petrol,2016.0,22176.0,125.0,51.4,1.4,35.0,2.0,9991
3710,Opel, Corsa,Manual,Petrol,2013.0,53093.0,125.0,51.4,1.4,92.0,2.0,4561
3134,VW, Golf,Manual,Diesel,2017.0,27815.0,20.0,67.3,2.0,94.0,1.0,18495
1393,Mercedes, CL Class,Automatic,Petrol,2019.0,1200.0,145.0,45.6,1.3,39.0,1.0,27590
1589,Mercedes, A Class,Manual,Diesel,2016.0,35847.0,30.0,62.8,2.1,48.0,0.0,14475
2264,VW, T-Cross,Automatic,Diesel,2019.0,3800.0,145.0,51.4,1.6,86.0,4.0,17997
937,Ford, Fiesta,,Petrol,2018.0,29874.0,145.0,65.7,1.0,61.0,1.0,10020
240,VW, Golf,Semi-Auto,Diesel,2018.0,44352.0,145.0,57.7,2.0,40.0,0.0,18645
1010,BMW, X1,Semi-Auto,Diesel,2017.0,20570.0,145.0,55.4,2.0,79.0,4.0,19995
2471,Audi, A4,Semi-Auto,,2019.0,3000.0,145.0,38.7,,57.0,0.0,27495
3153,VW, T-Cross,Manual,Petrol,2019.0,337.0,145.0,,1.0,54.0,0.0,18945
23,Opel, Corsa,Automatic,Petrol,2014.0,,165.0,44.8,1.4,64.0,4.0,5250
26,Hyundai, Tucson,Automatic,Diesel,2016.0,22764.0,240.0,43.5,2.0,93.0,3.0,16980
2475,BMW, 5 Series,Semi-Auto,Diesel,2017.0,49329.0,145.0,60.1,3.0,66.0,1.0,24480
538,BMW, 2 Series,Automatic,Petrol,2019.0,123.0,145.0,39.8,3.0,43.0,4.0,28861
-426,Ford, Mondeo, Manual ,Diesel,2015.0,138000.0,20.0,68.9,2.0,99.0,0.0,6793
530,Toyota, Auris,Automatic,Hybrid,2015.0,27908.0,0.0,70.6,1.8,49.0,2.0,14775
-528,, A3,Manual,Diesel,2016.0,82023.0,20.0,70.6,1.6,125.30194543254365,4.0,12199
1611,Audi, Q3,Semi-Auto,Diesel,2016.0,30647.0,145.0,51.4,2.0,60.0,2.0,18350
297,Mercedes, A Class,Semi-Auto,Diesel,2019.0,6722.0,145.0,65.7,1.5,66.0,1.0,20776
252,Opel, Crossland X,Automatic,Petrol,2019.0,4488.0,145.0,44.8,1.2,36.0,0.0,15999
1807,Toyota, RAV4,Automatic,Hybrid,2016.0,33195.0,20.0,55.4,2.5,96.0,1.0,21000
2005,Mercedes, C Class,Semi-Auto,Petrol,2019.0,14525.0,145.0,44.1,1.5,34.0,,24499
3165,Opel, Corsa,Manual,Petrol,2019.0,9118.0,,44.8,1.4,31.0,1.0,10698
-258,ercedes, C Class,Manual,Diesel,2014.0,52000.0,20.0,64.2,2.1,82.0,3.0,9000
3623,Opel, Mokka,Manual,Petrol,2015.0,37090.0,160.0,44.8,1.4,70.0,2.0,8298
544,Ford, Mondeo,Manual,Diesel,2010.0,140000.0,145.0,53.3,2.0,98.0,3.0,3493
291,VW, up,Manual,Petrol,2020.0,531.0,,,1.0,63.0,0.0,11780
-268,VW, Up,Manual,Petrol,2010.7464032037276,25.0,145.0,51.4,1.0,56.0,2.0,11590
1691,Toyota, Aygo,Manual,Petrol,,35745.0,0.0,69.0,1.0,39.0,4.0,5730
1513,Mercedes, C Class,Semi-Auto,Diesel,2015.0,21539.0,20.0,64.2,2.1,,3.0,16199
2460,Skoda, Scala,Manual,Petrol,2019.0,4266.0,145.0,49.6,1.0,99.0,,14992
2881,BMW, 2 Series,Manual,Petrol,2017.0,24893.0,150.0,53.3,1.5,36.0,2.0,13990
1978,Toyota, Yaris,Manual,Petrol,2017.0,35655.0,30.0,,1.3,85.0,4.0,7998
371,Opel, Crossland X,Manual,Petrol,2019.0,2594.0,145.0,44.8,1.2,66.0,1.0,11691
199,Ford, KA,Manual,Petrol,2010.0,33563.0,30.0,55.4,1.2,90.0,2.0,3995
416,VW, Golf,Automatic,Petrol,2019.0,5613.0,145.0,37.7,2.0,97.0,1.0,24989
3102,Toyota, Yaris,Manual,Petrol,2019.0,5571.0,145.0,47.9,1.5,59.0,4.0,11995
1675,Ford, Fiesta,Manual,Petrol,2017.0,20455.0,145.0,62.8,1.0,90.0,1.0,13499
1765,VW, Golf,Semi-Auto,Diesel,2019.0,5301.0,150.0,49.6,2.0,85.0,1.0,24001
1042,Audi, A1,Manual,Petrol,2019.0,5432.0,145.0,47.9,1.0,63.0,0.0,19751
2817,Ford, Fiesta,Manual,Petrol,2016.0,27470.0,,65.7,1.0,73.0,4.0,9910
3685,Toyota, Aygo,Manual,Petrol,2015.0,19714.0,0.0,69.0,1.0,59.0,3.0,6399
1235,VW, Touran,Semi-Auto,Diesel,2016.0,23022.0,125.0,58.9,2.0,90.0,0.0,16567
3668,Ford, Focus,Manual,Petrol,2018.0,11285.0,150.0,60.1,1.0,80.0,1.0,12000
3185,Ford, Fiesta,Semi-Auto,Petrol,2017.0,19145.0,0.0,57.7,1.0,50.0,1.0,11499
-121,Hyundai, I10,manual,Petrol,2015.0,11166.0,30.0,57.6,1.2,,0.0,6090
3311,Mercedes, GLE Class,Semi-Auto,Diesel,2016.0,42913.0,,47.9,2.1,34.0,4.0,24998
3123,Audi, Q5,Semi-Auto,Diesel,,5700.0,145.0,38.2,2.0,56.0,1.0,38000
2658,BMW, 4 Series,Manual,Petrol,2017.0,19000.0,145.0,46.3,2.0,87.0,0.0,17990
505,BMW, 1 Serie,Automatic,Diesel,2016.0,32734.0,20.0,70.6,2.0,43.0,3.0,12500
2254,VW, Touareg,Semi-Auto,Diesel,2019.0,10.0,145.0,,3.0,36.0,,41998
586,Mercedes, C Class,Manual,Diesel,2016.0,40880.0,20.0,70.6,1.6,69.0,4.0,13680
677,Opel, Astr,Manual,Diesel,2017.0,32000.0,20.0,,1.6,79.0,1.0,9995
655,Mercedes, X-CLASS,Automatic,Diesel,2019.0,2750.0,260.0,,2.3,56.0,2.0,27995
3466,VW, Scirocco,Manual,Petrol,2016.0,22000.0,,47.1,2.0,45.0,4.0,11750
3203,Audi, Q3,Semi-Auto,Petrol,2019.0,7199.0,145.0,32.1,2.0,61.0,1.0,33490
2843,Hyundai, I30,Semi-Auto,Petrol,2017.0,23505.0,150.0,51.4,1.4,35.0,4.0,11495
683,BMW, X6,Semi-Auto,Diesel,2018.0,7531.0,145.0,40.9,3.0,43.0,3.0,40322
3604,Opel, Mokka X,Manual,Petrol,2017.0,26444.0,145.0,47.1,1.4,63.0,4.0,12500
-481,Mercede, A Class,Semi-Auto,Petrol,2013.0,48000.0,160.0,44.1,2.0,95.0,4.0,13595
2370,Hyundai, Tucson,Manual,Petrol,2018.0,9424.0,150.0,34.9,1.6,89.0,2.0,18000
-75,Skoda, Citigo,Manual,etrol,2014.0,20991.0,,62.8,1.0,92.0,1.0,6495
100,Ford, Fiesta,Manual,Petrol,2018.0,13106.0,150.0,55.4,1.1,64.0,0.0,10500
1186,VW, Polo,Manual,Petrol,2019.0,5000.0,145.0,48.7,1.0,96.0,2.0,13500
2002,Ford, C-MAX,Manual,Petrol,2017.0,11319.0,145.0,55.4,1.0,74.0,0.0,12495
3849,Audi, a5,Manual,Petrol,2019.0,10.0,145.0,37.7,2.0,75.0,1.0,30990
-180,Ford, Fiesta,anual,Petrol,,30925.0,145.0,65.7,1.0,125.10995148245615,1.0,9498
3505,BMW, X2,Semi-Auto,Diesel,2019.0,6950.0,145.0,58.9,2.0,33.0,0.0,28150
350,Ford, Focus,Manual,Petrol,2015.0,51103.0,240.0,39.2,2.0,92.0,3.0,12298
-317,Ford, Focus,Automatic,Petrol,2019.0,2986.0,-45.78061048970173,,1.0,33.0,3.0,18991
-294,ford, Fiesta,Manual,Petrol,2017.0,27667.0,145.0,64.2,1.1,,1.0,9240
2603,Hyundai, Tucson,Manual,Diesel,2017.0,30085.0,,61.4,1.7,45.0,4.0,14590
2298,, Q3,Manual,Petrol,2017.0,36102.0,145.0,49.6,1.4,84.0,3.0,16500
2284,Skoda, Roomster,Automatic,Petrol,2007.0,99700.0,,,1.6,73.0,2.0,2995
2710,Skoda, Kodiaq,Automatic,Petrol,2019.0,10.0,150.0,,1.5,65.0,3.0,28495
1041,Opel, Insignia,Manual,Petrol,2017.0,25000.0,145.0,47.1,1.5,98.0,1.0,11699
8,Ford, Fiesta,Manual,Petrol,2017.0,18934.0,125.0,54.3,1.2,34.0,0.0,8291
1650,Audi, A3,Automatic,Diesel,2019.0,1235.0,145.0,52.3,1.6,43.0,1.0,22795
2321,Mercedes, C Class,Manual,Petrol,2013.0,74000.0,160.0,44.1,1.6,50.0,2.0,8990
1149,Mercedes, E Class,Semi-Auto,Diesel,2017.0,,160.0,52.3,3.0,73.0,4.0,21498
871,BMW, 7 Series,Semi-Auto,Diesel,2019.0,6249.0,145.0,42.2,3.0,47.0,0.0,46500
-522,AUDI, Q2,Semi-Auto,Diesel,2020.0,2142.0,145.0,44.8,2.0,57.0,1.0,30995
1351,Mercedes, GLE Class,Automatic,Diesel,2017.0,17022.0,,47.9,2.1,46.0,4.0,27645
3011,BMW, X5,Automatic,Diesel,2016.0,,205.0,47.1,3.0,67.0,1.0,28990
2728,Toyota, Aygo,Manual,Petrol,2009.0,28230.0,20.0,62.8,1.0,50.0,3.0,4050
1534,Audi, Q3,Manual,Diesel,2013.0,70000.0,145.0,54.3,2.0,56.0,3.0,9649
2395,Skoda, Yeti Outdoor,Semi-Auto,Petrol,2017.0,32443.0,145.0,,1.2,78.0,1.0,14750
415,Ford, Focus,Manual,Petrol,2018.0,2596.0,145.0,,1.0,36.0,0.0,16479
668,Mercedes, C Class,Automatic,Petrol,2018.0,23280.0,150.0,48.7,2.0,72.0,4.0,19000
-40,ford, Ka+,Manual,Petrol,2019.0,48.0,145.0,47.9,1.2,35.0,0.0,11950
869,Toyota, Aygo,Manual,Petrol,2015.0,16999.0,0.0,,1.0,37.0,0.0,6790
2416,Audi, Q7,Automatic,Diesel,2016.0,53801.0,200.0,47.9,3.0,65.0,2.0,25930
1183,Mercedes, C Class,Semi-Auto,Diesel,2013.0,77718.0,30.0,64.2,2.1,52.0,3.0,7495
135,BMW, 3 Series,Manual,Petrol,2017.0,41732.0,145.0,48.7,2.0,92.0,4.0,12750
-307,Ford, Kuga,Manual,Petrol,2019.0,6689.0,-45.78061048970173,35.3,1.5,98.0,2.0,19499
3360,BMW, 3 Series,Semi-Auto,Diesel,2019.0,4025.0,150.0,,3.0,55.0,0.0,38980
642,BMW, 2 Series,Semi-Auto,Petrol,2016.0,29139.0,205.0,39.8,3.0,57.0,2.0,19999
179,Audi, A1,Manual,Diesel,2015.0,40011.0,0.0,80.7,1.6,88.0,4.0,8990
1038,Ford, Fiesta,Manual,Petrol,2019.0,7942.0,145.0,56.5,1.0,86.0,,12698
443,Opel, Grandland X,Manual,Petrol,2019.0,19800.0,145.0,44.1,1.2,96.0,4.0,18495
746,Mercedes, C Class,Automatic,Petrol,2019.0,6902.0,,45.6,1.5,40.0,3.0,26500
1024,Opel, Corsa,Manual,Petrol,2015.0,29188.0,125.0,,1.4,86.0,0.0,7140
2827,Opel, Corsa,Automatic,Petrol,2017.0,6389.0,145.0,47.1,1.4,59.0,0.0,11420
1769,Ford, Ka+,Manual,Petrol,2018.0,11128.0,145.0,57.7,1.2,78.0,0.0,8311
977,Ford, Fiesta,Manual,Petrol,2015.0,12647.0,0.0,,1.0,,0.0,8295
3790,Opel, Astra,Manual,Petrol,2013.0,43341.0,165.0,44.8,1.6,64.0,3.0,5999
-242,Ford, Fiesta,unknown,Petrol,2006.0,63100.0,160.0,47.1,1.2,44.0,1.0,2395
1967,Ford, Fiesta,Manual,Petrol,2017.0,18342.0,150.0,65.7,1.0,,4.0,9500
3725,Mercedes, C Class,Semi-Auto,Diesel,2017.0,23257.0,145.0,61.4,2.1,80.0,2.0,18660
811,, Sharan,Semi-Auto,Diesel,2013.0,52311.0,165.0,49.6,2.0,36.0,3.0,12489
-479,VW, Golf,Automatic,Petrol,2019.0,8000.0,145.0,36.2,2.0,125.36650692319192,3.0,33450
734,Opel, Insignia,Manual,Diesel,2018.0,23149.0,145.0,64.2,1.6,85.0,1.0,12500
-89,Ope, crossland x,Manual,Petrol,2019.0,4964.0,145.0,47.9,1.2,86.0,2.0,16999
764,Ford, Ka+,Manual,Petrol,2019.0,4777.0,145.0,43.5,1.2,54.0,1.0,10795
3316,Ford, Focus,Manual,Petrol,2017.0,30564.0,145.0,58.9,1.0,66.0,4.0,11795
-210,Skoda, Superb,Semi-Auto,etrol,2018.0,15000.0,145.0,43.5,2.0,32.0,,12490
3624,Ford, Fiesta,Semi-Auto,Petrol,,40478.0,145.0,47.9,1.6,55.0,2.0,7570
1770,BMW, 2 Series,Automatic,Other,2017.0,32389.0,0.0,141.2,1.5,47.0,0.0,16000
3317,Audi, Q3,,Petrol,2016.0,14997.0,125.0,50.4,1.4,60.0,2.0,16150
2171,BMW, 1 Series,Manual,Diesel,2015.0,49096.0,20.0,68.9,2.0,99.0,2.0,9799
238,, Fiesta,Manual,Petrol,2017.0,6732.0,150.0,64.2,1.1,64.0,2.0,9750
29,VW, Up,Manual,Petrol,2019.0,3000.0,145.0,54.3,1.0,47.0,4.0,9990
2722,Hyundai, Ioniq,Automatic,Hybrid,2020.0,5395.0,135.0,62.8,1.6,89.0,4.0,20995
1818,Ford, Mondeo,Automatic,Hybrid,2019.0,12145.0,135.0,47.9,2.0,57.0,3.0,25400
2580,BMW, 1 Series,Semi-Auto,Petrol,2016.0,9097.0,200.0,39.8,3.0,92.0,2.0,23412
1515,Mercedes, SL CLASS,Semi-Auto,Petrol,2017.0,16000.0,145.0,47.1,2.0,36.0,0.0,21500
1892,Opel, Insignia,,Diesel,2019.0,19196.0,145.0,53.3,2.0,72.0,2.0,15995
79,Opel, Viv,Manual,Petrol,2017.0,19923.0,20.0,62.8,1.0,34.0,0.0,5520
1200,Audi, A3,Semi-Auto,Petrol,2019.0,9316.0,,38.2,2.0,77.0,3.0,26184
1402,Hyundai, I10,Semi-Auto,Petrol,2015.0,25445.0,165.0,45.6,1.2,36.0,1.0,6950
1057,Ford, Galaxy,Semi-Auto,Diesel,2017.0,40838.0,145.0,52.3,2.0,59.0,1.0,18000
2805,Mercedes, A Class,Semi-Auto,Petrol,2020.0,1000.0,,53.3,1.3,34.0,3.0,25729
-280,pel, Crossland X,Manual,Petrol,2017.0,31067.0,145.0,58.9,1.2,88.0,4.0,9498
1522,Ford, Mondeo,Manual,Petrol,2017.0,10520.0,145.0,48.7,1.5,59.0,0.0,15700
533,Mercedes, C Class,Manual,Diesel,2015.0,31125.0,20.0,70.6,2.1,59.0,4.0,13498
-439,BMW, 2 Series,MANUAL,Petrol,2016.0,37537.0,125.0,,1.5,49.0,3.0,11499
-166,Opel, Corsa,anual,Petrol,2013.0,51972.0,125.0,51.4,1.2,91.0,2.0,4999
1055,Audi, A3,Semi-Auto,Petrol,2016.0,32272.0,200.0,40.4,2.0,34.0,4.0,21483
1197,Opel, Mokka X,Manual,Petrol,2019.0,20536.0,145.0,39.2,1.4,94.0,4.0,12799
3535,Audi, A5,Automatic,Diesel,2019.0,95204.18167360188,145.0,46.3,2.0,49.0,3.0,25000
828,Opel, Mokka X,Manual,Petrol,2019.0,9526.0,145.0,39.2,1.4,36.0,2.0,12994
1684,BMW, X1,Automatic,Diesel,2012.0,47152.0,200.0,45.6,,59.0,0.0,9199
1726,Toyota, Aygo,Manual,Petrol,2017.0,17817.0,0.0,69.0,1.0,57.0,2.0,6290
2279,Toyota, Aygo,Manual,Petrol,2018.0,28809.0,150.0,69.0,1.0,73.0,4.0,6798
1615,VW, Polo,Manual,Petrol,2017.0,23655.0,145.0,60.1,1.2,69.0,2.0,9995
1717,Opel, Astra,Manual,Petrol,2017.0,24379.0,145.0,51.4,1.4,49.0,3.0,9998
1406,Toyota, Yaris,Manual,Petrol,2018.0,27365.0,145.0,58.9,1.5,96.0,0.0,10291
1803,Audi, A3,Manual,Petrol,2016.0,18021.0,30.0,60.1,1.4,92.0,2.0,15700
2700,Mercedes, E Class,Automatic,Diesel,2017.0,15474.0,,72.4,2.0,32.0,1.0,19950
1231,Opel, Zafira,Automatic,Diesel,2014.0,30000.0,165.0,49.6,2.0,74.0,4.0,9250
877,Audi, A6,Automatic,Diesel,2015.0,79197.0,20.0,67.3,2.0,88.0,4.0,13990
296,Ford, kuga,Semi-Auto,Diesel,2016.0,11221.0,145.0,54.3,2.0,36.0,1.0,17698
3338,Ford, Fiesta,Manual,Petrol,2018.0,10970.0,145.0,58.9,1.0,86.0,1.0,10998
12,VW, Polo,Manual,Petrol,2016.0,14064.0,20.0,60.1,1.2,50.0,0.0,10499
3258,VW, Tiguan,Semi-Auto,Diesel,2017.0,52286.0,145.0,49.6,2.0,74.0,0.0,20981
567,Mercedes, C Class,Semi-Auto,Diesel,2017.0,28480.0,30.0,64.2,1.6,46.0,1.0,18499
893,Opel, Corsa,Manual,Petrol,2019.0,100.0,145.0,43.5,1.4,86.0,4.0,9990
2650,Audi, A4,Manual,Petrol,2017.0,22309.0,150.0,51.4,1.4,69.0,4.0,18101
879,BMW, 1 Series,Manual,Petrol,2016.0,41718.0,125.0,53.3,1.5,41.0,2.0,10690
-428,Toyota, Aygo,MANUAL,Petrol,2019.0,5000.0,145.0,56.5,1.0,69.0,0.0,9850
3929,Ford, EcoSport,Automatic,Petrol,2019.0,1080.0,145.0,44.1,1.0,98.0,2.0,17800
1362,Mercedes, glc class,Semi-Auto,Diesel,2017.0,15462.0,145.0,56.5,2.1,37.0,2.0,28980
-562,Ford, Focus,manual,Diesel,2017.0,16222.0,145.0,67.3,2.0,31.0,4.0,16899
1196,Ford, C-MAX,Manual,Petrol,2017.0,30557.0,160.0,44.1,1.6,80.0,1.0,9050
-516,Skoda, Octavia,Automati,Diesel,2019.0,702.0,150.0,67.3,2.0,34.0,0.0,18999
376,VW, Polo,Manual,Petrol,2019.0,19536.0,145.0,48.7,1.0,99.0,2.0,12140
2631,BMW, 2 Series,Semi-Auto,Petrol,2019.0,3748.0,145.0,47.9,2.0,92.0,0.0,21995
3649,Ford, Fiesta,Manual,Petrol,,11521.0,145.0,64.2,1.1,55.0,2.0,8900
1487,VW, Shuttle,Semi-Auto,Diesel,2019.0,8605.0,,32.8,2.0,66.0,0.0,29730
2249,VW,Passat,Manual,Diesel,2016.0,47839.0,20.0,68.9,2.0,1.7694736373257314,0.0,11300
-28,Mercedes, C Class,Semi-Aut,Diesel,2019.0,6750.0,,,2.0,88.0,4.0,31149
2439,Toyota, Yaris,Automatic,Hybrid,2017.0,7469.0,,76.3,1.5,43.0,2.0,13498
-600,BMW, 2 Series,Manual,etrol,2019.0,1000.0,145.0,52.3,1.5,71.0,4.0,20980
705,BMW, 2 Series,Semi-Auto,Diesel,2020.0,100.0,,49.6,2.0,63.0,2.0,35250
2083,Ford, Mustang,Automatic,Petrol,2017.0,24000.0,150.0,23.5,5.0,39.0,4.0,29980
2227,BMW, 1 Series,Automatic,Petrol,2019.0,7381.0,145.0,34.5,2.0,35.0,3.0,30700
2078,Hyundai, I30,Manual,Petrol,2018.0,8265.0,145.0,52.3,1.4,46.0,1.0,14000
2518,Ford, Fiesta,Manual,Petrol,2017.0,18077.0,145.0,62.8,1.0,77.0,0.0,10499
2648,Hyundai, Kona,Automatic,Hybrid,2020.0,7000.0,135.0,52.3,1.6,55.0,0.0,15399
1052,Ford, Focus,Manual,Diesel,2017.0,36789.0,0.0,,1.5,93.0,4.0,10050
3554,VW, Polo,Semi-Auto,Petrol,2019.0,3624.0,145.0,39.8,2.0,32.0,1.0,18991
151,BMW, 3 Series,Manual,Diesel,2018.0,38631.0,,62.8,2.0,58.0,3.0,15490
3937,Mercedes, GLA Class,Automatic,Petrol,2019.0,3099.0,145.0,35.8,3.723712168624484,76.0,2.0,30000
633,Opel, Astra,Automatic,Petrol,2014.0,17600.0,240.0,39.8,1.6,80.0,0.0,8495
2980,Toyota, Aygo,Manual,Petrol,2018.0,19558.0,,,1.0,84.0,0.0,8495
3924,Audi, A3,Semi-Auto,Petrol,2019.0,5000.0,145.0,39.2,2.0,77.0,4.0,26950
2748,Hyundai, Tucson,Manual,Petrol,2017.0,25053.0,,38.7,1.6,42.0,4.0,15390
2135,BMW, M4,Semi-Auto,Petrol,2019.0,1501.0,145.0,32.5,3.0,57.0,4.0,46000
3528,Opel, Corsa,Manual,Petrol,2017.0,25646.0,,81.56893960820311,1.4,87.0,1.0,6999
3595,Opel, Mokka,Manual,Petrol,2016.0,8638.0,200.0,40.9,,34.0,4.0,9999
3049,Audi, A4,Automatic,Diesel,2016.0,120470.0,30.0,61.4,2.0,61.0,1.0,12795
1833,Opel, Insignia,Manual,Diesel,2016.0,20184.0,0.0,74.3,1.6,98.0,0.0,8688
3646,VW, Polo,Manual,Petrol,2016.0,29549.0,20.0,60.1,1.0,47.0,1.0,7875
3814,Opel, Corsa,Manual,Petrol,2017.0,7472.0,30.0,54.3,1.4,82.0,3.0,9999
807,VW, Polo,Manual,Petrol,2016.0,21280.0,20.0,60.1,1.2,47.0,4.0,9190
-204,VW, Up,Manual,etrol,2017.0,18581.0,145.0,64.2,1.0,77.0,3.0,6745
3887,VW, Golf,Manual,Petrol,2013.0,47941.0,,58.9,2.9857934392613865,68.0,3.0,10990
2602,Mercedes, E Class,Semi-Auto,Diesel,2016.0,25837.0,145.0,53.3,3.0,64.0,2.0,20480
534,, Focus,Manual,Diesel,2018.0,12898.0,145.0,74.3,1.5,73.0,4.0,16000
-445,V, Pol,Manual,Petrol,2017.0,9500.0,145.0,61.4,1.4,75.0,1.0,12599
230,Opel, Mokka,Manual,Diesel,2015.0,48244.0,,68.9,1.6,67.0,4.0,8150
-305,Ford, Fiesta,Manual,petrol,2017.0,17766.0,145.0,65.7,1.0,59.0,4.0,11495
2042,BMW, 4 Series,Automatic,Diesel,2017.0,63197.0,160.0,,3.0,36.0,0.0,18000
-438,Audi, A3,Manual,Diese,2016.0,37235.0,-60.68409479537365,74.3,1.6,69.0,0.0,11000
-547,Ford, EcoSport,Manual,Petrol,2023.1169636020995,8480.0,145.0,53.3,1.0,65.0,0.0,14950
-256,Ope, Corsa,,Petrol,2018.0,6794.0,145.0,55.4,1.4,94.0,2.0,7999
2302,Skoda,Octavia,Automatic,Diesel,2017.0,36751.0,,57.7,2.0,86.0,3.0,16800
2638,Ford, Focus,Manual,Petrol,2019.0,20893.0,150.0,60.1,1.0,87.0,0.0,14400
2789,Opel, Astra,Manual,Diesel,2016.0,26592.0,20.0,72.4,1.6,94.0,2.0,8903
-164,Ford, Focus,anual,Diesel,2016.0,22220.0,0.0,74.3,1.5,34.0,2.0,11795
842,Ford, Focus,Manual,Petrol,2019.0,5600.0,145.0,,1.0,97.0,1.0,15495
944,Opel, mokka x,Manual,Petrol,2018.0,83688.65539191502,145.0,47.1,1.4,84.0,1.0,11245
596,VW, Golf,Manual,Petrol,2018.0,11380.0,145.0,37.7,2.0,37.0,4.0,21747
486,Ford, B-MAX,Manual,Diesel,2013.0,42996.0,20.0,70.6,1.6,99.0,2.0,5995
2684,BMW, X1,Semi-Auto,Petrol,2019.0,2701.0,150.0,39.8,2.0,40.0,1.0,29995
354,Opel, Adam,Manual,Petrol,2015.0,8500.0,125.0,53.3,1.2,97.0,0.0,7995
-76,koda, Yeti Outdoor,unknown,Petrol,2017.0,27800.0,125.0,51.4,,98.0,3.0,12995
3733,Toyota, Yaris,Manual,Petrol,2018.0,18610.0,150.0,56.5,1.5,42.0,3.0,11885
3076,Ford, C-MAX,Automatic,Diesel,2016.0,82584.13442011928,20.0,64.2,1.5,62.0,2.0,11497
-16,pel, Astra,Automatic,Petrol,2017.0,20000.0,125.0,50.4,1.4,47.0,1.0,11990
2661,VW, Up,Manual,Petrol,2020.0,5000.0,145.0,54.3,1.0,85.0,2.0,10815
-334,mercedes, C Class,Automatic,Diesel,2019.0,1000.0,,,2.0,90.0,0.0,32069
2578,VW, Touran,Semi-Auto,Diesel,2018.0,,145.0,49.6,1.6,66.0,4.0,19690
1721,Opel, Corsa,Manual,Petrol,2015.0,18009.0,30.0,55.4,1.4,61.0,2.0,6998
-230,VW, CC,Semi-Auto,Diese,2014.0,46961.0,145.0,53.3,2.0,81.0,2.0,10298
3238,Opel, Astra,Automatic,Diesel,2017.0,19728.0,125.0,61.4,1.6,60.0,2.0,10799
2673,VW, Polo,Semi-Auto,Petrol,2019.0,3487.0,150.0,,1.0,68.0,4.0,17495
731,VW, Touareg,Semi-Auto,Diesel,2016.0,31713.0,240.0,42.8,3.0,87.0,0.0,21995
157,Toyota, AYGO,Manual,Petrol,2017.0,31877.0,0.0,69.0,1.0,95.0,4.0,6450
-131,Ford, Focus,Manual,PETROL,2018.0,36347.0,,,1.0,48.0,0.0,10189
465,BMW, M3,Semi-Auto,Petrol,2017.0,21431.0,150.0,34.0,3.0,97.0,2.0,37970
829,Hyundai, I10,Automatic,Petrol,2017.0,12455.0,150.0,47.9,1.2,38.0,4.0,10999
843,Mercedes, S Class,Semi-Auto,Diesel,2016.0,31210.0,200.0,47.9,3.0,31.0,2.0,28980
-106,Mercedes, C Class,Semi-Auto,Diesel,2011.2108534904105,22557.0,30.0,62.8,2.1,50.0,3.0,18750
2174,Audi, Q3,Semi-Auto,Diesel,2017.0,17787.0,150.0,53.3,2.0,53.0,2.0,20690
2907,Mercedes, A Class,Automatic,Petrol,2017.0,1755.0,145.0,24.8,4.0,76.0,1.0,109495
881,Toyota, C-HR,Automatic,Hybrid,2017.0,27893.0,135.0,74.3,1.8,62.0,2.0,19298
2555,Audi, Q2,Semi-Auto,Petrol,2019.0,3934.0,145.0,33.2,2.0,49.0,1.0,31500
-597,OPEL, Zafira,Manual,Petrol,2017.0,17804.0,200.0,41.5,1.4,32.0,3.0,10995
3096,Audi, A1,Manual,Petrol,2016.0,20905.0,30.0,56.5,1.4,48.0,0.0,14495
1018,VW, Golf,Semi-Auto,Diesel,2016.0,43086.0,30.0,62.8,2.0,57.0,4.0,15698
2696,Ford, Focus,Automatic,Petrol,2019.0,2314.0,145.0,39.2,1.5,38.0,0.0,21350
3131,Audi, A1,Manual,Diesel,2018.0,37074.0,145.0,,1.6,77.0,0.0,12495
2669,Toyota, Yaris,Manual,Petrol,2018.0,10525.0,145.0,58.9,1.5,86.0,0.0,10298
471,Mercedes,C Class,Automatic,Diesel,2018.0,34008.0,145.0,61.4,2.1,75.0,2.0,19999
315,Opel, Mokka X,Manual,Petrol,2019.0,12051.0,145.0,,1.4,53.0,2.0,12998
1102,Opel, Crossland X,Manual,Petrol,2018.0,10127.0,145.0,47.1,1.2,45.0,0.0,12995
787,Audi, A4,Semi-Auto,Diesel,2017.0,70500.0,20.0,72.4,2.0,81.0,4.0,14485
2750,BMW,,Semi-Auto,Diesel,2017.0,31508.0,150.0,62.8,2.0,92.0,2.0,19450
109,Audi, RS6,Automatic,,2016.0,,,29.4,4.0,84.0,4.0,47490
2384,Mercedes, A Class,Semi-Auto,Petrol,2017.0,20675.0,30.0,55.4,1.6,44.0,0.0,14495
1413,VW, Golf,Semi-Auto,Petrol,2019.0,9102.0,145.0,36.2,2.0,91.0,4.0,28991
-499,udi, Q3,Manual,Diesel,2016.0,29777.0,160.0,49.6,2.0,39.0,1.0,18900
1730,VW, Polo,Manual,Petrol,2017.0,12730.0,150.0,60.1,1.0,33.0,1.0,10990
1694,Ford, Mondeo,Manual,Diesel,2017.0,30911.0,145.0,,1.5,74.0,1.0,12495
51,, Kona,Manual,Petrol,2019.0,3624.0,145.0,,1.0,77.0,0.0,17622
-344,ford, Focus,Automatic,Petrol,2017.0,20928.0,,,1.0,98.0,3.0,11399
2441,Skoda, Yeti Outdoor,Manual,Petrol,2017.0,25981.0,145.0,51.4,1.2,47.0,1.0,12495
3612,Opel, Insignia,Manual,Petrol,2017.0,55946.0,145.0,46.3,1.5,99.0,4.0,11499
233,Mercedes, e class,Semi-Auto,Diesel,2019.0,11096.0,145.0,46.3,3.0,73.0,1.0,36995
2498,Audi, A6,Semi-Auto,Diesel,2019.0,6314.0,150.0,50.4,2.0,99.0,4.0,27900
3606,Audi, Q5,Semi-Auto,Petrol,2017.0,17506.0,145.0,,2.0,75.0,0.0,31252
-102,vw, Golf,Manual,Diesel,2010.0,164000.0,145.0,58.9,2.0,64.0,2.0,3295
2451,BMW, 1 Series,Automatic,Diesel,2019.0,123.0,145.0,51.4,2.0,36.0,3.0,28000
2232,Toyota, Yaris,Manual,Petrol,2019.0,5153.0,145.0,,1.5,69.0,0.0,13400
907,Opel, Mokka X,Manual,Petrol,2017.0,16595.0,200.0,42.2,1.6,70.0,3.0,10199
2189,BMW, 1 SERIES,Automatic,Diesel,2019.0,5444.0,145.0,51.4,2.0,32.0,4.0,26989
1545,Audi, A4,Semi-Auto,Petrol,2020.0,3500.0,145.0,38.2,2.0,65.0,3.0,32850
1862,Ford, Grand C-MAX,Semi-Auto,Diesel,,51250.0,160.0,48.7,2.0,48.0,3.0,9795
3398,Toyota, Yaris,Manual,Petrol,2018.0,18946.0,145.0,58.9,1.5,90.0,2.0,10721
132,Mercedes, B Class,Semi-Auto,Diesel,2017.0,21306.0,145.0,68.9,2.1,70.0,3.0,15998
3145,Ford, Kuga,Manual,Diesel,2017.0,11744.0,30.0,64.2,1.5,73.0,2.0,13600
-577,or, Focus,Manual,Petrol,2017.0,14662.0,145.0,60.1,1.0,72.0,3.0,11999
120,Opel, Corsa,Manual,Petrol,2014.0,8259.0,125.0,51.4,1.2,58.0,4.0,6995
3836,Opel, Corsa,Manual,Petrol,2019.0,9260.0,150.0,43.5,1.4,41.0,1.0,10498
2323,BMW, 1 Series,Manual,Diesel,2017.0,37842.0,,,2.0,84.0,4.0,12000
1222,BMW, 4 series,Automatic,Diesel,2016.0,41553.0,160.0,,3.0,45.0,2.0,19500
3699,Ford, Tourneo Connect,Manual,Petrol,2017.0,16310.0,125.0,50.4,1.0,31.0,1.0,10998
598,Opel, Corsa,Manual,Petrol,2019.0,5.0,145.0,43.5,1.4,80.0,,11695
3159,Opel, Zafira,Manual,Petrol,2017.0,10883.0,200.0,42.2,1.4,44.0,0.0,12000
134,Opel, Adam,Manual,Petrol,2016.0,22241.0,30.0,57.6,1.0,97.0,2.0,8900
3065,Toyota, RAV4,Automatic,Hybrid,2016.0,40049.0,20.0,57.6,2.5,98.0,4.0,18490
2932,VW, Up,Manual,Petrol,2017.0,26718.0,20.0,64.2,1.0,41.0,2.0,6962
798,Opel, Astra,Manual,Diesel,2019.0,5009.0,145.0,58.9,1.6,81.0,2.0,16990
1536,Ford, Focus,Manual,Diesel,2017.0,29300.0,0.0,74.3,1.5,49.0,1.0,10491
2344,Skoda, Kodiaq,Automatic,Diesel,2019.0,20.0,145.0,46.3,2.0,35.0,3.0,24999
2665,Toyota, Yaris,Manual,Petrol,2016.0,21020.0,30.0,58.0,2.781776206784307,64.0,4.0,7970
3052,Toyota, Aygo,Manual,Petrol,2018.0,33857.0,145.0,69.0,1.0,35.0,0.0,6000
2743,Audi,,Manual,Petrol,2014.0,51390.0,125.0,53.3,1.4,42.0,1.0,9490
2077,Ford, Fiesta,Manual,Petrol,2017.0,17042.0,0.0,65.7,1.0,54.0,2.0,9077
17,Ford, Mustang,Semi-Auto,Petrol,2018.0,28915.0,145.0,,5.0,35.0,2.0,31991
2276,Toyota, RAV,Manual,Diesel,2017.0,20125.0,125.0,60.1,2.0,70.0,1.0,14995
2085,Audi, Q2,Manual,Diesel,2018.0,7020.0,150.0,,1.6,74.0,3.0,17599
3361,Audi, A6,Manual,Diesel,2016.0,57572.0,30.0,61.4,2.0,56.0,0.0,13490
2429,BMW, 3 Series,Semi-Auto,Diesel,2019.0,6250.0,145.0,43.5,3.0,75.0,2.0,40980
718,Mercedes, S Class,Semi-Auto,Diesel,2019.0,6675.0,145.0,48.7,3.0,93.0,4.0,60849
1598,Mercedes, GLC Class,Automatic,Diesel,2016.0,50043.0,125.0,56.5,2.1,55.0,4.0,19300
1514,Mercedes, E Class,Automatic,Diesel,2017.0,26928.0,145.0,,2.0,88.0,0.0,21142
2543,VW, Passat,Semi-Auto,Diesel,2019.0,14990.0,145.0,51.4,2.0,30.0,0.0,18790
122,Opel,Mokka,Manual,Petrol,2016.0,26066.0,165.0,44.8,1.4,82.0,0.0,9499
2401,Mercedes, M Class,Semi-Auto,Diesel,2015.0,38644.0,200.0,39.2,2.1,84.0,2.0,21698
414,Opel, Mokka,Manual,Petrol,2014.0,52888.0,205.0,43.5,1.6,71.0,4.0,7000
776,Hyundai, IX20,Manual,Petrol,2017.0,12836.0,145.0,50.4,1.4,65.0,,9490
3821,BMW, X6,Semi-Auto,Diesel,2019.0,3371.0,145.0,,3.0,86.0,3.0,58990
478,Toyota, Avensis,Manual,Diesel,2016.0,40889.0,20.0,67.3,1.6,65.0,2.0,11495
3264,Audi, A4,Automatic,Diesel,2019.0,5432.0,145.0,50.4,2.0,70.0,0.0,25999
497,VW, Polo,Semi-Auto,Petrol,2019.0,1396.0,145.0,39.8,2.0,43.0,4.0,20990
1258,Toyota, Yaris,Automatic,Hybrid,2015.0,40185.0,0.0,14.497146319970554,1.5,80.0,2.0,10890
1158,VW, Passat,Automatic,Diesel,2016.0,18151.0,,53.3,2.0,80.0,0.0,17490
3837,Skoda, Octavia,Manual,Petrol,2017.0,25037.0,20.0,62.8,1.0,79.0,3.0,9350
2617,Opel, Corsa,Manual,Petrol,2017.0,33049.0,30.0,55.4,1.4,96.0,3.0,6490
-340,Hyundai, IX35,unknown,Diesel,2015.0,44705.0,265.0,41.5,2.0,46.0,0.0,10995
2207,Mercedes, S Class,Semi-Auto,Petrol,2019.0,119.0,326.028233171514,40.9,3.0,40.0,3.0,64999
2004,VW, T-Roc,Manual,Diesel,2019.0,6000.0,145.0,50.4,1.6,91.0,0.0,18990
1738,Audi, A4,Automatic,Diesel,2019.0,8547.0,145.0,50.4,2.0,94.0,3.0,25990
721,Mercedes, A Class,Semi-Auto,Petrol,2020.0,1000.0,145.0,53.3,1.3,91.0,0.0,25879
1123,Skoda, Yeti Outdoor,Semi-Auto,Petrol,2017.0,16667.0,125.0,51.4,1.2,60.0,1.0,14997
1666,Skoda, Fabia,Manual,Petrol,2019.0,10232.0,145.0,61.4,1.0,84.0,4.0,10495
3308,Mercedes, E Class,,Diesel,2019.0,13304.0,145.0,72.4,2.0,97.0,2.0,26499
-295,VW, Touareg,Automatic,Diese,2017.0,47000.0,235.0,42.8,3.0,46.0,1.0,21990
2211,BMW, 1 Series,Manual,Diesel,2016.0,37025.0,0.0,83.1,,33.0,2.0,10799
274,BMW, X1,Semi-Auto,Petrol,2019.0,9697.0,145.0,39.8,1.5,77.0,4.0,24712
3866,Opel,,Manual,Petrol,2019.0,13534.0,145.0,43.5,1.4,82.0,0.0,8690
3470,Toyota, Auris,Automatic,Hybrid,2016.0,56680.0,0.0,70.6,1.8,69.0,4.0,12500
387,Ford, Edge,Manual,Diesel,2017.0,17200.0,205.0,47.9,2.0,55.0,3.0,21180
3533,Hyundai, Kona,Manual,Petrol,2019.0,3475.0,,44.1,1.0,74.0,1.0,14995
93,VW, passat,Manual,Diesel,2017.0,,145.0,68.9,2.0,88.0,4.0,13750
945,VW, Tiguan,Semi-Auto,Diesel,2018.0,20692.0,,57.6,2.0,42.0,2.0,22990
-401,For, Focu,Manual,Petrol,2017.0,21791.0,,,1.0,74.0,0.0,11900
-292,ord, Focus,Manual,Petrol,2015.0,61491.0,20.0,60.1,1.0,74.0,2.0,7899
3139,BMW, 4 Series,Manual,Petrol,2019.0,8129.0,145.0,46.3,2.0,38.0,1.0,24888
2572,Skoda, Octavia,Manual,Diesel,2018.0,22018.0,,68.9,1.6,73.0,0.0,13750
1983,VW, T-Cross,Manual,Petrol,2019.0,1000.0,150.0,48.7,1.0,44.0,4.0,17465
3194,VW, Passat,Semi-Auto,Diesel,2013.0,71249.0,150.0,54.3,2.0,77.0,3.0,7999
-441,Mercede, C Class,Automatic,Diesel,2013.0,23790.0,145.0,53.3,2.1,97.0,2.0,12699
3671,Audi, Q3,Manual,Petrol,2019.0,3000.0,145.0,40.9,1.5,97.0,,24990
3403,Ford, Fiesta,Manual,Petrol,2016.0,58740.0,0.0,65.7,1.0,92.0,4.0,6630
298,Opel, Crossland X,,Diesel,2019.0,3245.0,145.0,60.1,1.5,83.0,1.0,13119
833,BMW, X5,Semi-Auto,Petrol,2015.0,22103.0,570.0,25.4,4.4,88.0,1.0,44814
3035,BMW, 2 Series,Manual,,2016.0,79460.0,20.0,68.9,2.0,59.0,3.0,8500
3435,VW, Golf,Manual,Petrol,2014.0,24554.0,205.0,39.8,2.0,44.0,2.0,17981
2333,Ford, Edge,,Diesel,2018.0,13712.0,145.0,47.9,2.0,50.0,3.0,23740
3575,Toyota, Prius,Automatic,Hybrid,2016.0,21184.0,0.0,94.1,1.8,66.0,0.0,19390
2155,Opel, Astra,Manual,Diesel,2015.0,55645.0,0.0,76.3,1.6,85.0,1.0,6131
1164,VW, Scirocco,Manual,Diesel,2015.0,51144.0,20.0,,2.0,81.0,2.0,10975
1902,Hyundai, I10,Manual,Petrol,2016.0,23789.0,20.0,60.1,1.0,55.0,4.0,6499
555,BMW, 6 Series,Automatic,Diesel,2016.0,43525.0,160.0,51.4,0.3134065828348564,72.0,2.0,19916
691,Opel, Agila,Manual,Petrol,2015.0,60000.0,30.0,55.4,1.2,65.0,1.0,4695
759,VW, Pol,Manual,Petrol,2019.0,4250.0,145.0,49.6,1.0,52.0,4.0,16995
3319,Opel, Zafira,Automatic,Diesel,2015.0,10234.0,200.0,46.3,2.0,62.0,2.0,10797
561,Ford, Focus,Semi-Auto,Petrol,2015.0,36000.0,165.0,44.8,1.6,49.0,1.0,8495
1056,Mercedes,C Class,Automatic,Diesel,2017.0,13973.0,145.0,54.3,2.1,,0.0,23980
3961,Skoda, Fabia,Manual,Petrol,2016.0,22150.0,20.0,60.1,1.2,58.0,1.0,7790
2080,Opel, Crossland X,Manual,Petrol,2018.0,24003.0,145.0,44.8,1.2,99.0,1.0,9990
3259,BMW, 1 Series,Automatic,Diesel,2019.0,9516.0,145.0,48.7,2.0,38.0,4.0,31200
2159,Skoda, Superb,Manual,Diesel,2018.0,21322.0,145.0,64.2,2.0,78.0,3.0,15995
3425,Mercedes, C Class,Automatic,Diesel,2019.0,10454.0,145.0,64.2,2.0,39.0,1.0,25890
964,Audi, A3,Manual,Petrol,2018.0,23611.0,145.0,60.1,1.0,78.0,3.0,18500
-107,Mercedes, GLE Class,Automatic,Diesel,2011.2108534904105,50964.0,150.0,47.9,2.1,31.0,2.0,26800
1420,Audi, Q3,Semi-Auto,Diesel,2019.0,6249.0,145.0,38.7,2.0,94.0,4.0,29444
1261,Toyota, Aygo,Manual,Petrol,2017.0,12111.0,145.0,68.9,1.0,68.0,0.0,7845
2312,VW, Tiguan,Manual,Diesel,2016.0,29866.0,125.0,58.9,2.0,90.0,0.0,20991
177,Ford, Fiesta,Manual,Petrol,2016.0,24300.0,145.0,47.9,1.6,61.0,1.0,11499
3810,Skoda, Citigo,Manual,Petrol,2017.0,20179.0,150.0,68.9,1.0,34.0,0.0,6995
-444,BMW, X2,Automatic,Petrol,2019.0,123.0,145.0,38.7,2.0,87.0,-2.3122595321748447,26972
3352,Opel, Mokka X,Manual,Petrol,2016.0,46340.0,150.0,47.1,1.4,96.0,0.0,8995
3174,Mercedes, E Class,Semi-Auto,Petrol,2018.0,11999.0,,32.8,3.0,95.0,4.0,39495
144,Ford, mondeo,Automatic,Petrol,2018.0,3570.0,145.0,,1.5,66.0,,17999
2380,BMW, X,Automatic,Diesel,2019.0,15.0,145.0,37.7,3.0,62.0,2.0,54991
175,Opel, Corsa,Manual,Petrol,2017.0,26776.0,30.0,,1.4,63.0,2.0,7798
582,Toyota, Aygo,Manual,Petrol,,32001.0,0.0,65.7,1.0,84.0,3.0,3999
287,BMW, 4 Series,Semi-Auto,Diesel,2019.0,101.0,145.0,65.7,2.0,76.0,1.0,26940
2456,Ford, focus,Manual,Diesel,2017.0,38590.0,145.0,74.3,1.5,80.0,0.0,11599
45,Skoda, Yeti Outdoor,Manual,Diesel,2017.0,21803.0,,62.8,2.0,46.0,4.0,12789
2346,Hyundai, I10,Manual,,2015.0,19645.0,30.0,57.6,1.2,56.0,3.0,6190
1616,, Aygo,,Petrol,2019.0,157.0,145.0,56.5,1.0,78.0,3.0,9795
3434,Opel,,Manual,Petrol,2014.0,36801.0,125.0,51.4,1.4,45.0,3.0,4998
-7,ope, Adam,,Petro,2019.0,5034.0,150.0,44.8,1.2,64.0,0.0,9850
468,Audi, Q5,Semi-Auto,Petrol,2019.0,5152.0,145.0,32.1,2.0,66.0,2.0,35945
1877,VW, Tiguan,Manual,Diesel,2017.0,19545.0,,58.9,2.0,96.0,0.0,18700
2934,Opel, Mokka X,Manual,Petrol,2018.0,34024.0,,39.2,1.4,40.0,4.0,11985
1270,Mercedes, V Class,Automatic,Diesel,,7833.0,145.0,45.6,2.2,72.0,4.0,35699
1455,Audi, A3,Manual,Diesel,2017.0,25457.0,150.0,68.9,1.6,43.0,4.0,13400
3586,Ford, Fiesta,Manual,Petrol,2016.0,33056.0,125.0,54.3,1.2,52.0,0.0,7580
889,Audi, A5,Automatic,Diesel,2017.0,24193.0,,62.8,2.0,52.0,4.0,23830
2029,Ford, Kuga,Manual,Diesel,2018.0,13900.0,,60.1,2.0,93.0,4.0,16499
1580,Toyota, PROACE VERSO,Automatic,Diesel,2019.0,50.0,145.0,38.7,2.0,30.0,0.0,27998
3711,Hyundai, Ioniq,Automatic,Hybrid,,37125.0,135.0,78.5,1.6,80.0,2.0,13789
1957,Mercedes, A CLASS,Semi-Auto,Petrol,2018.0,15316.0,145.0,49.6,1.6,72.0,0.0,17498
1032,BMW, 3 Series,Automatic,Diesel,2019.0,4404.0,145.0,50.4,2.0,90.0,2.0,30690
-39,Audi, Q7,Semi-Auto,diesel,2019.0,3988.0,145.0,32.8,3.0,34.0,1.0,51990
2634,Opel, Astra,Manual,Petrol,2018.0,17044.0,150.0,51.4,1.4,70.0,0.0,11299
2483,Toyota, Aygo,Manual,Petrol,2018.0,10125.0,150.0,68.9,0.1628659545028228,30.0,,8490
1392,Hyundai, I20,Manual,Petrol,2016.0,27918.0,0.0,65.7,1.0,86.0,2.0,7698
149,Toyota, Yaris,Automatic,Hybrid,2018.0,16921.0,135.0,76.3,1.5,59.0,1.0,13252
3288,Mercedes, C Class,Semi-Auto,Diesel,2015.0,24923.0,30.0,64.2,2.1,51.0,4.0,17636
657,Skoda, Kodiaq,Automatic,Petrol,2019.0,15136.0,145.0,34.0,1.5,89.0,2.0,22990
429,VW, Tiguan,Manual,Petrol,2019.0,8138.0,145.0,38.2,1.5,69.0,3.0,22490
594,, Hilux,Automatic,Diesel,2018.0,22919.0,260.0,36.2,2.4,30.0,3.0,22445
3664,BMW, 2 Series,Semi-Auto,Diesel,2020.0,5000.0,145.0,48.7,2.0,64.0,4.0,29999
1330,Ford, Fiesta,Semi-Auto,Petrol,2017.0,5863.0,0.0,57.7,1.0,91.0,0.0,11998
1051,Ford, EcoSport,Manual,Petrol,2017.0,32465.0,125.0,53.3,1.0,89.0,3.0,9998
-197,Audi, A5,Manua,Diesel,2014.0,78812.0,30.0,61.4,2.0,59.0,0.0,10990
2559,Audi, A6,Semi-Auto,Diesel,2017.0,26494.0,150.0,45.6,3.0,87.0,3.0,28500
915,VW, Golf,Manual,Diesel,2019.0,10600.0,145.0,57.7,1.6,70.0,3.0,14950
3214,Opel, Astra,Manual,Diesel,2016.0,29468.0,20.0,72.4,1.6,38.0,1.0,8990
3673,Ford, Fiest,Manual,Petrol,2018.0,7380.0,145.0,55.4,1.0,90.0,2.0,13995
-333,Audi, A4,Manual,Diesel,2017.0,29063.0,145.0,70.6,2.0,125.30194543254365,1.0,16000
3835,VW, Golf,Semi-Auto,Diesel,2019.0,10040.0,150.0,52.3,2.0,48.0,3.0,20290
2131,Mercedes, C CLASS,Semi-Auto,Diesel,,33532.0,30.0,64.2,2.1,46.0,2.0,17841
584,VW, Polo,Semi-Auto,Petrol,2016.0,33565.0,20.0,60.1,1.2,58.0,4.0,9995
-310,VW, Tiguan,Manual,iesel,2017.0,93450.0,125.0,58.9,2.0,49.0,2.0,12795
-571,Hyundai, I10,Manual,Petrol,2011.111188418926,41650.0,20.0,60.1,1.0,46.0,2.0,6149
-498,Hyundai, Tucson,Semi-Auto,Diesel,2019.0,12.0,-31.91494465606206,46.3,1.6,45.0,3.0,26995
3592,Skoda, Octavia,Automatic,Diesel,2015.0,74933.0,125.0,60.1,2.0,83.0,4.0,11030
322,Ford, Kuga,Manual,Diesel,2017.0,32523.0,145.0,,2.0,33.0,2.0,15499
1488,BMW, 1 Series,Manual,Diesel,2016.0,49782.0,0.0,78.5,1.5,80.0,1.0,9995
2114,, SLK,,Petrol,2008.0,65000.0,290.0,34.4,1.8,65.0,1.0,6775
308,VW, Polo,Manual,Petrol,2015.0,40453.0,20.0,,1.2,32.0,3.0,8495
1146,Mercedes, C Class,Semi-Auto,Diesel,2018.0,19302.0,145.0,61.4,2.1,54.0,3.0,22199
472,Ford, Focus,Automatic,Petrol,2013.0,35850.0,165.0,44.1,1.6,93.0,2.0,6995
-456,V, Golf,Automatic,Petrol,2019.0,1494.0,145.0,45.6,1.0,65.0,2.0,17749
2223,VW, Tiguan,Manual,Petrol,2018.0,22000.0,150.0,46.3,1.4,92.0,4.0,18490
1119,Opel, Astra,Manual,Petrol,2016.0,45877.0,20.0,64.2,1.0,55.0,1.0,8498
3289,Ford, Fiesta,Manual,Petrol,2018.0,7000.0,,40.3,1.5,32.0,0.0,16991
2170,Skoda, Fabia,Manual,Petrol,2017.0,37469.0,20.0,60.1,1.0,96.0,3.0,5990
3521,Ford, Fiesta,Manual,Petrol,2016.0,50640.0,20.0,62.8,1.0,74.0,0.0,9995
19,Ford, Focus,Manual,Petrol,2019.0,8508.0,145.0,58.9,1.0,82.0,2.0,14450
1919,Ford, Kug,Automatic,Petrol,2019.0,13463.0,145.0,31.0,1.5,65.0,4.0,16495
1937,VW, Golf,Manual,Petrol,2019.0,2899.0,145.0,47.1,1.5,84.0,4.0,17490
-574,Opel, Astra,automatic,Petrol,2019.0,3978.0,145.0,51.4,1.4,37.0,1.0,13700
1129,Opel, Mokka X,Manual,Petrol,2019.0,6500.0,145.0,39.2,1.4,49.0,1.0,12995
438,VW, Polo,Manual,Petrol,2017.0,17602.0,303.1488914624556,60.1,1.0,92.0,0.0,8998
3607,Audi, A4,Automatic,Diesel,2019.0,2798.0,145.0,44.8,2.0,81.0,2.0,29991
693,Opel, Corsa,Manual,Petrol,2015.0,24277.0,,,1.0,56.0,1.0,7295
-314,Audi, A3,SEMI-AUTO,Petrol,2013.0,30973.0,125.0,50.4,,97.0,4.0,13930
2788,Toyota, RAV4,Automatic,Diesel,2014.0,47545.0,,42.2,2.2,59.0,3.0,11498
3058,Ford, Focus,Manual,Petrol,2018.0,15705.0,145.0,57.7,1.0,91.0,3.0,12700
1411,Opel, Corsa,Manual,Petrol,2018.0,11275.0,145.0,49.6,1.4,42.0,4.0,10500
3163,Toyota, Prius,Automatic,Hybrid,2015.0,32314.0,0.0,,1.8,44.0,0.0,15499
2453,Opel, Zafira,Automatic,Petrol,2016.0,11862.0,,40.9,1.4,34.0,,12498
2884,Mercedes, A Class,Manual,Diesel,2013.0,60000.0,20.0,72.4,1.5,92.0,2.0,8975
290,BMW, 3 Serie,Automatic,Petrol,2016.0,13493.0,160.0,,2.0,55.0,1.0,18898
3279,BMW, 2 Series,Automatic,Hybrid,2016.0,115470.0,0.0,,1.5,78.0,2.0,10500
3692,Skoda, Kodiaq,Automatic,Diesel,2020.0,3000.0,150.0,38.7,2.0,87.0,4.0,36900
838,VW, Golf,Manual,Diesel,2014.0,72187.0,0.0,88.3,1.6,36.0,1.0,7399
999,Toyota, C-HR,Automatic,Hybrid,2019.0,8152.0,135.0,74.3,1.8,73.0,1.0,26995
70,VW,Up,Manual,Petrol,2018.0,6000.0,150.0,54.3,1.0,80.0,0.0,7950
203,Skoda, Scala,Manual,Diesel,2019.0,1813.0,,,1.6,60.0,4.0,15495
1074,Skoda, Kodiaq,Automatic,,2019.0,4404.0,145.0,37.7,1.5,35.0,3.0,22990
1593,BMW,,Manual,Diesel,2015.0,10889.0,0.0,78.5,1.5,44.0,0.0,11750
3328,BMW, 1 Series,Manual,Diesel,2016.0,46035.0,20.0,70.6,1.5,64.0,1.0,10899
2127,Ford,,Manual,Diesel,2017.0,21738.0,30.0,64.2,1.5,61.0,2.0,10998
2942,Ford, EcoSport,Manual,Petrol,2018.0,24479.0,145.0,54.3,1.0,98.0,4.0,12570
1962,Hyundai, I30,Manual,Petrol,2009.0,125968.0,160.0,46.3,1.4,60.0,3.0,2495
1108,Ford, Kuga,Manual,Diesel,2013.0,35074.0,200.0,,2.0,85.0,2.0,10140
1128,Skoda, Octavi,Automatic,Petrol,2019.0,13892.0,145.0,57.7,1.0,72.0,2.0,14650
1665,Opel, Mokka X,Semi-Auto,Petrol,2017.0,27891.0,145.0,43.5,1.4,,1.0,12570
1606,Mercedes, C CLASS,Semi-Auto,,2019.0,3805.0,145.0,30.4,3.0,69.0,0.0,41500
-124,VW, Polo,Manual,Petro,2017.0,12635.0,145.0,60.1,1.2,63.0,3.0,11998
3721,Opel, Mokka,Manual,,2016.0,19966.0,200.0,40.9,1.6,98.0,3.0,9070
2183,Audi, A1,Manual,Diesel,2013.0,75000.0,0.0,74.3,1.6,64.0,1.0,6575
-95,BMW, 1 Series,AUTOMATIC,Petrol,2016.0,25204.0,30.0,58.9,1.5,94.0,2.0,11980
3263,Audi, A4,Semi-Auto,Petrol,2017.0,13632.0,145.0,51.4,1.4,30.0,0.0,19490
2016,BMW,2 Series,Semi-Auto,Petrol,2020.0,12.0,145.0,50.4,1.5,91.0,4.0,23475
61,VW, Golf,Semi-Auto,Petrol,2018.0,21992.0,145.0,39.8,2.0,61.0,2.0,24989
2495,BMW,,Semi-Auto,Diesel,2019.0,11234.0,145.0,68.9,2.0,64.0,0.0,18498
-519,Ford, Focus,manual,Petrol,2017.0,26437.0,,,1.0,70.0,0.0,9774
3227,Mercedes, C Class,Automatic,Petrol,2019.0,21927.0,145.0,,3.0,73.0,1.0,34890
859,Opel, Mokka X,Semi-Auto,Petrol,2017.0,12441.0,160.0,43.5,1.4,46.0,3.0,13698
-203,Skoda, Citigo,Manual,PETROL,2017.0,20453.0,145.0,64.2,1.0,31.0,4.0,6990
318,VW, T-Roc,Manual,Petrol,2018.0,20500.0,145.0,53.3,1.5,40.0,3.0,23490
1643,Opel, Insignia,Manual,Diesel,2017.0,42007.0,145.0,54.3,2.0,51.0,3.0,11998
670,Ford, Ka+,Manual,Petrol,2019.0,3000.0,145.0,43.5,1.2,62.0,4.0,11250
2873,Toyota, Auris,Automatic,Hybrid,2017.0,22352.0,135.0,78.5,1.8,48.0,2.0,15956
-81,Ford, Fiesta,Manual,etrol,2017.0,12485.0,0.0,65.7,1.0,91.0,0.0,11499
2857,Opel, Astra,Manual,Diesel,2017.0,29709.0,145.0,78.5,1.6,97.0,1.0,9150
2059,Opel, Zafira,Manual,Petrol,2016.0,33145.0,200.0,42.2,1.4,71.0,0.0,8495
-36,udi, A5,Semi-Auto,Diesel,2014.0,48792.0,125.0,58.9,2.0,79.0,4.0,15450
1788,BMW, X3,Semi-Auto,Diesel,2019.0,7200.0,150.0,54.3,2.0,71.0,0.0,32995
810,, Tiguan,Semi-Auto,Diesel,2017.0,38142.0,145.0,49.6,2.0,67.0,1.0,22851
1777,Mercedes, A Class,Automatic,Diesel,2019.0,12432.0,145.0,68.9,1.5,53.0,4.0,18498
2643,VW, T-Cross,Manual,Diesel,2019.0,793.0,145.0,53.3,1.6,64.0,2.0,17999
214,VW, T-Cross,Manual,Petrol,2020.0,1478.0,145.0,47.9,1.0,66.0,2.0,22990
-402,MW, X5,Automatic,Diesel,2016.0,20851.0,200.0,47.1,3.0,71.0,3.0,29000
3740,VW, Polo,Manual,Petrol,2019.0,7846.0,150.0,52.3,1.0,50.0,0.0,14226
994,Hyundai, Santa Fe,Automatic,Diesel,2019.0,6363.0,145.0,42.8,2.2,55.0,3.0,33995
2677,VW, Golf,Semi-Auto,Petrol,2019.0,2780.0,145.0,32.8,2.0,40.0,2.0,34995
3949,BMW, 3 Series,Manual,Diesel,2010.0,93261.0,125.0,60.1,2.0,48.0,2.0,6295
3095,Ford, Kug,Automatic,Petrol,2017.0,13265.0,240.0,38.2,1.5,68.0,3.0,13998
3550,Skoda, Fabia,Manual,Petrol,2015.0,51878.0,,58.8,1.0,84.0,3.0,6000
1189,Audi, A4,Manual,Diesel,2016.0,28669.0,0.0,74.3,2.0,48.0,3.0,16499
625,Opel, Crossland X,Manual,Petrol,2019.0,10710.0,145.0,44.8,1.2,49.0,1.0,12720
1564,Opel, Grandland X,Manual,Diesel,2019.0,12301.0,150.0,,1.5,86.0,0.0,15998
789,Opel, Insignia,Manual,Petrol,2017.0,23731.0,150.0,,1.5,62.0,3.0,11699
626,VW, Touareg,Semi-Auto,Diesel,2020.0,5100.0,145.0,33.6,3.0,48.0,1.0,48390
196,Skoda, Fabia,Manual,Petrol,2018.0,9481.0,145.0,64.2,1.0,89.0,0.0,9790
931,BMW, X1,Automatic,Diesel,2016.0,46344.0,145.0,55.4,2.0,64.0,3.0,16798
802,Audi, A4,Manual,Diesel,2017.0,54983.0,145.0,74.3,2.0,87.0,0.0,14788
1729,Mercedes, GLC Class,Semi-Auto,Diesel,2017.0,25686.0,145.0,56.5,2.1,47.0,3.0,29400
969,Skoda, Superb,Manual,Diesel,2017.0,18674.0,145.0,64.2,2.0,87.0,4.0,15495
1027,Mercedes, CL Class,Semi-Auto,Diesel,2014.0,38312.0,30.0,62.8,2.1,64.0,4.0,16452
1436,Opel, Corsa,Manual,Petrol,2016.0,15983.0,30.0,55.4,1.4,73.0,1.0,7599
3091,Audi, Q5,Automatic,Diesel,2013.0,50111.0,200.0,47.1,2.0,37.0,2.0,13999
1632,BMW, 1 Series,Manual,Diesel,2015.0,56000.0,20.0,68.9,2.0,62.0,3.0,8990
1020,Skoda, Fabia,Manual,Petrol,2017.0,14898.0,150.0,64.2,1.0,54.0,1.0,9499
3902,Opel, Corsa,Manual,Petrol,2019.0,13.0,150.0,43.5,0.7395338990348711,87.0,2.0,10000
2464,Mercedes, GLC Class,Semi-Auto,Diesel,2017.0,33153.0,145.0,56.5,2.1,40.0,1.0,26995
96,VW, Tiguan,Automatic,Diesel,2019.0,8767.0,145.0,39.2,2.0,49.0,1.0,32220
3718,Skoda, Fabi,Manual,Petrol,2019.0,5500.0,,60.1,1.0,47.0,2.0,11950
139,Opel, Mokka X,Manual,Petrol,2017.0,21000.0,145.0,47.1,1.4,93.0,4.0,11990
3409,Opel, Astra,Manual,Petrol,2018.0,24133.0,145.0,62.8,1.0,92.0,4.0,9610
3842,Audi, A6,Automatic,Diesel,2019.0,5950.0,145.0,50.4,2.0,83.0,2.0,26450
1175,Mercedes, C Class,Automatic,Hybrid,2015.0,25758.0,0.0,78.5,2.1,59.0,2.0,17299
3614,Ford, Kuga,Manual,Diesel,2013.0,74576.0,145.0,53.3,2.0,71.0,4.0,8395
2837,VW, T-Roc,Manual,Petrol,2018.0,18849.0,150.0,,1.0,94.0,4.0,17771
2570,, Touareg,Automatic,Diesel,2016.0,21200.0,235.0,42.8,3.0,97.0,2.0,25495
463,Opel, Viva,Manual,Petrol,2018.0,8325.0,,60.1,1.0,37.0,3.0,7998
1972,Opel, Adam,Manual,Petrol,2013.0,40474.0,125.0,51.4,1.4,3.1726830595677384,1.0,5299
3326,Opel, Astra,Manual,Petrol,2019.0,15408.0,150.0,46.3,1.4,67.0,2.0,13359
-13,hyundai, I20,Manual,Petrol,2015.0,40700.0,30.0,55.4,1.2,44.0,3.0,6500
2177,Ford, fiesta,Semi-Auto,Petrol,2018.0,20735.0,145.0,54.3,1.0,99.0,3.0,12498
1181,Mercedes, B Class,Semi-Auto,Diesel,2020.0,,145.0,55.4,2.0,96.0,4.0,24419
911,Opel, Astra,Manual,Petrol,2019.0,4202.0,145.0,,1.4,67.0,0.0,13990
2991,Ford, Fiesta,Manual,Petrol,2016.0,31000.0,145.0,47.9,1.6,97.0,4.0,11495
1756,Toyota, Yaris,Automatic,Hybrid,2017.0,19736.0,,86.0,1.5,31.0,0.0,11650
621,Mercedes, E Class,Automatic,Diesel,2009.0,114000.0,235.0,44.1,2.1,60.0,1.0,6999
1784,BMW, 1 Series,Manual,Petrol,2016.0,26631.0,125.0,151.04180955326447,1.5,48.0,0.0,13000
1896,Mercedes, E Class,Semi-Auto,Diesel,2016.0,49066.0,125.0,58.9,2.1,48.0,0.0,16328
150,Opel, Combo Life,Manual,Diesel,2019.0,10994.0,145.0,53.3,1.5,32.0,1.0,13498
3816,Ford, Focus,Manual,Diesel,2017.0,23273.0,145.0,,1.5,70.0,2.0,10491
2377,Ford,Mondeo,Automatic,Diesel,2016.0,29608.0,125.0,57.7,2.0,95.0,3.0,12400
2413,Ford, Tourneo Custom,Manual,Diesel,,26514.0,200.0,44.8,2.0,89.0,0.0,20000
1539,Mercedes,,Semi-Auto,Petrol,2019.0,4846.0,145.0,53.3,1.3,66.0,2.0,24462
457,Opel, Viva,Manual,Petrol,2015.0,12918.0,20.0,62.8,1.0,82.0,1.0,6199
1253,Opel, Astra,Manual,Petrol,2018.0,17353.0,145.0,62.8,1.0,61.0,4.0,10400
239,VW, Polo,Manual,Petrol,2016.0,31352.0,20.0,60.1,1.2,38.0,0.0,9290
1106,Mercedes, C Class,Semi-Auto,Petrol,2019.0,4025.0,145.0,42.2,2.0,99.0,2.0,32890
1740,VW, Golf,Semi-Auto,Hybrid,2020.0,10.0,150.0,44.8,,84.0,1.0,25999
2228,Audi, Q3,Automatic,Petrol,,5342.0,,32.1,2.0,94.0,2.0,37400
-211,BMW, 3 Series,Automati,Petrol,2019.0,13033.0,145.0,42.2,2.0,43.0,2.0,25444
1103,Ford, Focus,Manual,Petrol,2017.0,14576.0,20.0,60.1,1.0,81.0,1.0,10490
1961,Opel, corsa,Manual,Petrol,2016.0,27963.0,30.0,55.4,1.4,92.0,2.0,6670
1084,Hyundai, I10,Manual,Petrol,2014.0,31500.0,30.0,57.6,1.2,84.0,0.0,5489
-241,VW, Polo,Manual,etrol,2018.0,16283.0,145.0,62.8,1.0,59.0,1.0,13295
2168,BMW, X,Automatic,Diesel,2011.0,72500.0,165.0,50.4,2.0,57.0,1.0,9999
3500,BMW, 1 Series,Semi-Auto,Petrol,2019.0,4628.0,145.0,34.5,3.822757846971372,51.0,0.0,29995
3568,VW, Golf,Semi-Auto,Hybrid,2015.0,32025.0,0.0,188.3,1.4,62.0,2.0,15870
3864,Mercedes, A Class,Manual,Petrol,2020.0,1932.0,145.0,,1.3,79.0,3.0,28200
1361,VW, Golf,Automatic,Petrol,2019.0,2776.0,145.0,37.7,2.0,46.0,2.0,27990
1831,Hyundai, Tucson,Manual,Diesel,2018.0,10.0,145.0,61.4,1.7,66.0,4.0,25194
1281,Audi, A3,Manual,,2017.0,26249.0,30.0,67.3,1.6,84.0,2.0,16000
3799,Toyota, Aygo,Manual,Petrol,2016.0,9572.0,0.0,69.0,1.0,96.0,2.0,7495
2277,BMW, 1 Series,Manual,Petrol,2019.0,100.0,145.0,44.1,1.5,63.0,2.0,22480
1113,VW, Polo,Manual,Petrol,2016.0,40335.0,20.0,,1.2,57.0,4.0,8991
99,Ford, Focus,Manual,Petrol,2015.0,40523.0,20.0,61.4,1.0,92.0,2.0,7800
2886,Mercedes, E Class,Automatic,Diesel,2013.0,22000.0,165.0,47.9,3.0,75.0,2.0,16500
-524,VW, Golf,manual,Petrol,2016.0,35128.0,30.0,53.3,1.4,,4.0,11495
191,Audi, A3,Manual,Diesel,2015.0,26200.0,20.0,68.9,2.0,95.0,4.0,11211
1115,Toyota, Auris,Manual,Petrol,2017.0,14497.0,30.0,58.9,1.2,73.0,0.0,10750
3081,BMW, 3 Series,Manual,Petrol,2014.0,59776.0,165.0,44.8,2.0,77.0,1.0,9999
-45,BMW, 1 Series,MANUAL,Diesel,2017.0,27038.0,145.0,78.5,1.5,94.0,3.0,11400
1732,VW, tiguan,Manual,Diesel,2016.0,44496.0,145.0,53.3,2.0,90.0,2.0,15499
3116,Opel, Ampera,Automatic,Electric,2015.0,34461.0,0.0,235.4,1.4,83.0,1.0,12999
1699,VW, Golf SV,Manual,Diesel,2015.0,28252.0,0.0,72.4,1.6,,3.0,9491
1116,Mercedes, V Class,Automatic,Diesel,2019.0,79.0,145.0,45.6,2.2,53.0,0.0,39410
1309,Ford, EcoSport,Manual,Petrol,2019.0,1711.0,145.0,51.4,1.0,74.0,0.0,16798
790,Ford, EcoSport,Manual,Petrol,2019.0,2500.0,145.0,51.4,1.0,60.0,0.0,16999
-349,V, Golf,manual,diesel,2020.0,5102.0,145.0,57.7,1.6,45.0,4.0,20995
3077,Audi, A6,Automatic,Diesel,2019.0,6200.0,145.0,35.8,0.1545293172703747,49.0,2.0,46750
3128,Mercedes, C Class,Automatic,Diesel,2008.0,90000.0,260.0,42.2,2.1,99.0,2.0,4995
1228,Skoda, Kodiaq,Automatic,Diesel,2019.0,12321.0,145.0,49.6,2.0,52.0,3.0,25498
3195,Hyundai, tucson,Semi-Auto,Petrol,2017.0,19099.0,145.0,39.8,1.6,61.0,2.0,17095
1344,Skoda, Superb,Automatic,Petrol,,17300.0,200.0,39.8,2.0,31.0,4.0,20395
2647,VW, Touareg,Semi-Auto,Diesel,2019.0,8310.0,145.0,34.0,3.0,84.0,0.0,41032
3453,VW, Up,Manual,Petrol,2013.0,40211.0,20.0,62.8,1.0,89.0,3.0,4750
1212,Ford, Kuga,Automatic,Petrol,2018.0,8646.0,145.0,38.2,1.5,67.0,2.0,18195
3209,VW, Polo,Manual,Petrol,2016.0,27934.0,20.0,,1.2,91.0,0.0,9991
166,VW,,Manual,Petrol,2018.0,17400.0,145.0,55.4,1.0,63.0,1.0,17300
2829,Ford, EcoSport,Manual,Diesel,2016.0,23444.0,30.0,64.2,1.5,83.0,0.0,8950
1209,Ford, Fiesta,Manual,Petrol,2014.0,25702.0,0.0,65.7,1.0,53.0,3.0,8750
1161,VW, Shuttle,Manual,Diesel,2018.0,24511.0,150.0,47.1,2.0,99.0,1.0,18998
1073,Toyota, Aygo,Manual,Petrol,2015.0,65143.0,0.0,,1.0,86.0,2.0,4350
1829,VW, Up,Manual,,2017.0,20764.0,150.0,64.2,1.0,81.0,3.0,7390
95,VW, Up,Manual,Petrol,2016.0,12502.0,20.0,64.2,1.0,60.0,4.0,7990
-162,Toyota, Aygo,anual,Petrol,2019.0,11805.0,145.0,56.5,1.0,57.0,2.0,8500
-291,Opel, Adam,manual,Petrol,2015.0,27171.0,30.0,57.6,1.0,42.0,1.0,6589
2101,Mercedes, C Class,Automatic,Diesel,2017.0,42721.0,30.0,64.2,2.1,93.0,1.0,18975
1558,Toyota, Avensis,Manual,Diesel,,59097.0,20.0,67.3,0.1628659545028228,89.0,3.0,9692
80,Audi, A5,Manual,Diesel,2015.0,61713.0,20.0,64.2,2.0,33.0,0.0,10960
1374,Opel, Astra,Manual,Petrol,2009.0,106000.0,,37.7,1.8,31.0,3.0,1990
1614,Hyundai, I20,Manual,Petrol,2019.0,500.0,145.0,46.3,1.2,72.0,2.0,12495
3622,Opel, Astra,Manual,Petrol,2017.0,32846.0,125.0,50.4,1.4,70.0,1.0,10498
152,Ford, Fiesta,Manual,Petrol,2019.0,16420.0,145.0,60.1,1.0,54.0,3.0,12096
1238,VW, Passat,Semi-Auto,Diesel,2019.0,9959.0,145.0,48.7,2.0,30.0,4.0,29980
3963,VW, Tiguan,Manual,Diesel,2017.0,20000.0,145.0,50.4,2.0,43.0,0.0,19488
812,Ford, Focus,Manual,Diesel,2016.0,44106.0,20.0,,2.0,84.0,2.0,13498
2926,Opel, Astra,Manual,Petrol,2019.0,23117.0,145.0,51.4,0.7395338990348711,98.0,3.0,12498
3032,Mercedes, E Class,Automatic,Diesel,2016.0,49521.0,160.0,51.4,3.0,50.0,0.0,22990
1180,Mercedes, C Class,Semi-Auto,Diesel,2016.0,13457.0,30.0,,2.1,56.0,2.0,21995
-484,Hyundai, I20,Manual,Petrol,2018.0,3920.0,150.0,46.3,0.0,54.0,3.0,11700
3971,VW, T-Roc,Manual,Diesel,2020.0,2920.0,145.0,50.4,2.0,65.0,1.0,23590
-591,Ford, Focus,Manual,Petro,2017.0,12456.0,,,1.0,67.0,0.0,13000
1187,VW, T-Roc,Manual,Diesel,2018.0,11000.0,150.0,,2.0,39.0,2.0,20950
3850,Mercedes, A Class,Manual,Diesel,2013.0,,20.0,70.6,1.5,77.0,2.0,9795
3874,Mercedes, C Class,Automatic,Hybrid,2017.0,18888.0,135.0,134.5,2.0,39.0,2.0,20999
2979,BMW, 1 Series,Automatic,Diesel,2016.0,36858.0,125.0,60.1,2.0,80.0,3.0,14200
-357,Ford, Ka+,anual,petrol,2018.0,8415.0,145.0,57.7,1.2,76.0,0.0,8200
309,Ford, Kuga,Manual,Diesel,2018.0,11643.0,150.0,54.3,1.5,79.0,4.0,13995
1782,Audi, TT,Semi-Auto,Petrol,2015.0,23026.0,,42.2,2.0,48.0,3.0,16990
1340,Toyota, Aygo,Manual,Petrol,2017.0,5008.0,145.0,68.9,1.0,36.0,,7998
3133,Mercedes, CLS Class,Semi-Auto,Diesel,2019.0,4001.0,145.0,47.9,2.9,48.0,0.0,40998
949,VW, Sharan,Manual,Diesel,2017.0,13096.0,145.0,56.5,2.0,92.0,1.0,19932
-347,VW, Golf,Automatic,iesel,2019.0,12287.0,150.0,49.6,2.0,70.0,4.0,25270
3154,Audi,A4,Manual,Petrol,2016.0,25634.0,145.0,51.4,1.4,67.0,2.0,14500
1758,Mercedes, C Class,Automatic,Petrol,2015.0,32000.0,,34.5,4.0,68.0,4.0,39990
495,Audi, A3,Semi-Auto,Diesel,2019.0,6018.0,145.0,52.3,1.6,61.0,,19990
3695,Ford, Focus,Manual,Petrol,2017.0,33274.0,145.0,60.1,1.0,,3.0,10497
184,Toyota, RAV4,Automatic,Other,2017.0,4909.0,,43.5,2.0,51.0,0.0,20000
205,Opel, Insignia,Manual,Petrol,2017.0,15146.0,150.0,47.1,1.5,65.0,1.0,13941
410,VW, Up,Manual,Petrol,2016.0,,20.0,62.8,1.0,36.0,4.0,6000
3801,Opel, Zafira,Manual,Petrol,2016.0,20888.0,200.0,42.2,1.4,82.0,0.0,9970
3855,Ford, Mustang,Manual,Petrol,2020.0,100.0,145.0,22.8,5.0,32.0,0.0,41000
-303,BMW, 3 Series,semi-auto,Hybrid,2016.0,46649.0,0.0,134.5,2.0,73.0,2.0,15998
305,Mercedes, E Class,Automatic,Diesel,2016.0,59000.0,125.0,61.4,2.1,49.0,3.0,14990
3599,VW, Caddy Life,Manual,Diesel,2020.0,1700.0,150.0,51.4,2.0,96.0,1.0,22000
168,Ford, B-MAX,Semi-Auto,Petrol,2013.0,55920.0,165.0,44.1,1.6,34.0,1.0,5572
2666,Hyundai, Tucson,Semi-Auto,Diesel,2018.0,16522.0,,47.1,1.6,70.0,1.0,17998
2313,BMW, 3 Series,Semi-Auto,Diesel,2020.0,102.0,,50.4,2.0,58.0,3.0,42430
2988,Ford,,Manual,Diesel,2019.0,6700.0,145.0,64.2,1.5,71.0,2.0,14890
2314,Opel, Corsa,Manual,Diesel,2015.0,82011.0,0.0,,1.3,30.0,2.0,5745
-105,Ford, Focus,Manual,Petrol,2017.0,-42650.45371874818,145.0,41.5,2.0,57.0,1.0,17500
2902,VW, Golf,Manual,Petrol,2018.0,24110.0,,54.3,1.4,45.0,3.0,13700
211,Hyundai, Ioniq,Automatic,Hybrid,2019.0,9468.0,135.0,,1.6,42.0,2.0,20000
2970,VW, Polo,Manual,Petrol,2016.0,32000.0,20.0,60.1,1.2,38.0,3.0,8795
84,Toyota, Prius,Automatic,Hybrid,2016.0,49104.0,0.0,85.6,1.8,82.0,2.0,17291
3999,Audi, Q2,Automatic,Petrol,2017.0,12500.0,150.0,54.3,1.4,94.0,0.0,20690
2500,Toyota, Yaris,Automatic,Petrol,2017.0,12537.0,150.0,60.1,1.5,45.0,1.0,12000
805,Hyundai, Santa Fe,Semi-Auto,Diesel,2019.0,4721.0,145.0,39.8,2.2,65.0,2.0,29290
1502,Ford, Fiesta,Manual,Petrol,2017.0,38000.0,145.0,62.8,1.0,81.0,1.0,9395
856,Hyundai, I10,Manual,Petrol,2013.0,42000.0,20.0,61.4,1.2,57.0,0.0,3995
2154,BMW, 3 Series,Automatic,Diesel,2019.0,11749.0,145.0,62.8,2.0,92.0,4.0,18999
1510,Hyundai, Santa Fe,Semi-Auto,Diesel,2019.0,2000.0,145.0,39.8,2.2,85.0,1.0,32000
2503,Ford, Fiesta,Manual,Petrol,2017.0,16300.0,,65.7,1.0,73.0,2.0,10999
3824,VW, Arteon,Manual,Diesel,2019.0,3000.0,145.0,52.3,2.0,99.0,4.0,29000
3192,Opel, Corsa,Manual,Petrol,2019.0,5014.0,145.0,43.5,1.4,58.0,2.0,8890
1456,BMW, 1 Series,Manual,Petrol,2016.0,69981.0,125.0,53.3,1.5,35.0,2.0,10540
3920,Audi, A3,Manual,,2016.0,55781.0,200.0,39.8,0.1545293172703747,88.0,3.0,20490
180,BMW, 3 Series,Manual,Diesel,2016.0,19401.0,30.0,67.3,2.0,94.0,2.0,13800
2757,Mercedes, C Class,Manual,Diesel,2016.0,58858.0,30.0,65.7,1.6,73.0,3.0,13391
432,BMW, 5 Series,Semi-Auto,Diesel,2016.0,71203.0,125.0,60.1,2.0,39.0,0.0,13465
289,Opel, Mokka X,Semi-Auto,Petrol,2018.0,32346.0,150.0,37.2,1.4,84.0,0.0,13490
3716,Toyota, Yaris,Automatic,Hybrid,2016.0,18525.0,0.0,86.0,1.5,46.0,1.0,11490
-145,Toyota, Aygo,anual,Petrol,2017.0,7078.0,150.0,68.9,1.0,66.0,4.0,8000
3600,Hyundai, Tucson,Semi-Auto,Diesel,2017.0,28393.0,145.0,57.7,1.7,32.0,1.0,17780
1736,Mercedes, B Class,Semi-Auto,Diesel,2019.0,11877.0,145.0,68.9,2.1,72.0,2.0,18195
188,Ford, Kuga,Manual,Diesel,2017.0,13240.0,150.0,60.1,2.0,35.0,1.0,15500
-488,Ford, Ka+,Manual,PETROL,2019.0,300.0,145.0,43.5,1.2,64.0,0.0,12890
2414,Toyota, Aygo,Manual,Petrol,,2743.0,145.0,56.5,1.0,51.0,0.0,9795
279,Mercedes, GLE Class,Automatic,Diesel,2019.0,5432.0,145.0,36.7,3.0,88.0,1.0,49399
366,VW, Polo,Automatic,Petrol,2015.0,59650.0,20.0,60.1,1.2,82.0,4.0,8700
-596,Opel, Grandland X,Manual,Petrol,2010.5650091895347,8753.0,145.0,44.1,1.2,60.0,,15495
270,Ford, Fiesta,Manual,Petrol,2018.0,33906.0,150.0,65.7,1.0,3.2257436177114727,3.0,10490
3454,VW, Golf,Manual,Diesel,2019.0,13144.0,145.0,57.7,1.6,44.0,0.0,13995
1485,Skoda, Superb,Semi-Auto,Diesel,2018.0,39300.0,145.0,56.5,2.0,74.0,2.0,18495
-251,Opel, Zafira,Manua,Petro,2017.0,24461.0,200.0,42.2,1.4,94.0,2.0,10163
1728,Ford, Focus,Manual,,2018.0,16617.0,145.0,60.1,1.0,3.2257436177114727,0.0,11300
3129,Audi, Q2,Manual,Petrol,2018.0,10581.0,145.0,52.3,1.4,56.0,1.0,18351
111,Mercedes, C Class,Semi-Auto,Diesel,2019.0,12794.0,,61.4,2.0,52.0,3.0,20980
2341,Mercedes, C Class,Semi-Auto,Petrol,2019.0,13137.0,145.0,44.1,1.5,52.0,0.0,20980
367,Mercedes, A Class,Manual,Diesel,2018.0,21232.0,145.0,68.9,,78.0,4.0,16492
1482,Mercedes, B Class,Automatic,Petrol,2011.0,34000.0,240.0,39.8,1.5,34.0,3.0,6595
220,VW, Polo,Manual,Petrol,2017.0,26337.0,,60.1,1.2,86.0,4.0,9790
2989,Ford, Focus,Manual,Petrol,2019.0,10900.0,145.0,58.9,1.0,40.0,3.0,15600
3160,VW, Golf,Semi-Auto,Petrol,2020.0,100.0,,45.6,1.5,71.0,3.0,22490
2574,Ford, EcoSport,Semi-Auto,Petrol,2019.0,2898.0,145.0,45.6,1.0,84.0,0.0,15950
2848,Ford, Focus,Manual,Petrol,2016.0,46480.0,20.0,61.4,1.0,30.0,1.0,8125
1483,Opel, Crossland X,Manual,Petrol,2019.0,4219.0,,47.9,1.2,92.0,1.0,15800
461,Toyota, Auris,Automatic,Hybrid,2013.0,63774.0,,72.4,1.8,31.0,3.0,8881
-6,VW, Polo,Manual,Diesel,2013.0,51257.0,-49.15354066338728,72.4,1.2,40.0,2.0,5999
3958,BMW, 3 Series,Automatic,Diesel,2015.0,47741.0,200.0,49.6,3.0,96.0,4.0,19690
551,Ford, Focus,Manual,Petrol,2018.0,15893.0,,60.1,1.0,81.0,1.0,12295
3979,Opel, insignia,Manual,Petrol,2018.0,14000.0,145.0,47.1,1.5,45.0,3.0,13450
-142,Audi, a3,SEMI-AUTO,Diesel,2019.0,5000.0,145.0,50.4,2.0,61.0,4.0,24500
2545,Mercedes, C Class,Semi-Auto,Petrol,2019.0,2512.0,145.0,44.1,1.5,70.0,3.0,35099
896,Opel, Corsa,Manual,Petrol,2018.0,14867.0,,55.4,1.4,96.0,3.0,8000
-534,Mercedes, C Class,Semi-Auto,etrol,2019.0,14262.0,,,1.5,89.0,1.0,19799
402,Mercedes,,Automatic,Diesel,2015.0,78070.0,20.0,64.2,2.1,39.0,3.0,13000
2591,Opel, Crossland X,Manual,Diesel,2019.0,10469.0,145.0,60.1,1.5,32.0,1.0,15000
2069,Mercedes, E Class,Semi-Auto,Diesel,2017.0,18057.0,145.0,67.3,2.0,37.0,0.0,19795
-384,VW, Sharan,emi-Auto,Petrol,2019.0,4788.0,145.0,32.5,1.4,98.0,4.0,27499
-199,Opel, Adam, Manual ,Petrol,2013.0,15303.0,125.0,51.4,1.4,73.0,2.0,7000
650,VW, Polo,Manual,Petrol,2014.0,38201.0,20.0,60.1,1.0,90.0,1.0,7298
3666,Mercedes, E Class,Automatic,Diesel,2015.0,50087.0,145.0,53.3,3.0,90.0,2.0,15998
-471,Ford, Focus,Manual,Diese,2015.0,51194.0,0.0,74.3,1.5,88.0,2.0,8000
1723,Skoda, Yeti Outdoor,Manual,Diesel,2014.0,45065.0,200.0,47.9,2.0,83.0,0.0,9300
2823,Mercedes, GLA Class,Semi-Auto,Diesel,2016.0,20422.0,125.0,56.5,2.1,55.0,1.0,18640
3366,Skoda, Octavia,Manual,Petrol,2018.0,17436.0,145.0,58.9,1.0,83.0,1.0,11485
192,Hyundai, Tucson,Manual,Diesel,2016.0,36736.0,125.0,58.9,2.0,81.0,2.0,13450
3007,Mercedes, SL CLASS,Semi-Auto,Petrol,2019.0,1776.0,145.0,28.0,5.5,90.0,0.0,79299
3562,Ford, Ka+,Manual,Petrol,,7117.0,145.0,47.9,1.2,82.0,1.0,9291
314,Hyundai,,Manual,Petrol,2016.0,16750.0,30.0,55.4,1.2,72.0,1.0,8499
2295,Mercedes, E Class,Automatic,Diesel,2010.0,70150.0,235.0,44.1,2.1,58.0,1.0,7995
1779,Ford, Focus,Manual,Petrol,2017.0,10300.0,20.0,,1.0,40.0,1.0,12995
3270,Ford, C-MAX,Manual,Petrol,2015.0,,30.0,55.4,1.0,47.0,2.0,7990
800,Hyundai, I10,Manual,Petrol,2013.0,42709.0,20.0,61.4,1.2,76.0,0.0,4995
1773,Toyota, Corolla,Automatic,Hybrid,2020.0,2136.0,,56.5,1.8,44.0,1.0,24995
113,Opel, Zafira Tourer,Manual,Petrol,2017.0,17527.0,200.0,41.5,1.4,97.0,2.0,11000
2470,Hyundai,IONIQ,Automatic,Hybrid,2018.0,19348.0,,78.5,1.6,3.25476012547432,4.0,17298
-367,ford, Fiesta,Semi-Auto,Petrol,2016.0,9000.0,145.0,,1.6,75.0,1.0,9997
90,Opel,Crossland X,Manual,Petrol,2019.0,1868.0,145.0,44.8,1.2,53.0,3.0,13490
2889,VW, Touareg,Automatic,Diesel,2019.0,6985.0,145.0,34.0,3.0,46.0,2.0,43990
3429,Ford, Fiesta,Manual,Petrol,2019.0,7269.0,145.0,60.1,1.0,68.0,4.0,14730
3744,Skoda, Fabia,Manual,Petrol,2014.0,29357.0,125.0,53.3,1.2,43.0,4.0,6798
803,VW, T-Roc,Manual,Petrol,2018.0,10500.0,150.0,53.3,1.5,73.0,2.0,22990
996,VW, Polo,Semi-Auto,Petrol,2019.0,2189.0,145.0,39.8,2.0,74.0,4.0,19490
-169,VW, Polo,SEMI-AUTO,,2016.0,,20.0,60.1,1.2,67.0,1.0,10495
-453,Audi, A5,Automatic,Petrol,2010.37154645612,112.0,145.0,39.8,2.0,86.0,4.0,33950
1255,Mercedes, E Class,Semi-Auto,,2019.0,8911.0,145.0,48.7,3.0,60.0,4.0,35699
3828,Hyundai, Tucson,Manual,Petrol,2018.0,16662.0,,34.9,1.6,75.0,4.0,15295
-490,Ford, B-MAX,Semi-Aut,Petrol,2014.0,6271.0,165.0,44.1,1.6,76.0,1.0,7895
1001,Opel, Corsa,Manual,Petrol,2013.0,84094.0,125.0,51.4,1.2,54.0,1.0,3999
2387,BMW, 5 Series,Automatic,Diesel,2019.0,10654.0,145.0,60.1,2.0,54.0,4.0,30000
1915,Ford, Kuga,Manual,Diesel,2017.0,23237.0,,60.1,2.0,48.0,1.0,15995
3629,Mercedes, C Class,Automatic,Petrol,2011.0,61242.0,200.0,41.5,1.8,48.0,2.0,8894
1842,VW, Golf,Manual,Petrol,2019.0,50.0,150.0,49.6,1.5,87.0,3.0,20490
-326,Mercedes, C Class,Semi-Auto,DIESEL,2014.0,39442.0,,,2.1,45.0,1.0,14498
3282,Mercedes, GLE Class,Automatic,Diesel,2016.0,36098.0,205.0,47.9,2.1,64.0,3.0,25000
-17,Opel, Crossland X,,petrol,2017.0,12829.0,145.0,57.7,1.2,67.0,3.0,12491
2594,Mercedes, B Class,Semi-Auto,Petrol,2019.0,13021.0,145.0,45.6,1.3,99.0,1.0,22699
1204,Mercedes, A Class,Semi-Auto,Diesel,2017.0,20805.0,145.0,68.9,2.1,78.0,3.0,18890
1647,VW, T-Cross,Manual,Petrol,2019.0,5000.0,145.0,48.7,1.0,82.0,0.0,17499
3503,Mercedes,A Class,Automatic,Diesel,2017.0,37014.0,150.0,74.3,1.5,61.0,0.0,13500
2185,VW, Golf SV,Semi-Auto,Petrol,2020.0,3000.0,150.0,42.8,1.5,30.0,1.0,21500
1047,Opel, Mokka,Automatic,Diesel,2014.0,55000.0,150.0,53.3,0.7395338990348711,82.0,1.0,7995
3026,Mercedes, C Class,,Diesel,2019.0,14874.0,145.0,61.4,2.0,86.0,1.0,25549
3121,Ford,,Manual,Petrol,2015.0,35130.0,30.0,57.7,1.2,77.0,4.0,5000
2876,BMW, 1 Series,Manual,Petrol,2018.0,5531.0,145.0,37.2,1.5,52.0,1.0,16139
1563,Opel, Astra,Semi-Auto,Petrol,2018.0,4023.0,145.0,51.4,1.4,95.0,4.0,13985
1451,Audi, A3,Semi-Auto,Diesel,,13542.0,,72.4,1.6,76.0,0.0,15498
450,Ford, C-MAX,Manual,Petrol,2009.0,89000.0,200.0,40.9,1.6,51.0,3.0,2280
2821,VW, Arteon,Semi-Auto,Petrol,2018.0,21299.0,145.0,47.1,2.0,48.0,1.0,22995
-321,Toyota, Yaris,Automatic,HYBRID,2017.0,35000.0,0.0,78.0,0.1628659545028228,44.0,3.0,11700
3651,Skoda, Superb,Semi-Auto,Diesel,2017.0,26777.0,145.0,61.4,2.0,46.0,0.0,16995
602,Mercedes, E Class,Semi-Auto,Diesel,2019.0,,145.0,72.4,2.0,94.0,2.0,24649
3509,Audi, A3,Semi-Auto,Petrol,2019.0,2480.0,145.0,34.9,2.0,82.0,3.0,32990
1741,Hyundai, I30,Manual,Petrol,2016.0,5156.0,,48.7,1.4,98.0,1.0,9298
1814,Audi, Q3,Semi-Auto,Petrol,2018.0,24350.0,150.0,42.2,2.0,45.0,3.0,23500
1288,Opel, Zafira,Manual,Diesel,2014.0,78900.0,,53.3,2.0,81.0,1.0,6799
1505,BMW, 4 Series,Automatic,Diesel,2019.0,6822.0,145.0,50.4,3.0,69.0,2.0,31480
1272,Mercedes, CLS Class,Automatic,Diesel,2016.0,53000.0,145.0,,2.1,91.0,4.0,18995
254,Mercedes, C Class,Semi-Auto,Diesel,2015.0,,150.0,53.3,2.1,43.0,0.0,10995
1965,Hyundai, I20,,Petrol,2020.0,1420.0,145.0,46.3,1.2,34.0,2.0,12299
511,Toyota, Aygo,Manual,Petrol,2017.0,,0.0,69.0,1.0,47.0,2.0,6522
2758,VW, Polo,Manual,Petrol,2012.0,54042.0,145.0,47.9,1.4,34.0,2.0,6320
1918,Ford,Focus,Manual,Petrol,2017.0,7131.0,145.0,41.5,2.0,44.0,3.0,19100
73,Ford, EcoSport,Manual,Petrol,2017.0,14372.0,145.0,53.3,1.0,90.0,0.0,11750
2281,VW, Golf,Manual,Diesel,2016.0,39039.0,,67.3,2.0,,0.0,15990
1813,BMW, X5,Semi-Auto,Diesel,2019.0,7220.0,145.0,37.7,,86.0,1.0,49950
-416,Ford,Fiesta,MANUAL,Petrol,2016.0,30104.0,0.0,65.7,1.0,56.0,1.0,8650
2552,VW, T-Cross,Manual,Diesel,2019.0,3267.0,145.0,53.3,1.6,97.0,4.0,19680
-531,udi, Q3,Manual,Diesel,2018.0,9600.0,,56.5,2.0,47.0,3.0,20844
-213,Audi, A1,,Diesel,2015.0,40365.0,0.0,80.7,1.6,80.0,-2.335122838386223,10000
599,Ford, C-MAX,Manual,Diesel,2016.0,36860.0,20.0,68.9,1.5,82.0,3.0,9698
2465,Ford, Focus,Automatic,Diesel,2018.0,5675.0,145.0,67.3,1.5,45.0,4.0,16000
3223,Opel, Corsa,Manual,Petrol,2019.0,9493.0,145.0,43.5,1.4,53.0,3.0,10399
2476,Audi, TT,Semi-Auto,Petrol,2019.0,3339.0,145.0,34.5,2.0,54.0,1.0,36750
3200,Toyota, Aygo,Manual,Petrol,2017.0,17047.0,0.0,69.0,1.0,46.0,1.0,6550
426,Ford, Kuga,Manual,Diesel,2017.0,16212.0,145.0,64.2,1.5,71.0,4.0,14266
605,Opel, Adam,Manual,Petrol,2017.0,41285.0,125.0,53.3,1.2,72.0,1.0,7498
494,Opel, Zafira,Automatic,Petrol,2017.0,8616.0,145.0,,1.4,31.0,2.0,12999
351,VW, T-Roc,Manual,Diesel,2019.0,12000.0,150.0,50.4,1.6,87.0,0.0,20995
3273,BMW, 3 Series,Semi-Auto,Diesel,2016.0,26949.0,160.0,51.4,3.0,74.0,2.0,19581
1780,Mercedes, S Class,Automatic,Diesel,2019.0,5260.0,145.0,48.7,3.0,85.0,3.0,61899
2522,Skoda, Karoq,,Petrol,2018.0,9298.0,145.0,50.4,1.5,92.0,3.0,18990
1075,BMW, 4 Series,Manual,Diesel,2015.0,36781.0,145.0,53.3,2.0,96.0,1.0,14999
831,Audi, TT,Semi-Auto,Petrol,2015.0,17462.0,160.0,44.1,2.0,94.0,4.0,17491
1837,BMW, X1,Semi-Auto,Petrol,2017.0,13217.0,145.0,44.8,2.0,41.0,0.0,22052
3997,VW,Up,Manual,Petrol,2015.0,38881.0,20.0,62.8,1.0,54.0,4.0,6395
1293,Ford, B-MAX,Manual,Petrol,2017.0,937.0,145.0,,1.4,88.0,0.0,11495
618,Mercedes, GLA Class,Automatic,Diesel,2017.0,58268.0,30.0,64.2,2.1,77.0,4.0,15000
2121,Ford, Fiesta,Manual,Petrol,2017.0,19684.0,20.0,62.8,1.0,64.0,1.0,10050
1094,Ford, EcoSport,Manual,Petrol,2017.0,12000.0,150.0,53.3,,40.0,4.0,9990
1590,Mercedes, X-CLASS,Automatic,Diesel,2019.0,600.0,260.0,31.4,3.0,56.0,1.0,32995
3396,VW, Polo,Manual,Petrol,2017.0,23252.0,20.0,60.1,1.0,99.0,3.0,8298
2620,Ford, Focus,Manual,Petrol,2017.0,6736.0,20.0,,1.0,38.0,2.0,10498
-417,Ford, Fiesta,Manual,PETROL,2018.0,11645.0,145.0,65.7,1.0,94.0,4.0,10500
-122,Audi, A5,utomatic,Diesel,2014.0,58953.0,125.0,58.9,2.0,50.0,0.0,12743
-37,Mercede, C Class,Automatic,Diesel,2017.0,33219.0,145.0,64.2,2.1,68.0,1.0,16995
3771,Mercedes, GLA Class,Semi-Auto,,2019.0,7489.0,,,1.6,37.0,4.0,24995
2319,Ford, Focus,Manual,Diesel,,35000.0,0.0,74.3,1.5,37.0,1.0,8490
1170,Skoda, Yeti,Semi-Auto,Petrol,2017.0,45932.0,125.0,51.4,1.2,93.0,2.0,10499
2778,Hyundai, I40,Automatic,Diesel,,27712.0,125.0,56.5,1.7,64.0,4.0,11400
2775,Mercedes, C Class,Automatic,Diesel,2016.0,27268.0,30.0,64.2,2.1,37.0,0.0,16449
356,Ford, Edge,Semi-Auto,Diesel,2018.0,12815.0,150.0,,2.0,46.0,4.0,22795
1659,Ford, Kuga,Manual,Diesel,2014.0,58317.0,200.0,47.9,2.0,73.0,1.0,9877
-262,Opel, Astra,Manua,Petrol,2015.0,48272.0,200.0,43.5,1.6,73.0,4.0,7099
2297,Mercedes, GLE Clas,Semi-Auto,Diesel,2017.0,8581.0,145.0,42.8,3.0,93.0,1.0,31990
1264,Toyota, Yaris,Automatic,Petrol,2017.0,4159.0,30.0,58.0,1.3,87.0,2.0,11000
2402,Toyota,,Manual,Petrol,2017.0,17634.0,145.0,69.0,1.0,55.0,3.0,7000
1172,Hyundai, I20,Manual,Petrol,2017.0,14225.0,145.0,58.9,1.2,79.0,0.0,8260
3467,Ford, Focus,Semi-Auto,Diesel,2017.0,14478.0,,74.3,1.5,59.0,2.0,12590
251,Ford, EcoSport,Manual,Diesel,2018.0,9900.0,145.0,58.9,1.5,86.0,3.0,14995
-322,, Mokka X,Manual,petrol,2019.0,3069.0,145.0,39.2,1.4,65.0,0.0,13995
2623,Mercedes, A Class,Semi-Auto,Diesel,2019.0,,145.0,56.5,2.0,66.0,4.0,25899
680,BMW, 1 Series,Semi-Auto,Petrol,2019.0,4812.0,145.0,47.9,2.0,69.0,4.0,19998
-437,Toyota, Aygo,Manua,Petrol,2017.0,27884.0,145.0,69.0,1.0,87.0,0.0,6695
2893,BMW, X1,Semi-Auto,Diesel,2018.0,13245.0,150.0,,2.0,84.0,1.0,24081
2267,Opel, Insignia,Automatic,Diesel,2018.0,41766.0,145.0,49.6,2.0,87.0,1.0,14499
2450,VW, T-Roc,Automatic,Diesel,2019.0,2632.0,145.0,49.6,2.0,44.0,0.0,26000
3738,Opel, Corsa,Manual,Petrol,2016.0,26994.0,30.0,55.4,1.4,31.0,2.0,6995
332,Ford, Fiesta,Manual,Petrol,2016.0,30738.0,0.0,65.7,1.0,56.0,3.0,9299
3439,Skoda, Octavia,Manual,Diesel,2018.0,12694.0,,68.9,1.6,,1.0,13498
751,BMW, 2 Series,Manual,Diesel,2017.0,24216.0,,64.2,2.0,99.0,2.0,15999
720,Ford, Mondeo,Automatic,Diesel,2018.0,47320.0,145.0,45.6,2.0,93.0,2.0,13699
1849,Opel, Insignia,Manual,Petrol,2019.0,3018.0,145.0,50.4,1.5,30.0,4.0,16998
1321,Toyota, Aygo,Manual,Petrol,2018.0,42248.0,145.0,69.0,1.0,45.0,0.0,6970
1025,Audi, A6,Automatic,Diesel,,30603.0,30.0,64.2,2.0,33.0,1.0,15999
3107,Opel, Mokka,Manual,Petrol,2015.0,33671.0,200.0,,1.6,58.0,3.0,7795
2260,Audi, Q2,Manual,Petrol,2019.0,6000.0,145.0,43.5,3.7392354812099646,80.0,1.0,27120
1242,Audi, A8,Automatic,Diesel,2018.0,1000.0,145.0,,3.0,58.0,2.0,39500
3184,VW, sharan,Semi-Auto,Diesel,2019.0,8602.0,145.0,41.5,2.0,75.0,1.0,26990
-4,Ford, Focus,Manual,Petrol,2017.0,8556.0,145.0,60.1,-0.1034927966382504,60.0,1.0,11750
3015,Audi, A6,Manual,Diesel,2016.0,34000.0,30.0,,2.0,74.0,4.0,16450
3428,Skoda, Kodiaq,Automatic,Petrol,2017.0,24000.0,145.0,38.2,2.0,86.0,2.0,23250
3907,Toyota, Aygo,Manual,Petrol,2019.0,1762.0,145.0,56.5,1.0,97.0,0.0,9450
3414,Toyota, Yaris,Manual,Petrol,2018.0,29479.0,145.0,56.5,,52.0,1.0,10485
2796,Ford, Ka+,Manual,Petrol,2019.0,66.0,145.0,43.5,1.2,78.0,4.0,12840
589,Ford, EcoSport,Manual,Petrol,2015.0,27183.0,125.0,53.3,1.0,94.0,3.0,9000
1044,, Golf,Automatic,Diesel,2016.0,50122.0,20.0,58.9,1.6,90.0,3.0,10495
445,Opel, Corsa,Manual,Petrol,2016.0,27299.0,30.0,55.4,1.4,55.0,,7299
-313,udi, A1,Manual,etrol,2017.0,25423.0,0.0,,1.0,78.0,1.0,11499
1421,VW, Tiguan,Semi-Auto,Diesel,2016.0,40000.0,160.0,49.6,2.0,80.0,0.0,19995
1090,VW, Golf,Manual,Diesel,2016.0,40639.0,20.0,68.9,2.0,39.0,0.0,11298
3803,Ford, C-MAX,Manual,Diesel,2019.0,8081.0,145.0,68.9,1.5,96.0,4.0,12600
452,Mercedes, E Class,Semi-Auto,Diesel,2019.0,2000.0,145.0,72.4,,60.0,4.0,24780
1512,Toyota,RAV4,Automatic,Diesel,2011.0,87200.0,300.0,39.8,2.2,32.0,1.0,7500
1174,VW, Caddy Maxi Life,Manual,Diesel,2018.0,52890.0,,58.9,2.0,52.0,4.0,13498
-60,For, Focus,Manual,DIESEL,2019.0,7937.0,,,1.5,32.0,3.0,17440
2968,Opel, Corsa,Manual,Petrol,2014.0,,,51.4,1.2,91.0,3.0,4499
960,VW, Golf,Semi-Auto,Diesel,2019.0,10230.0,145.0,52.3,2.9857934392613865,52.0,1.0,17217
14,Hyundai, Tucson,,Diesel,2016.0,26000.0,125.0,58.9,2.0,35.0,3.0,15000
3233,Opel, Astra,Manual,Diesel,2018.0,8382.0,145.0,76.3,1.6,60.0,4.0,11200
-473,Audi, A4,semi-auto,Diesel,2019.0,5345.0,145.0,44.1,2.0,94.0,1.0,31850
2694,BMW, X2,Manual,Petrol,2019.0,4931.0,145.0,41.5,1.5,53.0,2.0,22000
565,Toyota,Prius,Automatic,Hybrid,2015.0,11872.0,,64.2,1.8,78.0,2.0,22995
2512,Ford, C-MAX,Manual,Diesel,2017.0,30803.0,20.0,68.9,1.5,64.0,3.0,9290
2727,Mercedes, A Class,Manual,Petrol,2019.0,116.0,145.0,28.5,1.3,37.0,2.0,22799
360,Toyota, Aygo,Manual,Petrol,2018.0,,150.0,56.5,1.0,90.0,1.0,8000
3793,VW, Touran,Automatic,Petrol,2019.0,,145.0,38.7,1.5,40.0,0.0,24690
1578,VW, Golf,Automatic,Diesel,2019.0,18731.0,145.0,,2.0,32.0,4.0,17000
-287,VW, Touran,MANUAL,Diesel,2020.0,2500.0,145.0,61.4,2.0,67.0,0.0,31500
1670,BMW, 1 Series,Semi-Auto,Diesel,2019.0,17950.0,150.0,67.3,2.0,,3.0,18980
-373,BMW, 1 Series,Semi-Auto,diesel,2019.0,9079.0,145.0,47.9,1.5,76.0,2.0,18950
2186,Ford, Kuga,Manual,Diesel,2016.0,38206.0,145.0,,2.0,77.0,2.0,14998
2117,Skoda, Octavia,Manual,Diesel,2019.0,14382.0,145.0,68.9,,41.0,1.0,13499
-195,MERCEDES, A Class,Manua,Petrol,2017.0,52641.0,125.0,52.3,,81.0,4.0,11750
3399,BMW, 1 Series,Manual,Petrol,2015.0,27411.0,305.0,35.3,3.0,,1.0,16491
1746,Audi, A3,Manual,Diesel,2015.0,40573.0,0.0,74.3,3.7392354812099646,98.0,3.0,9800
568,BMW, 1 Series,Manual,Diesel,2016.0,40358.0,30.0,,2.0,44.0,1.0,14270
2210,Opel, Mokka X,,Petrol,2018.0,16398.0,145.0,47.1,1.4,51.0,2.0,12298
-54,Mercedes, C Class,emi-Auto,Diesel,2019.0,3358.0,145.0,57.7,2.0,82.0,0.0,31699
-382,Ford, Focus, Manual ,Petrol,2015.0,62299.0,,,1.0,85.0,0.0,7299
1936,Mercedes, GLE CLASS,Automatic,Diesel,2019.0,10005.0,145.0,35.8,2.0,78.0,2.0,52146
-501,Opel, Astra,Manual,diesel,2014.0,59868.0,30.0,62.8,1.7,62.0,3.0,5495
-472,Skoda, Fabia,Manual,PETROL,2017.0,19998.0,145.0,58.9,1.2,44.0,3.0,10795
2347,Mercedes, C Class,Automatic,Diesel,2016.0,23953.0,30.0,64.2,2.1,87.0,4.0,18499
-139,VW, T-Roc,utomatic,Petrol,2019.0,1900.0,145.0,32.5,2.0,63.0,1.0,30850
490,VW, Gol,Manual,,2019.0,5771.0,303.1488914624556,47.1,1.5,91.0,0.0,17298
1952,VW, Polo,Manual,Petrol,2010.0,105640.0,125.0,,1.2,64.0,4.0,2750
862,Mercedes, E Class,Semi-Auto,Diesel,2018.0,22264.0,145.0,65.7,2.0,43.0,1.0,21386
3162,Opel, Grandland X,Manual,Diesel,2019.0,6639.0,,56.5,1.5,33.0,0.0,16590
2564,Mercedes, A Class,Semi-Auto,Diesel,2017.0,86705.85488462522,145.0,68.9,2.1,31.0,3.0,16498
1550,Mercedes, E Class,Automatic,Hybrid,2019.0,6828.0,,188.3,2.0,39.0,4.0,38899
3915,Ford, Focus,Manual,Petrol,2019.0,8580.0,145.0,58.9,1.0,52.0,3.0,15500
2099,Audi, A3,Semi-Auto,Petrol,2019.0,4694.0,,34.5,2.0,81.0,0.0,31990
2583,Opel, Adam,Manual,Petrol,2017.0,9300.0,,53.3,1.2,52.0,4.0,7999
3169,Audi, A3,Manual,Diesel,2019.0,100.0,145.0,51.4,1.6,92.0,1.0,18490
2628,Mercedes, A Class,Automatic,Petrol,2017.0,24597.0,,53.3,1.6,98.0,2.0,16750
506,Toyota, Corolla,Automatic,Hybrid,2020.0,5000.0,135.0,57.7,1.8,32.0,0.0,24980
393,BMW, 1 Series,Semi-Auto,Petrol,2020.0,1500.0,145.0,34.5,2.0,94.0,0.0,30440
1162,Audi, Q3,Automatic,Petrol,2019.0,14385.0,145.0,31.7,2.0,44.0,3.0,28445
1491,Opel, Corsa,Manual,Petrol,2010.0,77143.0,125.0,53.3,1.2,54.0,1.0,3491
1760,Opel, Meriva,Manual,Petrol,2017.0,20756.0,150.0,,1.4,48.0,1.0,8698
2230,BMW, X1,Semi-Auto,Petrol,2020.0,9.0,150.0,47.9,2.0,37.0,2.0,29000
1903,Opel, Corsa,Manual,Petrol,2019.0,4241.0,145.0,43.5,1.4,83.0,1.0,8800
2357,Opel, Corsa,Manual,Petrol,2017.0,32659.0,30.0,,1.4,32.0,0.0,7700
2755,Skoda, Fabia,Manual,Petrol,2015.0,38711.0,20.0,60.1,1.2,79.0,2.0,7491
3886,VW, Golf,Manual,Petrol,2020.0,10.0,145.0,49.6,1.5,43.0,3.0,23990
2305,Ford, Fiesta,Manual,Petrol,2019.0,5001.0,145.0,,1.0,50.0,2.0,15370
1432,Skoda, Fabia,Manual,Petrol,2017.0,15126.0,150.0,64.2,1.0,90.0,0.0,8990
3944,VW, Tiguan,Semi-Auto,Diesel,2016.0,48955.0,,49.6,2.0,79.0,0.0,14995
1029,Ford, Focus,Manual,Petrol,2013.0,51097.0,240.0,39.2,2.0,33.0,3.0,9990
2707,Toyota, Aygo,Manual,Petrol,2018.0,10121.0,150.0,69.0,1.0,62.0,4.0,7250
1610,Ford, Fiesta,Manual,Petrol,2019.0,11000.0,145.0,55.4,1.0,93.0,4.0,16950
3641,Ford, Fiesta,Manual,Petrol,2018.0,11539.0,145.0,60.1,1.0,50.0,1.0,9590
433,Mercedes, SLK,Semi-Auto,Diesel,2016.0,28852.0,30.0,70.6,2.0,89.0,2.0,16980
2676,Hyundai, Tucson,Manual,Diesel,2017.0,37587.0,145.0,54.3,2.0,99.0,4.0,14498
-110,Mercedes, SL CLASS,Semi-Auto,Petrol,2019.0,33.0,145.0,47.1,2.0,83.0,6.258370664185211,32599
3210,Audi, A1,Manual,Petrol,2016.0,21700.0,0.0,67.3,1.0,43.0,4.0,10799
2407,Ford, Focus,Manual,Diesel,2014.0,41494.0,20.0,67.3,1.6,41.0,1.0,7100
1820,BMW, X2,Semi-Auto,Petrol,2019.0,3690.0,150.0,39.2,2.0,43.0,4.0,27980
3909,Audi, Q7,Semi-Auto,Diesel,2019.0,9740.0,145.0,30.1,4.0,84.0,2.0,65290
1407,Ford, KA,Manual,Petrol,2013.0,65000.0,30.0,57.7,1.2,80.0,3.0,3695
1612,Hyundai, I20,Automatic,Petrol,2017.0,6264.0,165.0,45.6,1.4,41.0,1.0,10498
1068,Opel, Corsa,Manual,Petrol,,23023.0,30.0,55.4,1.4,71.0,0.0,6575
-351,For, Fiest,Manual,Petrol,2018.0,39794.0,145.0,56.5,1.0,75.0,3.0,10520
3027,Ford, fiesta,Manual,Petrol,2004.0,88936.0,200.0,44.1,1.4,84.0,0.0,2295
3455,VW, Passat,,Diesel,2016.0,50415.0,20.0,70.6,1.6,59.0,0.0,10499
1898,Opel, Astra,Manual,Petrol,2019.0,7774.0,,47.9,1.4,90.0,0.0,14578
1370,BMW, 3 Series,Semi-Auto,Petrol,2018.0,27800.0,145.0,48.7,2.0,53.0,4.0,22900
3038,Ford, Focus,Manual,Petrol,2016.0,45256.0,20.0,60.1,1.0,64.0,2.0,8498
2361,VW, Polo,Manual,Petrol,2015.0,38502.0,20.0,,1.2,33.0,1.0,8498
156,VW, Passat,Manual,Petrol,2019.0,5000.0,145.0,45.6,1.5,63.0,3.0,20999
2526,Opel, Astra,Manual,Diesel,2013.0,66339.0,125.0,60.1,2.0,90.0,4.0,6400
-51,Ford, Kuga,MANUAL,Diesel,2017.0,17407.0,145.0,64.2,1.5,70.0,1.0,16497
2732,Opel, Mokka,Manual,Petrol,2015.0,34997.0,200.0,,1.6,33.0,2.0,7798
3608,Hyundai, I30,Manual,Diesel,2015.0,50221.0,0.0,78.4,1.6,87.0,2.0,7298
643,VW, Polo,Manual,Petrol,2015.0,29768.0,20.0,60.1,1.0,43.0,2.0,7898
1973,Hyundai, I20,Manual,Petrol,2018.0,10000.0,145.0,46.3,1.2,85.0,0.0,9999
1467,Skoda, Yeti Outdoor,Semi-Auto,Petrol,2017.0,10081.0,145.0,51.4,1.2,82.0,1.0,14999
3635,Audi,,Semi-Auto,Petrol,2017.0,28988.0,150.0,47.9,1.4,66.0,,21995
2971,Mercedes, C Class,Semi-Auto,Diesel,2019.0,7224.0,145.0,61.4,2.0,56.0,2.0,29399
2086,Ford, Focus,Manual,,2013.0,55173.0,30.0,56.5,1.0,57.0,2.0,5991
2784,VW, Golf,Manual,Diesel,2017.0,20665.0,0.0,74.3,1.6,52.0,3.0,12882
3690,Mercedes, GLE Class,Automatic,Petrol,2016.0,41199.0,300.0,32.8,3.0,31.0,0.0,29570
1034,Mercedes, E Class,Automatic,,2018.0,11309.0,,57.7,2.0,78.0,2.0,29750
330,VW, Touareg,Semi-Auto,Diesel,2019.0,2471.0,,34.0,3.0,56.0,4.0,43990
2288,Toyota, RAV4,Automatic,Hybrid,2017.0,44687.0,140.0,57.6,2.5,56.0,1.0,17900
2566,Ford, Kuga,Manual,Diesel,2017.0,22139.0,,64.2,1.5,69.0,2.0,13900
3480,BMW, 3 Series,Semi-Auto,Diesel,2019.0,11706.0,150.0,55.4,2.0,92.0,3.0,21450
3764,Opel, Astra,Manual,Diesel,2016.0,12311.0,0.0,85.6,1.6,33.0,1.0,8750
227,Opel, Corsa,Manual,Petrol,2018.0,14700.0,145.0,43.5,1.4,41.0,2.0,9658
-546,Toyota, Aygo,Manua,Petrol,2017.0,22613.0,0.0,69.0,1.0,87.0,4.0,6699
2897,Audi,,Manual,Petrol,2019.0,95204.18167360188,,38.2,2.0,75.0,2.0,23990
-418,Audi, q2,SEMI-AUTO,Petrol,2020.0,2500.0,145.0,42.2,1.5,62.0,3.0,27450
-312,BMW, 4 Series,Semi-Auto,iesel,2019.0,3849.0,145.0,60.1,2.0,98.0,4.0,26950
3127,BMW, 1 Series,Manual,Diesel,2016.0,34683.0,0.0,83.1,1.5,86.0,3.0,11000
527,Opel, Corsa,Manual,,2016.0,,30.0,55.4,1.4,80.0,3.0,6071
2310,Ford, Fiesta,Manual,Petrol,2012.0,53210.0,125.0,50.4,1.2,78.0,0.0,5495
3412,Toyota, RAV4,Manual,Diesel,2015.0,63000.0,165.0,49.6,2.2,93.0,3.0,10995
3955,Toyota, Hilux,Manual,Diesel,2018.0,24775.0,260.0,,2.4,98.0,3.0,19298
755,Skoda, Superb,Automatic,Petrol,2017.0,10629.0,160.0,44.8,2.0,83.0,4.0,19950
518,, Fiesta,Manual,Petrol,2017.0,55836.0,0.0,65.7,1.0,92.0,4.0,8550
1832,Audi, A8,Automatic,Diesel,2012.0,70894.0,235.0,44.1,3.0,35.0,2.0,13437
3269,VW, Up,Manual,Petrol,2015.0,8730.0,,61.4,1.0,80.0,0.0,6390
32,Hyundai, Tucson,Manual,Petrol,2019.0,9841.0,145.0,34.9,1.6,60.0,1.0,15499
2493,Ford, Fiesta,Manual,Petrol,2018.0,17050.0,145.0,65.7,1.0,50.0,4.0,11490
2484,Mercedes, CLS Class,Semi-Auto,Diesel,2019.0,11886.0,145.0,48.7,2.9,53.0,0.0,51540
2505,BMW, 4 Series,Automatic,Diesel,2015.0,92236.0,150.0,,3.0,96.0,3.0,13500
1793,Toyota, AYGO,Manual,Petrol,2019.0,7000.0,,57.7,1.0,35.0,2.0,11400
2303,Opel, Astra,Manual,Diesel,2017.0,72536.0,0.0,83.1,1.6,,4.0,7390
1323,BMW, 3 Series,Semi-Auto,Diesel,2019.0,4665.0,,52.3,2.0,87.0,1.0,27440
2664,Mercedes, A Class,Semi-Auto,,2017.0,12272.0,145.0,74.3,1.5,40.0,4.0,16065
744,BMW, X1,Automatic,Diesel,2017.0,22461.0,145.0,65.7,2.0,66.0,1.0,18000
733,VW, Passat,Manual,Diesel,2017.0,23895.0,20.0,67.3,2.0,90.0,2.0,13995
3726,Ford, Fiesta,Semi-Auto,Petrol,2017.0,14916.0,0.0,57.7,1.0,82.0,3.0,12000
-173,W, Polo,Manual,Petrol,2018.0,14597.0,145.0,62.8,1.0,84.0,2.0,12990
3861,Audi, Q3,Manual,Diesel,2013.0,36954.0,145.0,54.3,2.0,89.0,3.0,11699
3996,VW, Polo,Automatic,Petrol,2016.0,19662.0,,60.1,1.2,42.0,4.0,11500
501,Opel, Astra,Manual,Diesel,2018.0,40500.0,145.0,72.4,1.6,76.0,1.0,13999
794,Ford, Focus,Automatic,Petrol,2019.0,4146.0,145.0,47.9,1.5,76.0,4.0,18999
-304,BMW, 2 Series,semi-auto,Petrol,2019.0,7338.0,150.0,47.9,2.0,97.0,3.0,24690
2764,Toyota, RAV4,Manual,Diesel,2016.0,56437.0,125.0,60.1,2.0,35.0,1.0,13000
3307,BMW, 2 Series,Semi-Auto,Petrol,2017.0,14612.0,,38.2,3.0,65.0,2.0,20499
1907,VW, Golf,Manual,Diesel,2016.0,49650.0,0.0,74.3,1.6,61.0,3.0,10791
2404,Opel, Mokka X,Manual,Diesel,2017.0,36951.0,145.0,68.9,1.6,51.0,0.0,9999
2882,Skoda, Superb,Manual,Diesel,2017.0,26928.0,145.0,58.9,2.0,64.0,2.0,15101
783,Toyota, Yaris,Manual,Diesel,2017.0,34000.0,0.0,80.7,1.4,67.0,3.0,8295
1623,Mercedes, B Class,Manual,Petrol,2018.0,6364.0,145.0,49.6,1.6,59.0,0.0,16299
3933,BMW, 5 Series,Automatic,Diesel,2017.0,28893.0,150.0,68.9,2.0,98.0,0.0,18700
-229,VW, Golf,Automatic,PETROL,2019.0,10405.0,145.0,43.5,0.1864248827577972,42.0,1.0,21990
-557,VW, Touareg,Semi-Aut,Diesel,2019.0,6160.0,145.0,34.0,3.0,99.0,3.0,45900
229,VW, Golf,Manual,Diesel,2017.0,18341.0,145.0,60.1,2.0,63.0,3.0,18599
857,Toyota, Aygo,Manual,Petrol,2018.0,13658.0,145.0,56.5,1.0,60.0,0.0,8550
1551,Ford, Fiesta,Manual,Petrol,2018.0,6405.0,145.0,,1.0,84.0,3.0,13475
2146,BMW, X1,,Diesel,2019.0,202.0,150.0,60.1,2.0,93.0,1.0,28995
2325,Opel, Insignia,,Petrol,2014.0,52040.0,125.0,54.3,1.4,43.0,4.0,7495
408,BMW, 2 Series,Manual,Petrol,2019.0,10.0,145.0,52.3,1.5,36.0,4.0,23242
170,VW, Scirocco,Semi-Auto,Petrol,2017.0,18673.0,145.0,34.9,2.0,98.0,3.0,20550
540,Opel, Mokka,Manual,Petrol,2016.0,33116.0,160.0,,1.4,55.0,1.0,8998
-297,Aud, A1,Manual,Petrol,2017.0,26390.0,150.0,70.6,1.4,47.0,2.0,15700
1787,Ford, Fiesta,Manual,Petrol,2016.0,37189.0,,65.7,,38.0,4.0,6999
-536,Ford, Fiesta,Manua,Petrol,2019.0,,145.0,60.1,1.0,38.0,0.0,15300
2550,Toyota, RAV4,Manual,Diesel,2017.0,34633.0,125.0,60.1,2.0,99.0,4.0,16295
-26,BMW, 3 Series,Semi-Auto,iesel,2019.0,,145.0,65.7,2.0,40.0,1.0,25330
1572,Ford,Fiesta,Manual,Petrol,2015.0,22592.0,125.0,54.3,1.2,54.0,2.0,7991
3105,Mercedes, C Class,Semi-Auto,Petrol,2018.0,3748.0,145.0,44.1,1.5,33.0,3.0,28480
3757,Toyota, Aygo,Manual,Petrol,2017.0,6736.0,150.0,68.9,1.0,73.0,2.0,8475
2813,Mercedes, GLE Class,Automatic,,2017.0,8363.0,,47.9,2.1,78.0,4.0,27500
2915,Mercedes, CLS Class,Semi-Auto,Diesel,2015.0,33087.0,165.0,51.4,3.0,58.0,3.0,20498
3590,Hyundai, I10,Manual,Petrol,2018.0,2442.0,145.0,57.7,1.2,32.0,3.0,8995
1552,Opel, Astra,Manual,Petrol,2016.0,45890.0,20.0,64.2,1.0,94.0,4.0,7491
2015,BMW, 3 Series,Automatic,Diesel,2019.0,14590.0,145.0,52.3,2.0,99.0,1.0,27999
3427,BMW, 5 Series,Semi-Auto,Diesel,2019.0,4885.0,145.0,60.1,2.0,31.0,2.0,30450
3558,Audi, Q3,Manual,Petrol,2019.0,2288.0,145.0,40.9,1.5,88.0,3.0,26495
2107,Mercedes, A Class,Semi-Auto,Diesel,2017.0,16005.0,20.0,68.9,2.1,91.0,3.0,17360
3008,BMW,,Semi-Auto,Diesel,,8605.0,145.0,65.7,2.0,65.0,2.0,24908
3339,BMW, X1,Semi-Auto,Diesel,2019.0,9027.0,,50.4,2.0,54.0,0.0,26480
676,Mercedes, C Class,Semi-Auto,Petrol,2019.0,14297.0,,46.3,1.5,96.0,0.0,19799
2964,VW, Polo,Manual,Diesel,2019.0,7956.0,145.0,57.7,1.6,74.0,0.0,13790
1221,VW, Passat,Manual,Diesel,2015.0,61992.0,20.0,68.9,2.0,95.0,3.0,9295
2910,Audi, Q7,Automatic,Diesel,2011.0,94000.0,300.0,38.2,3.0,88.0,1.0,16494
-433,BMW,1 Series,Manual,etrol,2016.0,21909.0,125.0,52.3,1.5,38.0,2.0,13000
3519,Audi,A3,Semi-Auto,Petrol,2019.0,4000.0,145.0,44.1,,91.0,3.0,25499
43,Ford, Mondeo,Automatic,Diesel,2012.0,28139.0,160.0,50.4,2.0,99.0,0.0,7499
564,Skoda, Octavia,Manual,Petrol,2017.0,9545.0,20.0,62.8,1.0,,3.0,10746
-104,Mercedes, C Class,semi-auto,Diesel,2017.0,29198.0,,,2.1,95.0,0.0,19980
3111,Skoda, Octavia,Manual,Petrol,2017.0,7000.0,165.0,45.6,2.0,77.0,2.0,17495
3713,Hyundai, I30,Manual,Diesel,2014.0,38703.0,0.0,76.3,1.6,38.0,3.0,7174
2073,VW, Scirocco,Manual,Petrol,2017.0,44081.0,145.0,,2.0,44.0,4.0,14075
3488,VW, Passat,Manual,Diesel,2016.0,28426.0,0.0,76.3,1.6,97.0,0.0,11399
-311,Ford, Focus,Manual,Petrol,2013.0,42575.0,-45.78061048970173,56.5,1.0,91.0,2.0,5889
2283,Audi, Q5,Automatic,Diesel,2019.0,1547.0,145.0,,2.0,86.0,4.0,32500
1061,Audi, Q3,Semi-Auto,Petrol,2015.0,33845.0,145.0,47.9,1.4,49.0,3.0,16498
3653,Ford, Fiesta,Manual,Petrol,2018.0,26357.0,145.0,,1.0,33.0,0.0,10790
3829,VW, Polo,Automatic,Other,2017.0,30892.0,145.0,60.1,1.2,30.0,0.0,12495
3914,Mercedes, A Class,Semi-Auto,Diesel,2017.0,11456.0,20.0,70.6,2.1,52.0,0.0,16480
1210,Opel, Mokka X,Automatic,Diesel,2016.0,37323.0,145.0,,1.6,48.0,3.0,11700
3201,Ford, EcoSport,Manual,Petrol,2019.0,3207.0,145.0,27.70948954406702,1.0,74.0,1.0,16100
325,Ford, Mondeo,Automatic,Petrol,2017.0,30765.0,205.0,43.5,1.5,64.0,4.0,13000
2499,Skoda, fabia,Manual,Petrol,2019.0,13510.0,150.0,61.4,1.0,68.0,0.0,10995
2794,Audi, A1,Semi-Auto,Petrol,2017.0,13458.0,150.0,56.5,1.4,35.0,4.0,16970
2528,Audi, A7,Semi-Auto,Diesel,2019.0,76.0,145.0,47.1,2.0,82.0,0.0,35998
2822,Mercedes, SL CLASS,Automatic,Petrol,2018.0,1565.0,145.0,47.1,2.0,53.0,2.0,27890
620,BMW, 5 Series,Automatic,Hybrid,2019.0,1550.0,140.0,156.9,2.0,62.0,0.0,31550
2520,VW, Golf,Manual,Petrol,2020.0,899.0,145.0,47.1,1.5,31.0,1.0,20995
328,BMW, 4 Series,Semi-Auto,Petrol,2019.0,4415.0,145.0,45.6,2.0,50.0,3.0,24970
3896,Ford, Fiesta,Manual,Petrol,2018.0,28521.0,145.0,64.2,1.1,61.0,2.0,9500
897,Hyundai, I10,Manual,Petrol,2015.0,20905.0,30.0,,1.2,72.0,2.0,6620
1117,Skoda, Octavia,Semi-Auto,Diesel,2016.0,36400.0,30.0,64.2,2.0,46.0,4.0,11930
2812,Audi, A6,Semi-Auto,Petrol,2016.0,24827.0,,30.7,4.0,46.0,4.0,31991
-276,VW, Golf,manual,Petro,2017.0,9456.0,20.0,60.1,1.4,61.0,3.0,16490
1375,Hyundai, I10,Manual,Petrol,2018.0,11175.0,145.0,57.7,1.2,43.0,1.0,7850
-348,Opel, Meriva,Manual,petrol,2016.0,24381.0,145.0,47.1,1.4,40.0,1.0,6866
-59,Hyundai, I10,Manual,etrol,2017.0,16739.0,20.0,60.1,1.0,90.0,4.0,6795
1881,Mercedes, A Class,Manual,Diesel,2017.0,15015.0,145.0,,1.5,37.0,1.0,13499
2833,Mercedes, GLE Class,Automatic,Diesel,2016.0,42102.0,,39.2,3.0,73.0,0.0,34975
3613,Mercedes, A Class,Semi-Auto,Diesel,2019.0,3653.0,150.0,68.9,1.5,61.0,2.0,20199
1480,BMW, X1,Semi-Auto,Petrol,2019.0,3782.0,145.0,48.7,2.0,66.0,2.0,27980
2053,VW, Golf,Manual,Diesel,,23878.0,,74.3,1.6,77.0,3.0,11998
1244,Ford, Fiesta,Manual,Petrol,2018.0,8234.0,145.0,64.2,1.1,55.0,4.0,10500
809,Ford, Focus,Automatic,Petrol,2011.0,87600.0,160.0,44.1,1.6,85.0,0.0,4500
978,Mercedes, S Class,Automatic,Hybrid,2017.0,22657.0,20.0,61.4,,54.0,4.0,36890
2103,Ford, FOCUS,Manual,Petrol,2019.0,15608.0,145.0,60.1,1.0,84.0,4.0,16998
2292,Mercedes, E Class,Automatic,Diesel,2017.0,18902.0,145.0,65.7,2.0,98.0,4.0,22482
-523,Toyota, Yaris,Manual,Petro,2017.0,29399.0,145.0,58.9,1.5,46.0,2.0,9500
3784,BMW, 3 Series,Semi-Auto,Diesel,2015.0,25243.0,30.0,62.8,2.0,43.0,2.0,12998
1767,Ford, Focus,Manual,Petrol,2019.0,11939.0,150.0,49.6,1.0,80.0,1.0,17495
2287,VW, Tiguan,Manual,Diesel,2019.0,11112.0,145.0,47.9,2.0,78.0,1.0,23995
1360,Opel, Corsa,Manual,Petrol,2018.0,11367.0,145.0,20.745499786795904,1.4,42.0,3.0,7990
3809,Skoda, Fabia,Manual,Petrol,2017.0,17500.0,145.0,58.8,,41.0,0.0,8662
174,Audi, Q3,Manual,Diesel,2013.0,61278.0,145.0,,2.0,58.0,1.0,11498
3362,Ford, Focus,Manual,Petrol,2018.0,9795.0,145.0,58.9,1.0,32.0,3.0,14999
3583,BMW, 5 Series,Automatic,Diesel,2019.0,1550.0,145.0,62.8,2.0,94.0,1.0,29850
1126,Mercedes, A Class,Manual,Diesel,2015.0,64002.0,,65.7,2.1,71.0,2.0,11000
1720,BMW, 2 Series,Automatic,Petrol,2019.0,3286.0,145.0,39.8,3.0,50.0,0.0,27500
217,BMW, 1 Series,Manual,Diesel,2017.0,36274.0,145.0,70.6,1.5,86.0,4.0,12942
3315,VW, Golf,Manual,Diesel,2018.0,34756.0,150.0,61.4,1.6,69.0,0.0,15189
3442,Ford, Focu,Manual,Petrol,2018.0,16473.0,145.0,,1.0,50.0,1.0,11999
690,VW, Golf,Manual,Diesel,2019.0,10.0,145.0,55.4,,32.0,4.0,19498
3967,Ford, Fiesta,Manual,Petrol,,4798.0,145.0,65.7,1.0,98.0,1.0,12500
1822,Toyota, Aygo,Manual,Petrol,2019.0,9512.0,145.0,57.7,1.0,76.0,2.0,9716
3940,Skoda, Fabia,Manual,Petrol,2018.0,20236.0,150.0,64.2,1.0,83.0,2.0,7318
1444,Audi, Q5,Automatic,Diesel,2019.0,2000.0,145.0,39.2,2.0,85.0,0.0,30950
1427,BMW, 2 Series,Semi-Auto,Diesel,2020.0,1501.0,145.0,48.7,2.0,63.0,1.0,30995
3640,Audi, A5,Manual,Diesel,2015.0,48853.0,145.0,56.5,2.0,38.0,4.0,15998
2369,BMW, 4 Series,Semi-Auto,Petrol,2017.0,15333.0,160.0,45.6,2.0,58.0,1.0,19997
2749,Opel, Crossland X,Manual,Petrol,2019.0,8912.0,145.0,44.8,1.2,35.0,3.0,10890
2686,Toyota, Yaris,Manual,Petrol,2017.0,2781.0,150.0,58.9,1.5,37.0,3.0,9991
576,VW, T-Cross,Automatic,Petrol,2019.0,2010.0,145.0,45.6,1.0,85.0,2.0,18980
1557,Toyota, Yaris,Manual,Petrol,2019.0,3591.0,145.0,47.9,1.5,79.0,,12601
-79,Ford, Fiesta,manual,Petrol,2016.0,19763.0,125.0,54.3,1.2,125.10995148245615,2.0,7986
888,Skoda, Fabia,Manual,Petrol,2014.0,35929.0,125.0,53.3,1.2,85.0,2.0,6990
2655,Mercedes, C Class,Semi-Auto,Diesel,2018.0,11258.0,145.0,65.7,2.1,38.0,2.0,25999
3346,BMW, 3 Series,Automatic,Diesel,2018.0,10591.0,145.0,67.3,2.0,80.0,1.0,16200
2974,Ford, Focus,Manual,Diesel,2015.0,50004.0,0.0,74.3,1.5,57.0,3.0,8540
817,Opel, Corsa,Manual,Petrol,2017.0,17493.0,30.0,55.4,1.4,63.0,2.0,8479
208,Skoda, karoq,Automatic,Petrol,2018.0,20169.0,150.0,50.4,1.5,2.72515271650839,1.0,21495
293,Audi, A1,,Petrol,2017.0,25168.0,30.0,55.4,1.4,66.0,2.0,14399
1220,, 5 Series,Semi-Auto,Diesel,2019.0,3709.0,145.0,,3.0,96.0,0.0,37999
990,Audi,,Automatic,Diesel,2020.0,500.0,145.0,47.1,2.0,53.0,4.0,35490
3631,VW, Tiguan,Manual,Diesel,2016.0,8948.0,125.0,,2.0,49.0,0.0,17990
353,Ford, Fiesta,Manual,Petrol,2017.0,7210.0,0.0,65.7,1.0,33.0,2.0,11998
1672,Mercedes, C Class,Semi-Auto,Petrol,2019.0,707.0,,41.5,2.0,62.0,1.0,32099
2939,, GLC Class,Semi-Auto,Diesel,2016.0,26065.0,145.0,56.5,2.1,75.0,0.0,26320
2182,Ford, Fiesta,Manual,Petrol,2017.0,26000.0,150.0,65.7,1.0,51.0,4.0,9670
2586,VW,,Semi-Auto,Diesel,2017.0,36000.0,145.0,54.3,2.0,57.0,4.0,19700
2754,Opel, Corsa,Manual,Petrol,2019.0,7873.0,145.0,,1.4,97.0,2.0,9795
1657,Mercedes, A Class,Manual,Diesel,2016.0,30761.0,30.0,62.8,2.1,79.0,4.0,15000
2157,Toyota, Aygo,Manual,Petrol,2018.0,11262.0,145.0,,1.0,84.0,0.0,8158
-366,VW, Golf,Manual,Petro,2019.0,20010.0,145.0,49.6,1.0,83.0,0.0,14995
1338,BMW, 2 Series,Semi-Auto,Petrol,2019.0,15.0,145.0,,2.0,93.0,4.0,26806
2172,Mercedes, C Class,Semi-Auto,Petrol,2019.0,200.0,145.0,28.0,,60.0,0.0,88995
52,Ford, Focus,Automatic,Petrol,2013.0,45194.0,160.0,,1.6,95.0,0.0,6799
1553,Mercedes, c class,Semi-Auto,Diesel,2019.0,11064.0,,56.5,2.0,46.0,3.0,29480
2517,Mercedes, SL CLASS,Automatic,Petrol,2019.0,1623.0,145.0,47.1,2.0,,0.0,34120
3520,Toyota, Aygo,Manual,Petrol,2017.0,17000.0,150.0,68.9,1.0,58.0,4.0,7120
2372,VW, passat,Automatic,Hybrid,2019.0,9900.0,135.0,41.5,1.4,35.0,4.0,31000
2835,Ford, Fiesta,Manual,Petrol,2017.0,32482.0,,65.7,1.0,98.0,0.0,9950
1033,Ford, Focus,Manual,Diesel,2012.0,46849.0,20.0,67.3,1.6,38.0,1.0,7000
-409,Ford, Fiesta,Manual,petrol,2019.0,7036.0,145.0,58.9,2.6312004729689877,45.0,0.0,14599
1705,Opel, Astra,Manual,Petrol,2016.0,29131.0,150.0,47.1,,43.0,3.0,9998
3603,Ford, Fiesta,Manual,Petrol,2016.0,16647.0,0.0,65.7,1.0,91.0,1.0,9998
1426,VW, Tiguan,Semi-Auto,Diesel,2018.0,2315.0,145.0,57.6,2.0,93.0,0.0,20998
1192,Audi, A6,Automatic,Petrol,2018.0,16000.0,150.0,42.2,2.0,33.0,3.0,22000
30,Mercedes, E CLASS,Automatic,Diesel,2015.0,71496.0,160.0,51.4,2.1,66.0,0.0,13499
3820,Ford, Edge,Manual,Diesel,2017.0,27210.0,145.0,47.9,2.0,94.0,1.0,21060
-460,Skoda, Octavia,Semi-Auto,petro,2019.0,5906.0,145.0,55.4,1.5,35.0,3.0,16995
2452,BMW, X4,Semi-Auto,Diesel,2019.0,,145.0,40.9,,94.0,4.0,39450
436,Skoda, Octavia,Manual,Diesel,2019.0,13650.0,145.0,67.3,1.6,61.0,2.0,13990
912,BMW, X1,Automatic,Diesel,2019.0,123.0,145.0,60.1,2.0,52.0,1.0,28410
3661,Ford, Fiesta,Manual,Petrol,2018.0,19550.0,145.0,56.5,1.0,68.0,0.0,11200
-154,Mercedes, C Class,semi-auto,Petrol,2019.0,8960.0,145.0,46.3,1.5,94.0,4.0,25499
3487,Mercedes,,Semi-Auto,Petrol,2016.0,40000.0,205.0,43.5,2.0,90.0,0.0,20999
1905,Ford, Fiesta,Manual,Petrol,,9438.0,145.0,,1.0,79.0,2.0,11200
3274,VW, Passat,Semi-Auto,Diesel,2017.0,77445.0,145.0,70.6,1.6,94.0,4.0,11691
903,Opel, Insignia,Automatic,Diesel,2018.0,34647.0,145.0,55.4,1.6,95.0,2.0,13000
2668,Audi, Q3,Manual,Diesel,2015.0,60820.0,165.0,,2.0,77.0,2.0,13291
2124,VW, Golf,Manual,Petrol,2015.0,46987.0,200.0,39.8,2.0,90.0,1.0,17442
-508,yundai, Kona,Manual,Petrol,2020.0,2622.0,145.0,44.1,1.0,,4.0,16991
183,VW, Tiguan,Semi-Auto,Diesel,2017.0,32950.0,145.0,49.6,2.0,34.0,2.0,19200
3196,BMW, Z3,,Petrol,1998.0,56500.0,270.0,35.3,1.9,96.0,2.0,3950
1378,Ford, Ka+,Manual,Petrol,2017.0,26733.0,145.0,57.7,1.2,75.0,4.0,7500
321,BMW, 2 Series,Semi-Auto,Petrol,2018.0,8090.0,150.0,47.9,2.0,82.0,0.0,20870
-56,BM, X5,Automatic,,2015.0,48000.0,200.0,47.1,3.0,77.0,3.0,24990
1345,VW, Tiguan,Manual,Petrol,2018.0,14522.0,,46.3,1.4,38.0,1.0,18490
1662,Ford, Focus,Manual,Petrol,2018.0,17897.0,145.0,,1.0,62.0,4.0,13450
1627,Ford, B-MAX,Manual,Diesel,2014.0,38058.0,20.0,,1.6,93.0,1.0,7199
-82,Ford, Focus,manual,Petrol,2016.0,38313.0,,,1.0,75.0,0.0,8498
-49,Audi, A5,Automatic,Diesel,2019.0,10897.0,-60.68409479537365,47.9,2.0,47.0,2.0,34256
44,Audi, Q3,Semi-Auto,Petrol,2017.0,9078.0,145.0,40.4,2.0,68.0,4.0,24995
1157,, Mokka X,Semi-Auto,Petrol,2017.0,18200.0,,43.5,1.4,88.0,4.0,11810
2097,VW, Caddy Maxi Life,Semi-Auto,Diesel,2019.0,13309.0,150.0,58.9,2.0,99.0,1.0,18990
2772,Hyundai, I40,Manual,Diesel,2017.0,26500.0,150.0,,1.7,86.0,0.0,11388
1912,VW, Golf,Manual,Diesel,2020.0,99.0,145.0,57.7,1.6,55.0,1.0,18495
1260,Opel, Corsa,Manual,Petrol,2018.0,5800.0,,,1.4,62.0,0.0,9599
801,Ford, Edge,Semi-Auto,Diesel,2019.0,5542.0,145.0,37.2,2.0,30.0,2.0,32599
2698,Opel, mokka,Manual,Petrol,2016.0,17204.0,160.0,44.8,1.4,82.0,0.0,10698
2095,Ford, Fiesta,Manual,Petrol,2018.0,54400.0,145.0,64.2,1.1,69.0,4.0,7995
1173,Hyundai, Tucson,Manual,Petrol,2018.0,23091.0,145.0,44.8,1.6,50.0,0.0,13690
1954,VW, Polo,Manual,Petrol,2015.0,36413.0,20.0,60.1,1.0,80.0,1.0,7140
256,BMW, 3 Series,Manual,Diesel,2020.0,101.0,145.0,58.9,2.0,79.0,0.0,22990
3341,VW, Sharan,Semi-Auto,Diesel,2017.0,15352.0,150.0,54.3,2.0,84.0,1.0,19991
-469,Mercedes, GLA Class,Semi-Aut,Petrol,2019.0,11229.0,145.0,36.2,1.6,44.0,4.0,24799
1151,BMW, 3 Series,Manual,Diesel,2013.0,83000.0,30.0,62.8,2.0,97.0,2.0,7495
1924,Skoda, Octavia,Semi-Auto,Diesel,2013.0,52996.0,30.0,62.8,2.0,67.0,4.0,7999
647,BMW, M4,Manual,Petrol,2017.0,15500.0,330.0,32.1,3.0,71.0,0.0,35995
2468,Ford, Fiesta,Manual,Petrol,2018.0,24122.0,,64.2,1.1,93.0,4.0,9391
2836,Ford, focus,Manual,Diesel,2016.0,30086.0,0.0,74.3,1.5,85.0,0.0,10250
1419,Ford, Mondeo,Manual,Diesel,2015.0,73991.0,30.0,65.7,2.0,46.0,3.0,8470
-487,Hyundai, IX35,manual,Petrol,2014.0,39472.0,200.0,41.5,1.6,63.0,2.0,7750
1503,Mercedes, A Class,Semi-Auto,Petrol,2019.0,5931.0,145.0,28.5,1.3,90.0,1.0,23495
1476,Toyota, Yaris,Automatic,Petrol,2019.0,2999.0,145.0,47.9,1.5,59.0,3.0,13299
2115,Ford, Focus,Manual,Diesel,2017.0,24498.0,145.0,,2.0,34.0,0.0,16698
1292,Ford, Focus,Manual,Petrol,2019.0,,145.0,58.9,1.0,93.0,1.0,15295
3365,BMW, X4,Automatic,Diesel,2015.0,51532.0,145.0,54.3,2.0,80.0,0.0,19500
2659,BMW, X5,Automatic,Diesel,2015.0,36439.0,205.0,,3.0,31.0,1.0,28950
263,Mercedes, C Class,Manual,Petrol,2017.0,25820.0,125.0,53.3,2.0,96.0,2.0,14307
1417,VW, Polo,Manual,Petrol,2017.0,28233.0,150.0,60.1,1.2,55.0,1.0,10691
56,Mercedes, GLE Class,Semi-Auto,Diesel,2017.0,23632.0,,47.9,2.1,75.0,3.0,30199
695,Opel, Meriva,Automatic,Petrol,2017.0,3230.0,235.0,39.8,1.4,67.0,3.0,9998
1474,Ford, Focus,Manual,Petrol,2019.0,2112.0,145.0,60.1,1.0,92.0,4.0,17500
-362,FORD, Focus,Automatic,petrol,2018.0,22587.0,,,1.0,33.0,3.0,14500
1315,Ford, Fiesta,Manual,Petrol,2017.0,26394.0,145.0,,1.0,48.0,3.0,9991
3825,BMW, 2 Series,Semi-Auto,Petrol,2020.0,10.0,,50.4,1.5,36.0,0.0,20980
1904,Opel, Astra,Manual,Diesel,2011.0,63000.0,145.0,55.4,2.0,76.0,4.0,4500
682,, Viva,Manual,Petrol,2017.0,11662.0,145.0,,1.0,70.0,2.0,6000
1815,VW, Golf,Manual,Diesel,2017.0,41364.0,145.0,60.1,2.0,74.0,4.0,16989
1504,Toyota, C-HR,Automatic,Hybrid,2017.0,18628.0,135.0,74.3,1.8,69.0,2.0,21495
-467,audi, Q2,SEMI-AUTO,,2019.0,2468.0,145.0,46.3,1.6,78.0,4.0,21950
2422,Hyundai, I20,Manual,Petrol,2016.0,32182.0,30.0,92.11045520662186,1.2,83.0,4.0,7250
286,Opel, Mokka,Manual,Diesel,2015.0,34254.0,20.0,68.9,1.6,53.0,3.0,8998
1554,BMW, X1,Semi-Auto,Diesel,2017.0,25917.0,125.0,57.6,2.0,72.0,3.0,19912
3888,Skoda, Fabia,Manual,Petrol,2019.0,14315.0,145.0,57.7,1.0,75.0,1.0,10990
3755,Opel, Mokka X,Manual,Petrol,2019.0,12012.0,145.0,39.2,1.4,62.0,1.0,12998
3298,Ford, Focus,Manual,Diesel,2017.0,14090.0,145.0,74.3,1.5,64.0,4.0,11370
3001,Mercedes, C Class,Automatic,Petrol,2019.0,1800.0,145.0,44.1,2.0,66.0,4.0,32499
1583,BMW, 4 Series,Automatic,Diesel,2015.0,24102.0,145.0,56.5,2.0,96.0,1.0,18990
736,Mercedes, E Class,Automatic,Diesel,2019.0,8000.0,145.0,45.6,2.0,86.0,0.0,31995
3460,Mercedes, E Class,Automatic,Diesel,2018.0,32250.0,145.0,72.4,2.0,37.0,3.0,19000
3833,BMW, 3 Series,Semi-Auto,Diesel,2019.0,4063.0,145.0,62.8,2.0,62.0,1.0,23980
-403,SKODA, Rapid,Manual,,2013.0,56090.0,30.0,64.2,1.6,78.0,3.0,5995
2615,Audi, Q3,Manual,Petrol,2019.0,3457.0,145.0,39.8,1.5,64.0,1.0,28750
-8,Opel, Astra,anual,Diesel,2014.0,73429.0,30.0,65.7,1.7,97.0,0.0,5410
1071,Audi, A4,Manual,Diesel,2013.0,48261.0,30.0,64.2,2.0,30.0,0.0,9399
-404,VW, Polo,Semi-Aut,Petrol,2017.0,27500.0,-49.15354066338728,60.1,1.2,62.0,2.0,11750
1268,Opel, Mokka X,Manual,Petrol,2019.0,4883.0,145.0,47.1,1.4,69.0,0.0,15698
1909,Opel, Insignia,Manual,Diesel,2016.0,,0.0,74.3,1.6,67.0,3.0,5493
1479,VW, Golf,Manual,Petrol,2016.0,40000.0,30.0,53.3,1.4,47.0,0.0,11350
2195,VW, Passat,Automatic,Diesel,2019.0,13000.0,145.0,49.6,2.0,31.0,4.0,24990
3526,Hyundai,I10,Manual,Petrol,2018.0,29157.0,145.0,60.1,1.0,62.0,4.0,7180
2855,Ford, Fiesta,Manual,Petrol,2019.0,1667.0,145.0,58.9,1.0,64.0,3.0,15995
498,BMW, 5 Series,Automatic,Diesel,2020.0,110.0,145.0,,2.0,59.0,3.0,34550
-567,Toyota, Auris,Manua,Petrol,2009.0,44000.0,190.0,43.5,1.6,73.0,3.0,3990
1437,Ford, Fiesta,Manual,Petrol,2018.0,4706.0,145.0,65.7,1.0,53.0,2.0,14250
2184,Opel, Corsa,Manual,Petrol,2018.0,8591.0,145.0,54.3,1.4,53.0,4.0,8999
3959,VW, Polo,Manual,Petrol,2017.0,14424.0,145.0,58.9,1.0,55.0,2.0,9690
-212,Ford, Focus,Manual,Petro,2019.0,8000.0,,,1.0,99.0,4.0,15990
2925,Skoda, Yeti,Semi-Auto,Petrol,2016.0,33800.0,125.0,51.4,1.2,60.0,4.0,12995
-372,Aud, A4,Automatic,Diesel,2016.0,44660.0,0.0,72.4,2.0,69.0,2.0,13295
1022,Mercedes, A Class,Manual,Diesel,2014.0,42000.0,20.0,70.6,1.5,75.0,1.0,10990
1897,VW, Golf,Semi-Auto,Petrol,2017.0,23751.0,200.0,39.8,2.0,78.0,3.0,21995
-496,ord, Kuga,,Diesel,2018.0,30004.0,145.0,60.1,,71.0,2.0,16495
1490,VW, Passat,Semi-Auto,Petrol,2019.0,2794.0,145.0,39.2,1.5,78.0,2.0,24288
1634,Opel, Crossland X,Manual,Petrol,2018.0,16901.0,145.0,44.8,1.2,92.0,4.0,10998
665,VW, Golf,Manual,Petrol,2016.0,36000.0,,47.1,2.0,82.0,4.0,16495
-92,Opel, Corsa,Manual,etrol,2015.0,24360.0,125.0,53.3,1.2,78.0,4.0,7510
2250,Toyota, Aygo,Manual,Petrol,2016.0,18376.0,0.0,69.0,1.0,44.0,0.0,6950
1017,BMW, 3 Series,Semi-Auto,Diesel,2018.0,13909.0,145.0,60.1,2.0,89.0,1.0,19895
1588,Mercedes, C Class,Semi-Auto,Diesel,2016.0,17600.0,30.0,64.2,2.1,60.0,1.0,19290
-561,VW, Arteon,Semi-Auto,petrol,2019.0,9000.0,145.0,47.1,,51.0,1.0,25500
1207,BMW, 1 Series,Manual,Petrol,2019.0,1906.0,145.0,44.1,1.5,66.0,3.0,21000
1507,VW, Golf,Semi-Auto,Petrol,2019.0,8421.0,145.0,32.8,2.0,56.0,4.0,28689
2607,Ford, Fiesta,Manual,Petrol,2017.0,16762.0,145.0,47.9,1.6,34.0,4.0,12695
2867,VW, Tiguan,Automatic,,2019.0,8980.0,145.0,45.6,2.0,52.0,4.0,29950
245,VW, Golf,Manual,Diesel,2015.0,39215.0,0.0,88.3,1.6,37.0,3.0,8995
1163,Opel, Astra,Manual,Diesel,2015.0,39046.0,,62.8,2.0,76.0,0.0,6999
266,Audi, RS3,Semi-Auto,Petrol,2016.0,16594.0,300.0,,2.5,48.0,2.0,31072
3926,Toyota, AYGO,Semi-Auto,Petrol,2019.0,1862.0,145.0,55.4,1.0,56.0,4.0,12999
1114,Ford, Fiesta,Manual,Petrol,2020.0,1500.0,145.0,58.9,1.0,94.0,0.0,16500
63,Toyota, Prius,Automatic,Hybrid,2016.0,31055.0,0.0,94.1,1.8,68.0,0.0,16890
1745,Ford, fiesta,Manual,Petrol,2017.0,20000.0,145.0,65.7,1.0,77.0,0.0,9445
2856,Ford, Fiesta,Semi-Auto,Petrol,2013.0,23000.0,145.0,47.9,1.6,94.0,0.0,7995
2850,BMW, 2 Series,Manual,Petrol,2016.0,7390.0,165.0,44.8,2.0,30.0,2.0,15490
2554,VW, Passat,Semi-Auto,Diesel,2016.0,67022.0,30.0,62.8,2.0,96.0,3.0,9790
1461,VW, Golf,Manual,Diesel,2014.0,152420.0,20.0,67.3,2.0,78.0,2.0,8599
3853,Ford, Kuga,Manual,Diesel,2017.0,23581.0,,60.1,2.0,74.0,1.0,14000
1864,Mercedes, c class,Semi-Auto,Diesel,2017.0,20981.0,30.0,64.2,0.3070739443691206,54.0,3.0,21498
3312,Ford, Galaxy,Manual,Diesel,2018.0,55203.0,150.0,56.5,2.0,53.0,1.0,13985
3082,Mercedes, A Class,Semi-Auto,Diesel,2020.0,1000.0,145.0,67.3,1.5,32.0,1.0,24109
1237,BMW, X1,Manual,Diesel,2013.0,80625.0,,51.4,2.0,92.0,4.0,8750
103,Ford, Fiesta,Manual,Petrol,2017.0,20518.0,125.0,54.3,1.2,33.0,0.0,8697
2834,Ford, Focus,Manual,Petrol,2017.0,11717.0,145.0,41.5,2.0,79.0,0.0,19000
3179,VW, Golf,Manual,Diesel,2019.0,5414.0,145.0,57.7,1.6,31.0,0.0,16693
508,VW, Pol,Semi-Auto,Petrol,2020.0,5000.0,145.0,39.8,2.0,84.0,2.0,21490
1808,Opel, Zafira,Manual,Petrol,2017.0,24346.0,145.0,41.5,1.4,89.0,2.0,11475
-537,Ford, Fiest,Manual,DIESEL,2017.0,29887.0,0.0,78.5,1.5,38.0,0.0,8200
2118,Mercedes, A Class,Semi-Auto,Petrol,2020.0,1000.0,145.0,,,34.0,,25879
865,Skoda, Octavia,Automatic,Diesel,2018.0,5475.0,145.0,67.3,2.0,90.0,0.0,15000
2088,Mercedes, E Class,Automatic,Diesel,2013.0,31000.0,145.0,,2.2,76.0,1.0,13995
908,Ford, Focus,Manual,Diesel,2019.0,11795.0,145.0,74.3,1.5,61.0,1.0,15810
1626,Opel, Corsa,Manual,Petrol,2016.0,24914.0,30.0,55.4,1.4,49.0,4.0,8498
835,VW, Polo,Manual,Petrol,2019.0,2275.0,145.0,52.3,1.0,39.0,4.0,13995
358,Ford, focus,Manual,Petrol,2017.0,10222.0,145.0,41.5,2.0,50.0,2.0,18998
3678,Hyundai, I10,Manual,Petrol,2018.0,14804.0,145.0,60.1,1.0,70.0,2.0,8490
299,Ford, fiesta,Manual,Petrol,2017.0,12632.0,0.0,65.7,1.0,51.0,3.0,10195
1003,Ford, Focus,Semi-Auto,Petrol,2017.0,17525.0,125.0,51.4,1.0,73.0,,13000
1789,Hyundai, Tucson,Automatic,Diesel,2016.0,25233.0,235.0,43.5,2.0,52.0,3.0,14499
941,Ford, Focus,Manual,Diesel,2019.0,14316.0,150.0,,1.5,78.0,3.0,14498
1438,Toyota, Yaris,Automatic,Hybrid,2016.0,13486.0,,78.0,1.5,99.0,1.0,12995
761,Ford, Focus,Manual,Diesel,2015.0,47192.0,20.0,67.3,1.6,54.0,3.0,7700
1412,BMW, X5,Automatic,Diesel,,35499.0,200.0,47.1,3.0,85.0,0.0,31790
-224,Skoda, Superb,utomatic,Petrol,2019.0,5700.0,145.0,36.7,1.5,49.0,3.0,18980
1569,Audi, A6,Semi-Auto,Diesel,2016.0,19862.0,145.0,56.5,2.0,36.0,3.0,20000
3727,Hyundai, i10,Semi-Auto,Petrol,2017.0,15526.0,150.0,47.9,1.2,86.0,4.0,8500
-330,mercedes, C Class,Semi-Auto,Diesel,2017.0,11304.0,,,2.1,41.0,1.0,22799
3206,, Gol,Manual,Petrol,,21706.0,150.0,47.1,2.0,59.0,1.0,19999
3965,Ford, Focus,Manual,Petrol,2019.0,12892.0,,60.1,1.0,71.0,3.0,15199
3199,Skoda, Octavia,Manual,Petrol,2017.0,30972.0,150.0,58.9,1.0,43.0,0.0,11495
1188,Ford, Focus,Manual,Petrol,2012.0,81000.0,145.0,47.9,1.6,39.0,4.0,4995
2534,Hyundai, Santa Fe,Semi-Auto,Diesel,2019.0,2715.0,145.0,42.8,2.2,92.0,3.0,29995
1532,Opel, Grandland X,Manual,Diesel,2019.0,6524.0,,55.4,1.5,,4.0,17991
-178,Skoda, Citigo,Manual,etrol,2017.0,19526.0,150.0,68.9,1.0,62.0,1.0,6995
108,Audi, Q3,Semi-Auto,Diesel,2016.0,42583.0,150.0,51.4,2.0,91.0,0.0,16990
3523,Hyundai, IX20,,Petrol,2015.0,27328.0,125.0,50.4,1.4,87.0,3.0,8032
1397,Toyota, Yaris,Automatic,Petrol,2015.0,8370.0,30.0,55.0,1.3,45.0,0.0,10360
58,Audi, A4,Manual,Petrol,2017.0,28801.0,125.0,49.6,2.0,39.0,2.0,16498
76,Toyota, Yaris,,Petrol,2020.0,413.0,145.0,47.9,1.5,83.0,1.0,15885
3912,Mercedes, C Class,Automatic,Petrol,2019.0,1250.0,145.0,42.2,2.0,82.0,1.0,35000
368,VW, Golf,Manual,Petrol,2019.0,4796.0,145.0,47.1,1.5,79.0,1.0,17298
1743,Opel, Adam,Manual,Petrol,2016.0,32772.0,125.0,53.3,1.4,99.0,3.0,7300
785,Opel, Corsa,Manual,Petrol,2016.0,7312.0,30.0,55.4,1.4,42.0,2.0,7898
3422,Toyota, Yaris,Manual,Petrol,2015.0,43455.0,30.0,58.0,1.3,77.0,2.0,7750
3977,VW, Tiguan,Automatic,Diesel,2019.0,8192.0,145.0,39.8,2.0,78.0,4.0,28695
2236,VW, Golf,Semi-Auto,Petrol,2020.0,10.0,150.0,32.8,2.0,77.0,2.0,31498
1921,VW,,Semi-Auto,Diesel,2017.0,29142.0,150.0,49.6,2.0,54.0,1.0,21990
2997,Mercedes, E Class,Semi-Auto,Diesel,2019.0,7697.0,145.0,48.7,3.0,75.0,0.0,35849
1295,Mercedes, CL Class,Semi-Auto,Petrol,2019.0,5896.0,150.0,,2.0,81.0,4.0,26795
121,BMW, X1,Manual,Petrol,2019.0,1272.0,,54.3,1.5,95.0,3.0,22500
-495,ford, S-MAX,Manual,Diesel,2017.0,40443.0,145.0,56.5,2.0,84.0,3.0,17999
2216,Audi, A3,Manual,Diesel,2015.0,39362.0,20.0,68.9,2.0,94.0,3.0,12391
-234,Audi, A3,SEMI-AUTO,Petrol,2017.0,23957.0,145.0,43.5,2.0,45.0,3.0,25990
910,Opel, Astra,Manual,Petrol,2018.0,,145.0,,1.0,82.0,0.0,10395
124,Toyota, Aygo,Manual,Petrol,2019.0,5000.0,145.0,,1.0,37.0,4.0,9295
1886,VW, Polo,Manual,Petrol,2019.0,11703.0,145.0,,1.0,63.0,4.0,12250
1257,Ford, Fiesta,Manual,Petrol,2017.0,22000.0,,65.7,1.0,71.0,1.0,10000
2918,Mercedes, CL Class,Manual,Petrol,2017.0,32282.0,145.0,51.4,1.6,88.0,4.0,16490
3244,BMW, 1 Series,Automatic,Petrol,2017.0,4632.0,145.0,54.3,1.5,49.0,2.0,17695
1178,BMW, X5,Automatic,Diesel,2017.0,,145.0,42.8,,43.0,2.0,57990
2943,VW, Golf,Manual,Petrol,2014.0,46992.0,150.0,47.1,2.0,64.0,4.0,13991
-27,VW, Golf, Manual ,Petrol,2019.0,11639.0,145.0,45.6,1.5,99.0,4.0,17291
442,Opel, Insignia,Manual,Petrol,2017.0,91480.0,145.0,46.3,1.5,38.0,0.0,10000
2463,BMW, X3,Automatic,Diesel,2019.0,2500.0,145.0,54.3,2.0,94.0,3.0,36950
-245,Ope, Mokka X,Manual,Petrol,2019.0,8.0,145.0,,1.4,66.0,4.0,16000
2940,Ford, Fiesta,Manual,Petrol,2018.0,,145.0,65.7,1.0,44.0,3.0,11295
1322,, q3,Manual,Petrol,2017.0,47133.0,125.0,51.4,1.4,86.0,1.0,14999
1227,Mercedes,,Manual,Petrol,2017.0,13943.0,145.0,51.4,1.6,99.0,0.0,15281
3046,BMW, 5 Series,Automatic,Diesel,2019.0,3718.0,145.0,,2.0,68.0,4.0,30980
324,Opel, Zafira,Manual,Petrol,2017.0,29603.0,200.0,42.2,1.4,3.1726830595677384,4.0,10600
2614,VW, up,Manual,Petrol,2019.0,1900.0,150.0,54.3,1.0,97.0,4.0,9980
2221,Toyota, C-HR,Automatic,Hybrid,2018.0,13741.0,,74.3,1.8,71.0,2.0,20795
2351,VW, Touran,Semi-Auto,Petrol,2017.0,20685.0,125.0,51.4,1.4,,3.0,19841
2798,Ford, Focus,Manual,Petrol,2019.0,2500.0,145.0,34.5,2.3,86.0,1.0,28000
2576,Mercedes, C Class,Semi-Auto,Diesel,2019.0,8714.0,145.0,61.4,2.0,96.0,1.0,26999
1006,VW, Golf,Manual,Diesel,2020.0,5011.0,145.0,57.7,1.6,81.0,2.0,18995
3119,Audi, A5,Automatic,Diesel,2016.0,38895.0,125.0,58.9,2.0,75.0,1.0,17000
1225,Opel, Mokka,Manual,Diesel,2015.0,115000.0,20.0,68.9,1.6,87.0,1.0,5993
2810,Ford, Fiesta,Manual,Petrol,2015.0,34362.0,125.0,54.3,,86.0,0.0,7498
3750,Skoda, Yeti Outdoor,Semi-Auto,Petrol,2017.0,27769.0,150.0,51.4,1.2,83.0,1.0,12999
1216,VW, Polo,Manual,Petrol,2013.0,17638.0,125.0,51.4,1.2,54.0,0.0,7381
-408,VW, Passat,Semi-Auto,etrol,2019.0,4410.0,145.0,41.5,1.5,92.0,3.0,19298
420,Mercedes, SLK,Semi-Auto,Diesel,2014.0,69866.0,145.0,56.5,2.0,66.0,0.0,11100
2899,Ford, Focus,Manual,Petrol,2018.0,7066.0,145.0,57.7,1.0,87.0,0.0,14497
6,Opel, Viva,Semi-Auto,Petrol,2018.0,5746.0,145.0,62.8,1.0,87.0,0.0,8000
932,Audi, A3,Manual,Diesel,2016.0,74924.0,,67.3,2.0,70.0,0.0,10500
439,Toyota, Aygo,Manual,Petrol,2018.0,11378.0,,56.5,1.0,66.0,2.0,7888
1313,, fiesta,Manual,Petrol,2009.0,61171.0,,49.6,1.2,48.0,4.0,3895
3753,Ford, Fiesta,Manual,Petrol,2016.0,10864.0,125.0,54.3,1.2,73.0,3.0,8950
2218,VW, Up,Manual,Petrol,2018.0,10000.0,150.0,54.3,1.0,87.0,3.0,8495
1878,VW, T-Cross,Manual,Petrol,2019.0,6.0,145.0,47.9,1.0,88.0,3.0,19498
-266,bmw, 1 Series,Manual,Diesel,2016.0,-58540.5744775577,0.0,83.1,1.5,59.0,3.0,9699
-413,Audi, A4,Semi-Auto,Diesel,2017.0,66598.0,30.0,65.7,2.0,125.30194543254365,4.0,15990
2153,Mercedes, CLS Class,Automatic,Diesel,2014.0,100552.0,200.0,46.3,3.0,48.0,3.0,11975
2092,Mercedes, A Class,Manual,Diesel,2016.0,43132.0,20.0,68.9,1.5,75.0,4.0,14459
3155,Ford, Fiesta,Manual,Petrol,2015.0,49142.0,125.0,,1.2,40.0,3.0,7000
1425,Opel,Zafira,Manual,Petrol,2016.0,49377.0,200.0,,1.4,51.0,2.0,9995
3704,Ford, Focus,Manual,Petrol,2019.0,7989.0,145.0,60.1,1.0,82.0,2.0,15700
2364,Opel, Zafira,Manual,Petrol,2016.0,26873.0,200.0,42.2,1.4,,1.0,8991
2252,Ford, Fiesta,Manual,Petrol,2018.0,38151.0,145.0,65.7,1.0,49.0,0.0,8930
194,VW, polo,Manual,Petrol,2013.0,56105.0,125.0,51.4,1.2,74.0,,6000
2031,BMW, X6,Automatic,Diesel,2019.0,5980.0,145.0,34.9,3.0,30.0,1.0,56290
2091,VW, Sharan,Semi-Auto,Petrol,2020.0,746.0,145.0,32.5,1.4,84.0,0.0,28990
2301,Skoda, Citigo,Manual,Petrol,2013.0,13838.0,,62.8,1.0,82.0,2.0,4947
2561,Ford, Fiesta,Manual,Petrol,2017.0,11360.0,0.0,65.7,1.0,35.0,0.0,8800
-554,ord, Fiesta,Manual,Petrol,2017.0,16886.0,125.0,54.3,1.2,45.0,3.0,7697
1391,BMW, 5 Series,Automatic,Diesel,2016.0,101153.3482853059,30.0,62.8,2.0,57.0,2.0,15000
1130,VW, Golf,Semi-Auto,Petrol,2019.0,9958.0,145.0,45.6,1.0,44.0,1.0,16690
3416,Ford, Focus,Manual,Diesel,2015.0,66486.0,20.0,67.3,2.0,31.0,2.0,10200
-22,Ford, Fiesta,unknown,Diesel,2018.0,16975.0,145.0,88.3,1.5,30.0,3.0,12490
1302,BMW, 3 Series,Semi-Auto,Diesel,2020.0,12.0,145.0,48.7,2.0,50.0,2.0,32475
-10,Ford, focus,semi-auto,Petrol,2017.0,16515.0,,,1.0,83.0,1.0,12430
222,Mercedes, C Class,Semi-Auto,Diesel,2017.0,12505.0,125.0,60.1,2.1,60.0,1.0,20495
1869,VW, Golf,Manual,Diesel,2017.0,18105.0,0.0,74.3,1.6,36.0,4.0,14392
1448,Opel, Mokka X,Manual,Petrol,2019.0,11569.0,145.0,39.2,1.4,52.0,1.0,12000
573,Ford, Fiesta,Manual,Petrol,2018.0,22175.0,145.0,56.5,1.0,51.0,0.0,11250
1236,VW, Up,Manual,Petrol,2017.0,18770.0,145.0,64.2,1.0,33.0,,7999
3792,BMW, X1,Semi-Auto,Diesel,2014.0,55000.0,150.0,56.5,0.3134065828348564,43.0,,10295
1334,VW, Polo,Manual,Petrol,2016.0,11814.0,20.0,60.1,1.2,48.0,0.0,11500
3017,Mercedes, C Class,Automatic,Diesel,2019.0,4885.0,145.0,57.7,2.0,85.0,3.0,29498
418,Audi,,Manual,Diesel,2017.0,31587.0,150.0,60.1,2.0,72.0,3.0,20435
-165,ercedes, A Class,Semi-Auto,Petrol,2018.0,,145.0,53.3,1.3,67.0,3.0,20570
1104,Mercedes, C Class,Automatic,Petrol,2014.0,20000.0,165.0,44.8,1.6,30.0,1.0,12495
257,Opel, Mokka,Manual,,2015.0,31379.0,200.0,40.9,1.6,45.0,1.0,7998
295,Hyundai, Tucson,Semi-Auto,Diesel,2017.0,35043.0,125.0,57.6,1.7,55.0,3.0,21354
2440,Opel, Mokka X,Manual,Petrol,2017.0,16967.0,200.0,42.2,1.6,,3.0,10291
2605,VW, Golf,Semi-Auto,Diesel,2019.0,3935.0,150.0,52.3,2.0,41.0,1.0,19450
3873,Ford, Focus,,Diesel,2019.0,11407.0,145.0,,1.5,48.0,2.0,16481
2057,Mercedes, GLC Clas,Automatic,Diesel,2018.0,16176.0,150.0,56.5,2.1,57.0,2.0,31995
1434,VW, Polo,Manual,Diesel,2014.0,42500.0,0.0,60.1,1.4,51.0,3.0,7390
3962,Audi, A1,Semi-Auto,Petrol,2019.0,7650.0,145.0,47.1,,58.0,3.0,19750
712,Opel, Mokka X,Manual,Petrol,2019.0,19700.0,150.0,39.2,1.4,48.0,2.0,13490
2547,VW, Golf,Manual,Diesel,2019.0,3255.0,145.0,62.8,2.0,58.0,3.0,21695
-117,Opel, Insignia,Manual,Petrol,2018.0,31680.0,145.0,47.1,1.5,91.0,-2.299438676275689,12999
3437,Ford, Fiesta,Manual,Petrol,2018.0,6397.0,145.0,56.5,1.0,63.0,3.0,12491
3340,Ford, Fiesta,Semi-Auto,Petrol,2017.0,21899.0,0.0,57.7,1.0,38.0,3.0,9789
1289,Mercedes, C Class,Automatic,Diesel,2015.0,34797.0,30.0,64.2,2.1,54.0,3.0,17900
449,Ford, Edge,Semi-Auto,Diesel,2016.0,32736.0,160.0,48.7,2.0,91.0,0.0,19995
3774,Opel, Grandland X,Manual,Diesel,,2876.0,145.0,55.4,1.5,89.0,0.0,17499
2194,Hyundai, Kona,,Petrol,2018.0,,145.0,44.1,1.0,45.0,2.0,13498
958,Hyundai, I10,,Petrol,2018.0,7804.0,145.0,,1.2,71.0,1.0,9633
1533,Audi, A3,Semi-Auto,Diesel,2013.0,44405.0,125.0,58.9,2.0,46.0,0.0,13500
654,BMW, 4 Series,Semi-Auto,Diesel,2019.0,1893.0,145.0,60.1,2.0,96.0,2.0,24995
1497,Audi, a3,Manual,Diesel,2019.0,5797.0,145.0,52.3,1.6,84.0,3.0,22850
3844,Opel, Corsa,Manual,Petrol,2016.0,40385.0,30.0,54.3,1.4,92.0,0.0,7298
2337,VW, Tiguan,Semi-Auto,Petrol,2019.0,6458.0,145.0,30.4,2.0,52.0,2.0,29442
1703,Audi, TT,Semi-Auto,Petrol,,4060.0,145.0,30.7,2.5,53.0,2.0,49000
411,Mercedes, C Class,Automatic,Diesel,2016.0,34972.0,30.0,65.7,1.6,69.0,0.0,16000
1744,Mercedes, C Class,Semi-Auto,Diesel,2015.0,37000.0,30.0,64.2,2.1,75.0,2.0,17450
2034,Opel, Corsa,Manual,Petrol,2016.0,2016.0,30.0,,1.4,44.0,3.0,7562
2894,BMW, 5 Series,Automatic,Diesel,2014.0,73500.0,30.0,62.8,2.0,69.0,4.0,12000
1880,VW, Golf,Manual,Petrol,2019.0,6720.0,145.0,47.1,1.5,94.0,0.0,17498
2011,Audi, Q5,Semi-Auto,Petrol,2014.0,47648.0,260.0,35.8,2.0,80.0,3.0,18998
2457,Ford,Fiesta,Manual,Petrol,2013.0,46028.0,30.0,54.3,1.2,61.0,4.0,5995
-88,Audi, A6,Automati,Diesel,2019.0,10727.0,145.0,39.2,3.0,89.0,1.0,35399
3148,Ford, Focus,Automatic,Petrol,2019.0,13312.0,145.0,50.4,1.0,95.0,2.0,15298
430,VW, Golf,,Other,2020.0,10018.0,150.0,50.4,1.5,98.0,4.0,19995
2481,Mercedes, C Class,Automatic,Diesel,2017.0,38082.0,150.0,61.4,2.1,94.0,2.0,18500
1366,Ford, Fiesta,Manual,Petrol,2016.0,30356.0,20.0,62.8,1.0,32.0,4.0,9500
1874,Skoda, Citigo,Manual,Petrol,2016.0,15880.0,20.0,62.8,1.0,36.0,2.0,5990
2420,BMW, 2 Series,Semi-Auto,Diesel,2019.0,1223.0,145.0,49.6,2.0,32.0,2.0,23780
1176,Audi, A1,Semi-Auto,Petrol,2018.0,1643.0,145.0,64.2,1.0,61.0,2.0,13495
2954,BMW, 1 Series,Manual,Petrol,2012.0,92000.0,145.0,49.6,1.6,49.0,3.0,5995
3536,VW, Touran,Manual,Diesel,2013.0,44800.0,125.0,61.4,1.6,78.0,4.0,9990
-393,BMW, 4 Series,Semi-Auto,iesel,2018.0,7450.0,145.0,55.4,3.0,66.0,1.0,22995
102,Mercedes, B Class,Manual,Diesel,2017.0,16941.0,145.0,68.9,1.5,82.0,0.0,13862
2179,BMW, 3 Series,Semi-Auto,Petrol,2019.0,3766.0,145.0,34.9,3.0,82.0,2.0,37980
1501,Opel, Corsa,Automatic,Petrol,2016.0,26256.0,145.0,47.9,1.4,89.0,4.0,9995
1263,BMW, 3 Series,Automatic,Diesel,2012.0,84000.0,145.0,53.3,2.0,60.0,1.0,8495
1926,Ford, Fiesta,Manual,Petrol,2018.0,24222.0,145.0,,1.0,99.0,3.0,11000
1846,Opel, Grandland X,Manual,Petrol,2018.0,5000.0,145.0,44.1,1.2,46.0,0.0,26995
1698,Audi, Q3,Semi-Auto,Petrol,2017.0,18804.0,145.0,47.9,1.4,57.0,2.0,21495
2598,VW, Touran,Manual,Diesel,2013.0,77524.0,125.0,61.4,1.6,38.0,3.0,6999
3564,Skoda, Octavia,Manual,Diesel,2018.0,7580.0,145.0,68.9,1.6,53.0,0.0,14495
-52,VW, Beetle,Manual,PETROL,2014.0,40830.0,235.0,38.7,2.0,76.0,2.0,10700
2689,Audi, A4,Semi-Auto,Petrol,2020.0,6998.0,145.0,38.2,2.0,38.0,1.0,34798
2793,Hyundai, Kona,Manual,Petrol,2018.0,8764.0,145.0,,1.0,86.0,4.0,15445
3663,Mercedes, GLC Class,Semi-Auto,Diesel,2017.0,21263.0,145.0,56.5,2.1,44.0,3.0,28998
1618,Mercedes, C Class,Automatic,,2016.0,16801.0,20.0,67.3,2.1,98.0,3.0,20500
-221,BMW, X5,Automatic,Diese,2012.0,37000.0,300.0,37.7,3.0,45.0,0.0,19500
1356,Ford, Focus,Manual,Petrol,2014.0,20730.0,30.0,56.5,1.0,30.0,3.0,8000
3538,Ford, C-MAX,Manual,Petrol,2015.0,34792.0,30.0,55.4,1.0,,0.0,8591
1519,Mercedes, c class,Semi-Auto,Diesel,2016.0,34499.0,20.0,65.7,2.1,95.0,1.0,15890
396,Audi,A4,Manual,Petrol,2019.0,,145.0,39.2,2.0,39.0,1.0,29300
1064,Hyundai, I30,Manual,Diesel,2017.0,32992.0,145.0,74.3,1.6,70.0,3.0,9499
2640,Audi, S5,Automatic,Petrol,2011.0,93820.0,325.0,30.1,3.0,75.0,4.0,11495
818,Ford, EcoSport,Manual,Petrol,2017.0,13308.0,145.0,53.3,1.0,71.0,4.0,10450
2245,Mercedes, E Class,Semi-Auto,Diesel,2020.0,1499.0,145.0,70.6,2.0,96.0,1.0,35990
2649,Toyota, Yaris,Automatic,Hybrid,2015.0,45000.0,0.0,78.0,1.5,42.0,4.0,8995
816,Ford, Focus,Manual,Diesel,2020.0,4000.0,145.0,74.3,1.5,34.0,0.0,19998
2515,Mercedes, C Class,Automatic,Diesel,2019.0,4167.0,145.0,61.4,2.0,87.0,2.0,35891
-599,Mercedes, C Class,unknown,Diesel,2017.0,19023.0,,,2.1,59.0,1.0,15700
381,Opel, Astra,Manual,Petrol,2020.0,100.0,,54.3,1.2,3.1726830595677384,0.0,15820
-379,Ford, Fiesta,Manual,PETROL,2014.0,13495.0,0.0,65.7,1.0,55.0,4.0,7250
3024,Ford, Galaxy,Manual,Diesel,2017.0,37614.0,125.0,56.5,2.0,37.0,2.0,17999
3370,Audi, Q5,Semi-Auto,Diesel,2016.0,42000.0,240.0,42.8,3.0,33.0,2.0,28795
1945,Toyota, Hilux,Automatic,Diesel,2019.0,4.0,265.0,2.8,2.4,78.0,0.0,26995
-179,opel, Corsa,Manual,Petrol,2016.0,21110.0,30.0,55.4,1.4,67.0,2.0,7430
2846,BMW, 5 Series,Semi-Auto,Petrol,2019.0,5951.0,150.0,,2.0,94.0,4.0,25980
864,Opel, Viva,Manual,Petrol,2019.0,83688.65539191502,145.0,46.3,1.0,99.0,4.0,7290
2562,Toyota, Land Cruiser,Semi-Auto,Diesel,2019.0,11619.0,145.0,30.1,2.8,75.0,1.0,40999
2683,Audi, Q2,Manual,Petrol,2019.0,5786.0,145.0,40.9,1.5,34.0,4.0,22950
554,Ford, Focus,Manual,Petrol,2018.0,7166.0,145.0,57.7,1.0,36.0,1.0,13617
1159,VW, Golf,Semi-Auto,Diesel,2016.0,21269.0,125.0,56.5,2.0,76.0,,16491
1213,Ford, Fiesta,Manual,Petrol,2018.0,32168.0,145.0,65.7,1.0,62.0,0.0,11995
2331,VW, GOLF,Semi-Auto,Petrol,2019.0,9773.0,145.0,,1.0,49.0,4.0,17750
1860,Ford, Kuga,Automatic,Petrol,2015.0,8403.0,235.0,,1.5,52.0,2.0,15150
3318,Opel, Astra,Manual,Petrol,2014.0,31083.0,125.0,51.4,1.4,51.0,4.0,6782
2018,Ford, Mondeo,Manual,Diesel,2017.0,24223.0,145.0,64.2,2.0,78.0,0.0,13491
2282,Opel, Corsa,Manual,Petrol,2019.0,3565.0,145.0,43.5,1.4,87.0,2.0,11495
652,VW, T-Cross,Manual,Diesel,2020.0,2000.0,,53.3,1.6,62.0,3.0,20499
748,Audi, Q3,Manual,Petrol,2018.0,10429.0,145.0,49.6,1.4,42.0,1.0,21755
3626,Opel, Mokka X,Manual,Petrol,2019.0,,145.0,39.2,1.4,39.0,4.0,12298
1586,Ford, Fiesta,Manual,Petrol,2016.0,82584.13442011928,,65.7,1.0,78.0,1.0,10900
1498,BMW, 2 Series,Automatic,Hybrid,2017.0,88100.0,0.0,141.2,1.5,97.0,3.0,12000
866,Ford, Focus,Manual,Diesel,2015.0,30408.0,20.0,67.3,1.6,97.0,2.0,9495
752,Mercedes, GLA Class,Manual,Diesel,2017.0,27248.0,20.0,67.3,2.1,44.0,1.0,16810
3872,Ford, Fiesta,Manual,Petrol,2016.0,12620.0,0.0,65.7,2.6312004729689877,83.0,3.0,8574
3654,Opel, Astra,Semi-Auto,Diesel,2017.0,18769.0,30.0,62.8,1.6,76.0,0.0,10190
3947,Ford, Focus,Manual,Petrol,2017.0,26973.0,145.0,57.7,1.0,34.0,1.0,11999
2242,Toyota, Aygo,Manual,Petrol,2017.0,26779.0,145.0,68.9,1.0,48.0,0.0,7750
2098,Ford, Fiesta,Manual,Petrol,2017.0,15649.0,125.0,54.3,1.2,40.0,2.0,7295
729,BMW, 4 Series,Automatic,Diesel,2018.0,3500.0,145.0,55.4,3.0,89.0,0.0,20995
2318,BMW, 3 Series,Semi-Auto,Diesel,2015.0,28321.0,145.0,53.3,3.0,47.0,4.0,16698
2119,Ford,,Manual,Diesel,2017.0,20937.0,150.0,60.1,2.0,51.0,3.0,14500
1835,VW, Golf,,Petrol,2016.0,35695.0,145.0,47.1,2.0,87.0,2.0,17990
1786,Hyundai, I20,Manual,Petrol,2016.0,34720.0,30.0,55.4,1.2,96.0,3.0,7495
2962,Mercedes, C Class,Automatic,Diesel,2016.0,23196.0,30.0,65.7,1.6,43.0,4.0,16250
1110,Skoda, Superb,Semi-Auto,Diesel,2018.0,13510.0,145.0,65.7,1.6,76.0,3.0,17800
-584,Ford, Fiesta,Manual,Petro,2017.0,24000.0,145.0,65.7,1.0,86.0,1.0,11000
3565,Audi, TT,Automatic,Petrol,2019.0,,145.0,30.1,2.5,58.0,0.0,53990
346,Skoda, octavia,Semi-Auto,Diesel,2019.0,17570.0,145.0,72.4,1.6,96.0,4.0,13298
3656,Opel, Corsa,Manual,Petrol,2013.0,39300.0,125.0,,1.2,41.0,,5495
3392,Opel, Corsa,Manual,Petrol,2013.0,47277.0,,51.4,1.2,65.0,3.0,4498
-300,MW, X3,Automatic,Diesel,2019.0,5277.0,,48.7,3.0,78.0,1.0,36490
578,VW, Golf,Manual,Diesel,2014.0,55291.0,0.0,68.9,1.6,78.0,3.0,8950
75,Audi, TT,Manual,Petrol,2016.0,21705.0,165.0,45.6,2.0,88.0,1.0,19472
1429,Ford, Kuga,Manual,Diesel,2015.0,37203.0,125.0,60.1,2.0,84.0,2.0,9698
3567,Opel, Astra,Automatic,Petrol,2014.0,36000.0,,39.8,1.6,66.0,0.0,6925
-376,BMW, X1,anual,Diesel,2017.0,18097.0,145.0,68.9,2.0,32.0,0.0,15399
2445,Toyota, Aygo,Manual,Petrol,2017.0,3028.0,145.0,68.9,1.0,96.0,4.0,8995
-555,koda, Kodiaq,Automatic,Diesel,2019.0,9587.0,145.0,37.2,2.0,46.0,0.0,28999
3617,Audi, TT,Semi-Auto,Petrol,2015.0,44935.0,,44.1,2.0,77.0,1.0,17544
178,BMW, 4 Series,Semi-Auto,Diesel,2020.0,11.0,145.0,47.9,3.0,57.0,4.0,37450
-114,BMW, 3 Series,Semi-Auto,diesel,2014.0,64260.0,165.0,52.3,3.0,99.0,4.0,15680
2529,Audi, a5,Semi-Auto,Petrol,2019.0,1637.0,145.0,34.9,2.0,53.0,4.0,34990
3400,Skoda, Kamiq,Manual,Petrol,2019.0,1500.0,145.0,47.9,1.0,68.0,0.0,17495
2024,Opel, Astra,Manual,Petrol,2015.0,38699.0,,43.5,1.6,36.0,2.0,6350
604,Opel, Crossland X,Manual,Diesel,2018.0,23695.0,145.0,78.5,1.6,31.0,4.0,10999
3350,BMW, X1,Semi-Auto,Diesel,2014.0,68647.0,160.0,52.3,2.0,44.0,3.0,9998
25,Ford, Focus,Manual,Diesel,2017.0,39193.0,145.0,67.3,2.0,82.0,4.0,14998
658,Skoda, Fabia,Manual,Petrol,2020.0,500.0,145.0,52.3,1.0,55.0,1.0,12995
2815,Opel, Corsa,Manual,Petrol,2018.0,12184.0,150.0,43.5,1.4,66.0,0.0,9598
1739,Opel, Adam,Manual,Petrol,2014.0,55861.0,,53.3,1.2,65.0,3.0,5561
173,Ford, Fiesta,Manual,Petrol,2019.0,6241.0,145.0,56.5,1.0,47.0,2.0,13500
3964,Mercedes, C Class,Automatic,Diesel,2017.0,66472.0,,64.2,2.1,58.0,4.0,14488
331,VW, Passat,Semi-Auto,Hybrid,2017.0,87749.0,0.0,166.0,1.4,94.0,0.0,14498
2630,Skoda, Octavia,Manual,Diesel,2017.0,51233.0,0.0,74.3,1.6,,2.0,8800
1454,Skoda,Rapid,Manual,Petrol,2018.0,21014.0,,62.8,1.0,53.0,3.0,9495
342,Ford, Fiesta,Manual,Petrol,2017.0,26672.0,145.0,47.9,1.6,81.0,2.0,11989
3277,Ford,Focus,Manual,Petrol,2017.0,16601.0,200.0,41.5,2.0,30.0,2.0,17899
-69,Mercedes, E Class,Automatic,Diesel,2023.9773112620787,2553.0,145.0,70.6,2.0,74.0,1.0,29799
1088,BMW, 5 Series,Automatic,Diesel,2013.0,75000.0,125.0,57.6,2.0,60.0,4.0,10990
479,VW, Polo,Manual,Petrol,2017.0,21302.0,20.0,11.417267753816397,1.2,91.0,4.0,10100
727,Mercedes, GLC Class,Semi-Auto,Diesel,2016.0,27634.0,125.0,56.5,2.1,32.0,0.0,27102
3501,VW, Up,Semi-Auto,Petrol,2019.0,4500.0,,52.3,1.0,88.0,2.0,12490
976,Mercedes, V Class,Manual,Diesel,2018.0,23183.0,145.0,46.3,2.1,50.0,4.0,19998
3173,Opel, Corsa,Manual,Petrol,2019.0,1195.0,145.0,43.5,1.4,65.0,3.0,10320
2525,Ford, Mondeo,Manual,Diesel,2018.0,31199.0,145.0,47.1,2.0,89.0,4.0,12499
1468,Opel, Corsa,Manual,Petrol,2017.0,34370.0,150.0,55.4,1.4,54.0,3.0,7500
-318,VW, T-Roc,Manual,Diesel,2019.0,15000.0,145.0,46.3,2.0,125.36650692319192,0.0,24990
1697,VW, Polo,Manual,Petrol,2019.0,5800.0,145.0,52.3,1.0,45.0,2.0,14221
1299,Audi, A1,Manual,Petrol,2016.0,32000.0,30.0,56.5,1.4,,2.0,12450
2535,Audi, A3,Manual,Diesel,2019.0,1809.0,,,1.6,99.0,4.0,18400
-235,Mercedes, GLA Class,emi-Auto,Diesel,2017.0,20019.0,125.0,56.6,,87.0,1.0,17880
660,Mercedes, C Class,Automatic,Petrol,2019.0,10585.0,145.0,30.4,3.0,,3.0,39894
2741,Ford, S-MAX,Manual,Diesel,2016.0,36918.0,125.0,,2.0,91.0,,17988
-352,For, C-MAX,Automatic,Diesel,2013.0,36547.0,165.0,51.4,2.0,38.0,1.0,7000
3560,Audi, Q3,Manual,Diesel,2019.0,5000.0,145.0,42.8,2.0,70.0,2.0,26990
2589,VW, Golf,Manual,Diesel,,49933.0,0.0,74.3,1.6,38.0,1.0,9995
3062,Mercedes, V Class,Semi-Auto,Diesel,2017.0,6316.0,145.0,45.6,2.2,90.0,2.0,34980
-435,Ford, Fiesta,MANUAL,Petrol,2016.0,17833.0,125.0,54.3,1.2,44.0,4.0,9200
3083,Opel, Meriva,Manual,Petrol,2017.0,20672.0,,47.1,1.4,91.0,2.0,8698
3048,VW, Tiguan,Semi-Auto,Petrol,2016.0,10557.0,200.0,42.2,1.4,47.0,2.0,17498
3089,Ford, Focus,Manual,Petrol,2015.0,40253.0,20.0,60.1,1.0,91.0,1.0,8000
2807,Mercedes, C Class,Semi-Auto,,,7894.0,145.0,60.1,2.1,91.0,1.0,20498
2706,BMW, Z4,Semi-Auto,Petrol,2019.0,4586.0,150.0,33.2,,46.0,4.0,35995
1278,VW, Touran,Semi-Auto,Petrol,2019.0,928.0,145.0,38.7,1.5,68.0,3.0,25650
-273,bmw, 2 Series,Manual,Diesel,2019.0,4434.0,145.0,64.2,2.0,58.0,1.0,20950
-47,Mercede, GLA Class,Semi-Auto,iesel,2019.0,2001.0,145.0,64.2,2.1,73.0,0.0,24999
2405,Audi, A5,Semi-Auto,Diesel,2017.0,19608.0,145.0,62.8,2.0,92.0,4.0,21498
67,Ford, Edge,Manual,Diesel,2017.0,48867.0,160.0,48.7,2.0,34.0,0.0,16250
2644,Audi, Q3,Semi-Auto,Petrol,2019.0,13456.0,145.0,,1.5,45.0,3.0,24990
221,BMW,,Semi-Auto,Diesel,2018.0,10597.0,145.0,58.9,2.0,42.0,4.0,25490
3834,Mercedes, A CLASS,Automatic,Diesel,2016.0,80987.0,20.0,67.3,2.1,43.0,3.0,13800
-255,Ford, Focus,,Petrol,2023.1169636020995,20288.0,,,1.0,30.0,0.0,9250
3593,VW, Up,Manual,Petrol,2017.0,37514.0,145.0,64.2,1.0,70.0,1.0,7400
1876,Opel, Astr,Manual,Petrol,2017.0,14300.0,145.0,47.1,1.4,95.0,4.0,10847
88,Mercedes, C Class,Automatic,Diesel,2015.0,78000.0,30.0,64.2,2.1,76.0,0.0,14490
2240,Ford, Focus,Manual,Petrol,2018.0,18954.0,145.0,,1.0,82.0,2.0,10750
2436,Ford, Focus,Manual,Petrol,2019.0,6746.0,,34.5,2.3,94.0,0.0,24999
2533,, RS3,Semi-Auto,Petrol,2015.0,,300.0,34.9,2.5,53.0,3.0,29250
3682,Opel, Mokka X,Automatic,Petrol,2017.0,10000.0,145.0,43.5,1.4,63.0,3.0,13270
1800,VW, Shuttle,Semi-Auto,Diesel,2019.0,13859.0,145.0,32.8,2.0,56.0,0.0,23329
2339,Opel, Adam,Manual,Petrol,2017.0,9689.0,125.0,53.3,1.2,86.0,1.0,7380
2609,Toyota,,Manual,Petrol,2017.0,19404.0,145.0,,1.5,37.0,4.0,8998
1941,Ford,C-MAX,Manual,Petrol,2017.0,12982.0,30.0,55.4,1.0,96.0,2.0,11498
-193,VW, POLO,Semi-Auto,PETROL,2016.0,21848.0,20.0,60.1,1.2,71.0,0.0,10995
3745,Toyota, RAV4,Manual,Diesel,2014.0,52561.0,125.0,57.6,2.0,87.0,2.0,11000
-325,Opel, Crossland X,Manual,Diese,2018.0,25629.0,145.0,78.5,1.6,70.0,2.0,9998
1143,Skoda, Yeti Outdoor,Manual,Petrol,2017.0,34989.0,125.0,51.4,1.2,49.0,2.0,11713
397,Skoda, Fabia,Manual,Petrol,2017.0,49711.0,,60.1,1.2,96.0,3.0,7995
2045,VW, Golf,Manual,Petrol,2016.0,15915.0,30.0,53.3,1.4,51.0,1.0,12989
1644,Toyota, Yaris,Automatic,Hybrid,2016.0,35882.0,0.0,78.0,1.5,49.0,1.0,11995
3020,Ford, Fiesta,Manual,Petrol,2017.0,17226.0,145.0,54.3,1.2,83.0,3.0,8374
3800,, X1,Manual,Diesel,2013.0,67000.0,160.0,51.4,2.0,41.0,4.0,7640
3418,VW, Polo,Semi-Auto,Petrol,2019.0,1941.0,145.0,45.6,1.0,75.0,1.0,15891
1398,VW, Golf,Automatic,Diesel,2016.0,38384.0,30.0,62.8,2.0,78.0,3.0,14200
3063,Mercedes, E Class,Semi-Auto,Diesel,2019.0,1.0,145.0,,3.0,52.0,0.0,37995
1096,Ford, Kuga,Manual,Diesel,2016.0,17642.0,145.0,,2.0,67.0,4.0,15598
3737,BMW, X3,Automatic,Diesel,2014.0,47925.0,160.0,50.4,2.0,94.0,4.0,14999
1350,Mercedes, C Class,Semi-Auto,Petrol,2019.0,15933.0,145.0,44.1,1.5,83.0,0.0,20980
2215,BMW, X5,Automatic,Diesel,2019.0,10.0,145.0,37.7,3.0,45.0,1.0,52990
979,Skoda, FABIA,Semi-Auto,Petrol,2019.0,13120.0,145.0,60.1,1.0,78.0,1.0,12995
283,BMW, 4 Series,Automatic,Petrol,2016.0,27214.0,200.0,41.5,3.0,67.0,3.0,23480
1298,Opel, Corsa,Manual,Petrol,2018.0,15024.0,145.0,55.4,1.4,85.0,3.0,7899
3715,Opel, Mokka,Automatic,Petrol,2015.0,16165.0,160.0,,1.4,73.0,1.0,10108
898,Ford, Fiest,Manual,Petrol,2018.0,9288.0,145.0,56.5,1.0,38.0,4.0,12500
-585,TOYOTA, Yaris,Automatic,Hybrid,2016.0,6880.0,0.0,86.0,1.5,65.0,0.0,12995
3988,VW, Golf,Manual,Petrol,2017.0,17042.0,30.0,53.3,1.4,40.0,1.0,13880
2110,BMW, 3 Series,Semi-Auto,Diesel,2019.0,2980.0,150.0,57.7,2.0,93.0,4.0,25990
613,Skoda, Octavia,Semi-Auto,Diesel,2016.0,17854.0,125.0,60.1,2.0,71.0,2.0,15562
-569,ercedes, E Class,Automatic,Diesel,2015.0,45000.0,145.0,54.3,3.0,65.0,4.0,16950
-55,Audi, A1,Semi-Aut,Petrol,2016.0,33435.0,30.0,70.6,1.4,49.0,0.0,15000
2619,Toyota, C-HR,Manual,Petrol,2017.0,23192.0,145.0,47.1,,49.0,3.0,14995
423,BMW, 5 Series,Automatic,,2017.0,36164.0,125.0,60.1,2.0,42.0,1.0,16700
3877,VW, Tiguan,Semi-Auto,Diesel,2017.0,26156.0,150.0,49.6,2.0,45.0,2.0,18490
-474,Opel, Grandland X,MANUAL,Petrol,2020.0,808.0,150.0,45.6,1.2,84.0,2.0,17498
2860,Opel, Corsa,Manual,Petrol,2020.0,10.0,150.0,,1.2,44.0,2.0,15998
1565,BMW, 5 Series,Semi-Auto,Diesel,2016.0,51700.0,30.0,65.7,2.0,87.0,3.0,14495
3638,Audi, A5,Semi-Auto,Diesel,2020.0,2000.0,145.0,51.4,2.0,98.0,3.0,29750
3240,BMW, 3 Series,Automatic,Diesel,2017.0,12330.0,30.0,64.2,2.0,48.0,0.0,16900
839,BMW, 1 Series,Semi-Auto,Petrol,2017.0,24999.0,200.0,39.8,3.0,86.0,3.0,20998
500,VW,,,Diesel,2019.0,7250.0,145.0,39.2,2.0,70.0,2.0,31995
2348,BMW, X4,Semi-Auto,Diesel,2019.0,9168.0,150.0,40.9,3.0,90.0,2.0,37990
-462,W, Polo,Manual,Petrol,2012.0,62432.0,125.0,51.4,1.2,58.0,4.0,5450
549,BMW, X5,Automatic,Diesel,2016.0,12525.0,200.0,47.1,3.0,87.0,4.0,32998
557,Ford, Kuga,Manual,Petrol,2018.0,14779.0,,45.6,1.5,81.0,3.0,16498
887,VW, Golf,Semi-Auto,Petrol,2019.0,5127.0,145.0,,1.5,92.0,1.0,20646
3531,, Yaris,Manual,Petrol,2018.0,14841.0,,,1.5,64.0,4.0,10295
3130,VW, Golf,Manual,Diesel,2017.0,63544.0,145.0,67.3,1.6,44.0,0.0,9780
-246,VW, Passat,Manual,,2010.7464032037276,62602.0,20.0,68.9,1.6,78.0,4.0,9995
218,Ford, Fiesta,Manual,Petrol,2017.0,19130.0,,65.7,1.0,76.0,1.0,10498
2577,VW, Polo,Manual,Petrol,2016.0,39000.0,0.0,65.7,1.0,68.0,3.0,10990
3588,Hyundai, I10,Manual,Petrol,2017.0,29488.0,145.0,60.1,1.0,42.0,3.0,7603
1138,BMW, 4 Series,Semi-Auto,Diesel,2019.0,4940.0,150.0,65.7,2.0,67.0,0.0,22690
209,Opel, Corsa,Manual,Petrol,,12329.0,145.0,43.5,1.4,98.0,2.0,9249
3856,Opel, Crossland X,Automatic,Diesel,2019.0,11048.0,145.0,,1.5,78.0,3.0,18999
3268,Audi, A4,Manual,Petrol,2017.0,12823.0,145.0,52.3,1.4,42.0,3.0,17490
3598,Hyundai, Tucso,Manual,Diesel,2016.0,17574.0,30.0,,1.7,56.0,4.0,12499
550,BMW, 3 Series,Semi-Auto,Diesel,2017.0,12600.0,,51.4,3.0,99.0,4.0,22980
1424,Ford, Focus,Manual,Petrol,2018.0,20145.0,145.0,41.5,2.0,37.0,1.0,18998
2629,VW, Passat,Semi-Auto,Diesel,2020.0,10.0,150.0,49.6,1.6,38.0,3.0,20998
3036,Hyundai, Tucson,Manual,Petrol,2016.0,27397.0,165.0,,1.6,57.0,2.0,12067
948,BMW, X1,Manual,Diesel,2016.0,29890.0,125.0,60.1,2.0,,3.0,15037
3525,Ford, Fiesta,Manual,Petrol,2016.0,40789.0,20.0,62.8,1.0,67.0,1.0,9000
2536,Ford, Focus,Manual,Diesel,2016.0,28000.0,0.0,74.3,1.5,96.0,3.0,7990
532,Mercedes, A Class,Manual,Petrol,2017.0,18727.0,150.0,52.3,1.6,65.0,2.0,13790
-113,Ford, Focus,automatic,Petrol,2017.0,22965.0,,,1.0,70.0,1.0,10800
-565,Opel, Grandland X,Manual,Diese,2018.0,41033.0,145.0,56.5,1.5,41.0,4.0,13998
3276,BMW, 4 Series,Manual,Petrol,2015.0,21324.0,200.0,39.8,2.0,88.0,0.0,15331
3003,Ford, KUGA,Automatic,Diesel,2018.0,21516.0,140.0,54.3,2.0,40.0,2.0,24995
1602,VW, T-Roc,Manual,Petrol,2019.0,5156.0,145.0,42.2,1.5,78.0,2.0,21991
2948,Toyota, Prius,Automatic,Other,2015.0,30862.0,10.0,64.2,1.8,82.0,0.0,21990
639,Audi, Q3,,Diesel,2019.0,10501.0,145.0,,2.0,65.0,3.0,29995
-447,Ford, Fiesta,anual,Diesel,2013.0,,0.0,76.4,1.5,39.0,0.0,6298
-83,Audi, Q5,MANUAL,Diesel,2017.0,18926.0,200.0,47.9,2.0,64.0,4.0,22971
0,Ford, Kuga,Manual,Diesel,2017.0,13457.0,145.0,60.1,2.0,53.0,4.0,16995
3900,BMW, 2 Series,Semi-Auto,Diesel,2016.0,25653.0,125.0,60.1,2.0,65.0,3.0,17240
-513,BM, 3 Series,Semi-Auto,Petrol,2019.0,8200.0,150.0,42.2,2.0,98.0,4.0,27472
-157,Mercedes, A Class,unknown,Diesel,2015.0,27467.0,20.0,74.3,1.5,82.0,4.0,13822
2293,Opel,Corsa,Manual,Diesel,2014.0,71000.0,0.0,85.6,0.7395338990348711,73.0,0.0,3500
1652,Opel, Astra,Manual,Petrol,2012.0,63493.0,125.0,51.4,1.4,45.0,4.0,4632
247,Ford, Focus,Manual,Petrol,2019.0,82584.13442011928,145.0,49.6,,68.0,4.0,17350
2256,Ford, Fiesta,Manual,,2017.0,26262.0,0.0,65.7,1.0,82.0,2.0,8990
2936,Audi, A4,Semi-Auto,Diesel,2020.0,3515.0,150.0,54.3,3.0,72.0,3.0,28970
1812,BMW, X1,Automatic,Petrol,2019.0,7288.0,145.0,39.8,2.0,75.0,0.0,26990
3084,BMW, X3,Semi-Auto,Petrol,2019.0,17173.0,145.0,30.4,2.0,46.0,3.0,31200
3012,Skoda,,Manual,Diesel,2014.0,64551.0,0.0,,1.6,91.0,4.0,8998
3691,BMW, 3 Series,Semi-Auto,Diesel,2019.0,5000.0,145.0,48.7,2.0,80.0,2.0,29500
1839,Audi, A5,Semi-Auto,Diesel,2017.0,40000.0,145.0,67.3,2.0,54.0,4.0,20000
3883,Skoda, Kamiq,Manual,Petrol,2020.0,2046.0,145.0,47.1,1.5,50.0,0.0,18499
-48,Ford, Focus,Manual,Petro,2017.0,,,,2.0,83.0,4.0,17503
2600,BMW,,Automatic,Diesel,2015.0,94643.0,205.0,,3.0,59.0,3.0,21990
1974,Opel, Mokka X,Manual,Petrol,2017.0,14739.0,145.0,,1.4,30.0,4.0,11997
272,Opel, Mokka X,Manual,Diesel,2017.0,,30.0,65.7,1.6,71.0,2.0,9198
1867,BMW, 5 Series,Automatic,Diesel,2016.0,39727.0,125.0,,2.0,43.0,0.0,16695
2985,Ford, Fiesta,Manual,Petrol,2017.0,15060.0,125.0,,1.2,33.0,0.0,8500
278,Opel, Adam,Manual,Petrol,2016.0,49632.0,125.0,53.3,1.4,63.0,1.0,6898
952,Ford, Fiesta,Manual,Petrol,2018.0,14017.0,145.0,65.7,1.0,60.0,2.0,10999
2858,Ford, Kuga,Manual,Diesel,2019.0,9968.0,145.0,38.2,2.0,69.0,2.0,19699
2019,Audi, A5,Semi-Auto,Diesel,2017.0,26939.0,145.0,62.8,2.0,67.0,2.0,22998
3221,Toyota, Aygo,Manual,Petrol,2017.0,13335.0,145.0,69.0,1.0,63.0,4.0,7990
2329,Ford, Focus,Manual,Diesel,2016.0,38113.0,0.0,74.3,1.5,48.0,3.0,10295
2801,Mercedes, C Class,Automatic,Diesel,2016.0,65000.0,30.0,64.2,2.1,89.0,3.0,15990
3265,Audi, A4,Automatic,,2017.0,21218.0,30.0,65.7,2.0,45.0,0.0,19000
2952,Mercedes, C Class,Semi-Auto,Diesel,2017.0,12283.0,145.0,64.2,2.1,92.0,3.0,20480
-337,AUDI, A3,Semi-Auto,Diesel,,43014.0,125.0,57.6,2.0,41.0,3.0,16298
2875,BMW, 1 Serie,Manual,Diesel,2018.0,10842.0,145.0,65.7,2.0,62.0,3.0,16775
2144,Skoda, Rapid,Manual,Petrol,2017.0,80106.70856470738,,57.7,1.2,,2.0,8391
2389,Audi, Q3,Manual,Petrol,2017.0,41767.0,145.0,51.4,1.4,71.0,2.0,15749
155,Audi,,Semi-Auto,Petrol,2019.0,9151.0,145.0,34.0,2.0,50.0,4.0,39490
2432,VW, T-Roc,Manual,Diesel,2019.0,3000.0,145.0,50.4,1.6,64.0,0.0,20995
985,Mercedes, C Class,Semi-Auto,Diesel,2016.0,31467.0,30.0,64.2,2.1,81.0,2.0,19750
1747,Mercedes, C Class,Semi-Auto,Diesel,2013.0,41842.0,145.0,56.5,2.1,76.0,3.0,9990
2374,Skoda, Superb,Manual,Diesel,2017.0,17250.0,150.0,64.2,2.0,74.0,3.0,17990
1859,Mercedes, GLE Class,Semi-Auto,Diesel,2016.0,38942.0,260.0,42.8,3.0,98.0,3.0,25980
981,Skoda, Fabia,Manual,Petrol,2019.0,14010.0,145.0,57.7,1.0,35.0,2.0,8898
2178,Opel, Adam,Manual,Petrol,2019.0,15.0,145.0,44.8,1.2,34.0,4.0,10995
3679,Audi, Q5,Automatic,Diesel,2019.0,175.0,150.0,38.2,2.0,30.0,4.0,32500
2258,Audi, A3,Semi-Auto,Petrol,2017.0,13755.0,145.0,57.6,1.4,58.0,1.0,16490
3857,Ford, Focus,Manual,Petrol,2017.0,5063.0,20.0,61.4,1.0,41.0,2.0,11295
942,Opel, mokka,Manual,Diesel,2013.0,70671.0,125.0,,1.7,98.0,1.0,6490
2496,Ford, Focu,Manual,Diesel,2015.0,29901.0,0.0,74.3,1.5,46.0,4.0,9498
2992,Opel, Corsa,Automatic,Petrol,2016.0,14549.0,145.0,47.9,1.4,37.0,2.0,9500
1400,Opel, Mokka,Manual,Diesel,2015.0,74535.0,30.0,60.1,1.7,77.0,4.0,6661
1595,Toyota, Corolla,Automatic,Hybrid,2019.0,11478.0,135.0,78.5,1.8,69.0,2.0,22000
2025,BMW, 5 Series,Semi-Auto,Diesel,2019.0,10312.0,145.0,65.7,2.0,58.0,0.0,26350
3253,BMW, 5 series,Automatic,Petrol,2019.0,123.0,145.0,39.2,3.0,34.0,4.0,41550
1457,Ford, Fiesta,Semi-Auto,Petrol,2013.0,38495.0,150.0,47.9,1.6,76.0,3.0,6740
1509,Opel, Corsa,Manual,Petrol,2014.0,59352.0,125.0,51.4,1.2,67.0,0.0,5599
1395,Audi, A4,Automatic,Diesel,2020.0,4521.0,145.0,50.4,2.0,44.0,1.0,26880
264,Opel, Corsa,Manual,Petrol,2019.0,100.0,145.0,,1.4,44.0,0.0,9990
3137,BMW, 1 Series,Semi-Auto,Petrol,2017.0,15010.0,145.0,39.8,3.0,97.0,1.0,20998
1499,Ford, EcoSport,Semi-Auto,Petrol,2019.0,8420.0,145.0,44.1,1.0,55.0,0.0,16497
700,VW, Up,Manual,Petrol,2018.0,30632.0,145.0,64.2,1.0,77.0,3.0,7490
-239,Skoda, Fabia,Manual,iesel,2017.0,39073.0,20.0,70.6,1.4,84.0,1.0,8850
644,VW, Golf,Manual,Diesel,2017.0,34494.0,30.0,60.1,2.0,90.0,3.0,16300
-545,VW, Touareg,semi-auto,Diesel,2018.0,19718.0,145.0,34.0,3.0,125.36650692319192,4.0,37381
1405,BMW, 1 Series,Manual,Diesel,2019.0,5023.0,145.0,53.3,2.0,45.0,,22990
929,Opel, Corsa,Manual,Petrol,2013.0,43101.0,125.0,,1.2,74.0,2.0,4998
2740,Mercedes, A Class,Manual,Diesel,2016.0,25036.0,30.0,62.8,2.1,,1.0,15740
2596,Ford,Focus,Manual,Petrol,2016.0,,125.0,51.4,1.5,80.0,2.0,11220
3355,VW, T-Roc,Manual,Petrol,,5.0,145.0,42.2,1.5,90.0,4.0,25480
-260,ercedes, B Class,Automatic,Diesel,,54349.0,30.0,60.1,1.8,57.0,2.0,10999
-477,BMW, Z4,Semi-Auto,PETROL,2020.0,5.0,145.0,37.2,2.0,86.0,0.0,35850
246,Audi,A1,Semi-Auto,Petrol,2019.0,4150.0,150.0,47.9,1.0,30.0,1.0,19471
3043,Audi, A4,Semi-Auto,Diesel,2019.0,5000.0,145.0,51.4,2.0,42.0,3.0,26695
-476,TOYOTA, Aygo,MANUAL,Petrol,2018.0,12691.0,145.0,68.9,1.0,49.0,3.0,8300
2388,Ford, Fusion,Automatic,Petrol,2009.0,44000.0,260.0,37.7,1.6,57.0,2.0,2890
923,Toyota, Corolla,Automatic,Hybrid,2019.0,7841.0,,78.5,1.8,41.0,1.0,19795
2208,Opel, Astra,Manual,Petrol,2019.0,15645.0,150.0,48.7,1.0,76.0,1.0,11991
1185,Skoda, Kamiq,Semi-Auto,Petrol,2019.0,1001.0,145.0,45.6,1.0,92.0,3.0,20450
268,Skoda, Fabia,Manual,Diesel,2018.0,3957.0,145.0,70.6,1.4,38.0,0.0,15275
669,Mercedes, A Class,Semi-Auto,Petrol,2018.0,2122.0,145.0,24.8,4.0,39.0,1.0,109989
1964,BMW, 2 series,,Diesel,2019.0,9683.0,145.0,57.7,2.0,32.0,4.0,23450
3405,Skoda,,Automatic,Petrol,2018.0,27835.0,145.0,54.3,1.0,36.0,1.0,15999
2022,, A1,Manual,Petrol,2017.0,20865.0,,67.3,1.0,82.0,2.0,12500
2530,Opel, Corsa,Manual,Petrol,2019.0,9260.0,145.0,43.5,1.4,61.0,2.0,9471
1718,Audi, Q2,Manual,Petrol,2020.0,1500.0,,43.5,1.5,81.0,3.0,25990
3166,VW, Passat,,Diesel,2020.0,7082.0,145.0,37.2,2.0,78.0,3.0,32965
2540,VW, Tiguan,Manual,Petrol,2017.0,17682.0,145.0,48.7,,93.0,4.0,17990
3142,Opel, Astra,Manual,Petrol,2016.0,37300.0,125.0,51.4,1.4,38.0,0.0,8498
648,BMW, 1 SERIES,Manual,Diesel,2016.0,8411.0,30.0,65.7,2.0,61.0,0.0,13900
543,VW, Scirocco,Manual,Diesel,2014.0,38248.0,30.0,62.8,2.0,57.0,,11242
2167,Hyundai, Tucson,Manual,Diesel,2019.0,18241.0,145.0,,1.6,33.0,3.0,17995
-29,Ford, Fiesta,MANUAL,Petrol,2020.0,500.0,145.0,55.4,1.0,44.0,1.0,21865
3135,Ford, Fiesta,Manual,Petrol,2017.0,14186.0,145.0,65.7,1.0,71.0,4.0,10451
259,Skoda, Fabia,Manual,Petrol,2017.0,21000.0,,60.1,1.2,66.0,2.0,8995
1714,BMW, X3,,Diesel,2017.0,21000.0,145.0,54.3,2.0,59.0,0.0,26001
1891,Ford, Fiesta,Manual,Diesel,2016.0,52478.0,0.0,88.3,1.5,53.0,4.0,7230
2527,Opel, Insignia,Manual,Diesel,2016.0,65973.0,0.0,74.3,1.6,74.0,4.0,6498
927,VW, Tiguan,Manual,Diesel,2016.0,88407.0,145.0,53.3,2.0,82.0,1.0,11698
612,Audi, A4,Automatic,Diesel,2008.0,130000.0,,44.8,2.0,38.0,3.0,3995
1543,Skoda, Kodiaq,Automatic,Petrol,2018.0,23689.0,145.0,44.8,1.4,65.0,3.0,20000
1023,Opel, Mokka X,Manual,Petrol,2019.0,14262.0,145.0,39.2,1.4,56.0,3.0,12495
2028,Ford, Focus,Manual,Petrol,2019.0,5000.0,145.0,34.5,2.3,63.0,2.0,27975
1152,Opel, Mokka X,Automatic,Petrol,2018.0,7167.0,145.0,42.8,1.4,53.0,2.0,14990
219,Hyundai, I20,Manual,Petrol,2019.0,3011.0,145.0,46.3,1.2,78.0,1.0,11799
-57,Mercedes, X-CLASS,Automati,Diesel,2019.0,8974.0,260.0,35.8,2.3,33.0,3.0,24991
485,Opel, Mokka X,Manual,Petrol,2019.0,8722.0,145.0,39.2,1.4,77.0,0.0,14590
2994,Ford, B-MAX,Manual,Petrol,2013.0,31472.0,30.0,57.7,1.0,98.0,1.0,6995
1649,Opel, Mokka X,Manual,Petrol,2018.0,17000.0,145.0,47.1,1.4,39.0,2.0,11990
2104,Mercedes, A Class,Automatic,Petrol,2016.0,21362.0,160.0,45.6,2.0,62.0,0.0,18899
258,Skoda, Octavia,Manual,Petrol,2014.0,48581.0,30.0,53.3,1.4,93.0,3.0,9700
3749,VW, Passat,Automatic,Diesel,2016.0,21186.0,30.0,62.8,2.0,36.0,4.0,13450
386,Hyundai, Tucson,Semi-Auto,Diesel,2018.0,7304.0,145.0,,1.7,30.0,3.0,17250
847,Toyota, Aygo,Manual,Petrol,2016.0,24194.0,,69.0,1.0,60.0,4.0,5990
3333,Mercedes, A Class,Automatic,Diesel,2015.0,83000.0,20.0,67.3,2.1,89.0,,11490
2225,Audi, A6,Automatic,Diesel,2018.0,15441.0,150.0,50.4,2.0,49.0,3.0,28000
2662,Skoda, Superb,Manual,Diesel,2016.0,38980.0,20.0,67.3,2.0,,1.0,13999
1477,Audi, A5,Manual,Diesel,2013.0,80242.0,30.0,,2.0,49.0,4.0,10070
-72,TOYOTA, Auris,Automatic,Hybrid,2017.0,16137.0,0.0,78.5,1.8,76.0,4.0,14136
3507,Hyundai, I20,,Petrol,2019.0,14.0,145.0,46.3,1.2,84.0,4.0,12495
553,Opel, Corsa,Manual,Petrol,2020.0,10.0,150.0,52.3,1.2,59.0,1.0,13998
1233,Ford, Fiesta,Manual,Petrol,2017.0,12901.0,150.0,,1.0,57.0,0.0,11500
1127,Opel, Combo Life,Manual,Diesel,2019.0,6950.0,145.0,53.3,1.5,84.0,1.0,13998
2285,Hyundai, I40,Manual,Diesel,2017.0,17393.0,145.0,65.7,1.7,73.0,3.0,11485
3686,Ford, S-MAX,Manual,Diesel,2016.0,56583.0,125.0,56.5,2.0,53.0,0.0,15895
3306,VW, Tiguan,Manual,Petrol,2017.0,25842.0,145.0,48.7,1.4,66.0,1.0,18950
3473,Mercedes, GLA Class,Automatic,Diesel,2016.0,16429.0,125.0,56.5,2.1,44.0,4.0,20412
1095,BMW, 1 Series,Semi-Auto,Diesel,2019.0,1214.0,145.0,51.4,2.0,79.0,3.0,27000
1620,Hyundai, Tucson,Manual,Petrol,2015.0,29660.0,,44.8,1.6,70.0,3.0,10795
-378,hyundai, I10,Manual,Petrol,2014.0,13281.0,20.0,60.1,1.0,98.0,3.0,5916
2213,BMW, 3 Series,Semi-Auto,Diesel,2017.0,40841.0,150.0,64.2,2.0,80.0,2.0,18698
1320,Ford, Focus,Manual,Petrol,,3805.0,145.0,46.3,1.5,86.0,4.0,20999
-320,Mercedes, E CLASS,Semi-Auto,PETROL,2018.0,13438.0,145.0,40.4,2.0,46.0,3.0,26965
507,BMW, X1,Automatic,Diesel,2020.0,1593.0,145.0,50.4,2.0,41.0,1.0,32995
7,Ford, Fiesta,Manual,Petrol,2018.0,6346.0,145.0,60.1,1.0,44.0,0.0,14157
1609,Skoda, Superb,Manual,Diesel,2016.0,83000.0,20.0,67.3,,89.0,3.0,12500
3960,Ford, Kuga,Automatic,Petrol,2017.0,4674.0,235.0,38.2,1.5,92.0,2.0,15110
3761,BMW, 6 Series,Automatic,Diesel,2015.0,62953.0,160.0,,3.0,65.0,1.0,18990
2780,BMW,3 Series,Manual,Diesel,2016.0,38206.0,30.0,64.2,2.0,89.0,3.0,14699
2704,Mercedes, C Class,Automatic,Diesel,2017.0,14161.0,145.0,,2.1,69.0,2.0,24280
-42,Toyota, Aygo,MANUAL,Petrol,2013.0,16180.0,0.0,65.7,1.0,79.0,3.0,4490
1450,Toyota,,Manual,Petrol,2013.0,31814.0,,47.9,1.6,81.0,1.0,7209
1995,VW, Touran,Manual,Diesel,2006.0,105000.0,,46.3,2.0,48.0,1.0,2395
378,Mercedes,C Class,Semi-Auto,Diesel,2019.0,1000.0,145.0,61.4,2.0,57.0,0.0,34249
3616,BMW, 5 Series,Semi-Auto,Diesel,2019.0,4242.0,145.0,,3.0,82.0,1.0,39995
2197,Mercedes, C Class,Semi-Auto,Petrol,2019.0,12437.0,145.0,46.3,1.5,78.0,,24899
678,VW, T-Roc,Semi-Auto,Petrol,2019.0,4000.0,145.0,39.8,1.5,92.0,4.0,22500
773,Opel, Astra,Manual,Petrol,2019.0,18874.0,,46.3,1.4,78.0,3.0,13359
3796,Opel, Corsa,Manual,Petrol,2016.0,59538.0,30.0,,1.4,91.0,4.0,6457
1011,Audi, a3,Manual,Diesel,2016.0,96300.0,20.0,68.9,2.0,59.0,3.0,8000
3452,, Golf,Manual,Petrol,2019.0,50.0,145.0,47.1,1.5,65.0,0.0,20000
3687,VW, Up,Manual,Petrol,2012.0,31566.0,0.0,68.9,1.0,68.0,0.0,4539
3899,BMW, 4 Series,Semi-Auto,Diesel,2019.0,3214.0,150.0,65.7,2.0,54.0,1.0,24998
3563,Ford, Fiesta,Manual,Petrol,2012.0,65177.0,145.0,47.9,1.6,72.0,0.0,6995
65,Opel, Corsa,Manual,Petrol,2019.0,372.0,145.0,43.5,1.4,59.0,0.0,10498
3927,BMW, 3 Series,Automatic,Other,2017.0,50000.0,135.0,148.7,2.0,73.0,4.0,16745
3975,Opel, Mokka X,Manual,Petrol,2017.0,28688.0,145.0,47.1,1.4,70.0,1.0,10331
3832,Mercedes, GLA Class,Semi-Auto,Diesel,2019.0,12117.0,145.0,67.3,2.1,34.0,4.0,22199
2367,BMW, 1 Series,Manual,Diesel,2010.0,60000.0,125.0,60.1,2.0,59.0,4.0,6275
679,VW, T-Roc,Manual,Petrol,2018.0,26725.0,145.0,55.4,1.0,66.0,0.0,16790
2519,Ford, EcoSport,Manual,Petrol,2017.0,9335.0,145.0,52.3,1.0,94.0,,10450
2063,Opel, ASTRA,Semi-Auto,Petrol,2017.0,20000.0,150.0,50.4,1.4,79.0,3.0,11450
781,Toyota, Yaris,Manual,Petrol,2017.0,17049.0,316.2963063608744,58.9,1.5,59.0,0.0,10395
3495,Ford, Fiesta,Manual,Petrol,2015.0,25283.0,0.0,65.7,1.0,49.0,3.0,8040
627,VW, Touran,Manual,Diesel,2016.0,63150.0,30.0,62.8,2.0,59.0,2.0,13000
1749,Ford, kuga,Manual,Diesel,2019.0,3651.0,145.0,47.9,2.0,71.0,2.0,20080
2181,Skoda, Yeti,Semi-Auto,Petrol,2014.0,12773.0,165.0,44.8,1.2,72.0,0.0,10995
-70,Audi, A1,Manual,Diesel,2016.0,19865.0,-60.68409479537365,76.3,1.6,74.0,2.0,10999
2423,VW, Golf,Semi-Auto,Petrol,2018.0,35059.0,145.0,39.8,2.0,30.0,3.0,24000
3475,Audi, A4,Manual,Diesel,2013.0,129680.0,30.0,64.2,2.0,69.0,0.0,6000
-190,For, Focus,Automatic,Diesel,2018.0,15267.0,145.0,64.2,2.0,44.0,0.0,13450
-53,Hyundai, I10,manual,Petrol,2016.0,16422.0,20.0,60.1,1.0,65.0,2.0,6750
883,VW, Polo,Manual,Petrol,2020.0,10.0,145.0,52.3,1.0,88.0,2.0,16480
1091,Ford, Mustang,Manual,Petrol,2017.0,17030.0,,20.9,5.0,59.0,2.0,27990
382,Opel, Mokka X,Manual,Petrol,2019.0,19279.0,145.0,39.2,1.4,98.0,0.0,12398
2494,VW, T-Roc,Semi-Auto,Petrol,2020.0,3000.0,145.0,39.8,1.5,87.0,3.0,27499
3689,Ford, Focus,Manual,Petrol,2019.0,5257.0,145.0,58.9,1.0,93.0,3.0,15595
276,VW, Up,Manual,Petrol,2013.0,28310.0,20.0,60.1,1.0,90.0,3.0,6640
-198,For, Fiesta,,Petrol,,4682.0,145.0,48.7,1.0,85.0,1.0,16599
31,VW, T-Roc,Automatic,Petrol,2019.0,5309.0,145.0,39.8,1.5,38.0,3.0,23490
2820,Ford, Focus,Manual,Diesel,2017.0,14772.0,150.0,74.3,1.5,64.0,2.0,11798
2309,VW, Scirocco,Manual,Petrol,2016.0,16000.0,145.0,47.1,2.0,73.0,4.0,12990
3728,Audi, A5,Manual,Petrol,2017.0,12978.0,145.0,,2.0,98.0,0.0,20450
2014,Opel, Mokka X,Manual,Petrol,2018.0,30987.0,145.0,39.2,2.0641186347051645,53.0,0.0,11499
610,Audi, A1,Semi-Auto,Petrol,2019.0,1843.0,145.0,,2.0,68.0,2.0,21500
3667,Audi, Q3,Semi-Auto,Diesel,2013.0,52765.0,200.0,47.9,2.0,57.0,4.0,11998
570,Opel, Adam,Manual,Petrol,2016.0,17473.0,125.0,53.3,1.2,51.0,3.0,8270
2569,Toyota, Auris,Manual,Diesel,2015.0,66532.0,20.0,67.3,1.6,92.0,4.0,7995
343,Mercedes, B Class,Semi-Auto,Diesel,,15500.0,20.0,70.6,1.5,41.0,4.0,13500
3113,Ford, Focus,Automatic,Petrol,2016.0,29320.0,125.0,51.4,1.0,95.0,,10250
2771,VW, Tiguan,Semi-Auto,Diesel,2019.0,3300.0,145.0,45.6,2.0,75.0,2.0,27995
1702,Mercedes, E Class,Semi-Auto,Diesel,2016.0,29000.0,30.0,65.7,2.0,37.0,2.0,19750
2663,VW, Polo,Manual,Petrol,2017.0,30000.0,150.0,60.1,1.2,83.0,2.0,10499
3941,Audi, A5,Automatic,Diesel,2017.0,21649.0,145.0,58.9,3.0,58.0,1.0,22500
-161,VW, Polo,Manual,iesel,2017.0,60000.0,0.0,60.1,1.4,94.0,0.0,9450
3218,Ford, focus,Manual,,2016.0,31500.0,0.0,74.3,1.5,74.0,1.0,10142
-170,Ford, KA,Manua,Petrol,2017.0,27458.0,145.0,57.7,1.2,80.0,4.0,7800
1089,Hyundai, I40,Manual,Diesel,2013.0,76698.0,30.0,62.8,1.7,63.0,4.0,5495
3074,Toyota, Aygo,Manual,Petrol,2017.0,24086.0,0.0,69.0,1.0,51.0,3.0,6295
1135,BMW, 2 Series,Automatic,Diesel,2015.0,41704.0,30.0,61.4,2.0,65.0,0.0,11999
3225,Mercedes, A Class,Automatic,Diesel,2019.0,15446.0,,68.9,1.5,88.0,1.0,18844
1537,Skoda, Scala,Manual,Petrol,2019.0,7550.0,145.0,,1.0,75.0,1.0,13995
2266,Ford, Fiesta,Manual,Petrol,2018.0,7452.0,145.0,65.7,1.0,49.0,4.0,11000
-458,mercedes, C Class,Semi-Auto,Diesel,2019.0,9959.0,145.0,57.7,2.0,60.0,2.0,29799
841,Audi, Q7,Automatic,Diesel,2019.0,12332.0,145.0,32.8,3.0,73.0,4.0,43895
1600,Opel, INSIGNIA,Manual,Diesel,2018.0,21208.0,145.0,65.7,1.6,96.0,0.0,13299
3250,Skoda, Fabia,Manual,Petrol,2017.0,24598.0,150.0,60.1,1.2,92.0,0.0,8500
-400,Ford, Focus,Manual,petrol,2018.0,9712.0,145.0,60.1,1.0,91.0,1.0,12491
1517,Audi, A4,Manual,Petrol,,5500.0,145.0,,2.0,59.0,1.0,26491
965,Audi,,Semi-Auto,Diesel,2017.0,31605.0,145.0,57.6,2.0,42.0,0.0,19655
-11,Audi, Q5,unknown,Petrol,2020.0,1500.0,145.0,32.1,0.0,67.0,4.0,38444
528,BMW, 4 Series,Semi-Auto,Petrol,2016.0,9647.0,160.0,44.1,2.0,53.0,3.0,19595
176,BMW, 2 Series,Semi-Auto,Diesel,2019.0,3550.0,145.0,64.2,2.0,69.0,3.0,24444
1621,Mercedes, C Class,Automatic,Diesel,2018.0,6232.0,145.0,,2.0,53.0,0.0,27649
422,, Fiesta,Manual,Petrol,2018.0,12873.0,150.0,64.2,1.1,40.0,3.0,9995
2955,VW, Up,Semi-Auto,Petrol,2018.0,20974.0,145.0,68.9,1.0,94.0,2.0,8750
2269,Ford, Focus,Manual,Petrol,2015.0,38722.0,20.0,61.4,1.0,67.0,2.0,8629
-153,Mercede, C Class,Automatic,Diesel,2017.0,30128.0,,,2.1,45.0,3.0,20000
2759,Mercedes, C Class,Semi-Auto,Diesel,2019.0,7419.0,,64.2,2.0,45.0,3.0,24990
1377,Skoda, Octavia,Semi-Auto,Petrol,2017.0,25203.0,145.0,57.7,1.4,72.0,3.0,12698
572,Hyundai, IX20,Manual,Petrol,2016.0,9442.0,125.0,50.4,1.4,54.0,4.0,8995
1971,Ford, Focus,Manual,Petrol,2018.0,7687.0,145.0,60.1,1.0,45.0,2.0,16950
3323,Ford, Focus,Automatic,Petrol,2016.0,12416.0,125.0,51.4,1.0,95.0,4.0,10489
2977,Audi, A4,Automatic,Diesel,2019.0,9000.0,145.0,,2.0,72.0,4.0,27000
288,Ford, Fiesta,Manual,Petrol,2018.0,82584.13442011928,150.0,65.7,1.0,80.0,1.0,10250
2067,Skoda, Scala,Semi-Auto,Petrol,2019.0,3500.0,145.0,45.6,1.5,35.0,3.0,18500
2111,Opel, Insignia,Manual,Diesel,2014.0,27659.0,30.0,62.8,2.0,51.0,1.0,8400
3619,Ford, Focus,Manual,Petrol,2018.0,15448.0,145.0,57.7,1.0,43.0,4.0,12998
2355,Audi, A8,Semi-Auto,Diesel,,100.0,145.0,40.4,3.0,76.0,1.0,49000
2311,VW, Touareg,Automatic,Diesel,2016.0,44000.0,,42.8,3.0,36.0,2.0,21950
2721,Audi, A6,Automatic,Diesel,2019.0,1500.0,,,3.0,63.0,4.0,43695
3781,BMW, 1 Series,Manual,Petrol,2019.0,6097.0,145.0,53.3,1.5,31.0,2.0,18000
-353,Hyundai, I30,unknown,Petrol,2019.0,6416.0,145.0,44.8,1.0,77.0,0.0,14030
3698,Mercedes, C Class,Automatic,Diesel,2016.0,41358.0,20.0,65.7,2.1,39.0,3.0,14999
1991,VW, Tiguan,Manual,,2017.0,26739.0,125.0,58.9,2.0,85.0,3.0,17575
2191,Mercedes, cl class,Automatic,Petrol,2019.0,1476.0,145.0,38.2,2.0,48.0,4.0,26299
3411,VW, Passat,Manual,Diesel,2019.0,16796.0,150.0,51.4,,34.0,0.0,17391
383,BMW, 3 Series,Manual,Diesel,2013.0,73428.0,20.0,68.9,2.0,83.0,3.0,8492
-21,BMW, 5 Series,utomatic,,2017.0,38538.0,125.0,60.1,2.0,38.0,1.0,16000
370,Ford, Fiesta,Manual,Petrol,2017.0,12022.0,,62.8,1.0,63.0,3.0,13099
3732,Toyota, Aygo,Semi-Auto,Petrol,2017.0,10160.0,145.0,,1.0,94.0,3.0,9498
-225,BMW, 5 Series,Semi-Auto,diesel,2019.0,500.0,145.0,62.8,2.0,52.0,0.0,31450
3848,Mercedes, GLC Class,Semi-Auto,Diesel,2019.0,3989.0,145.0,44.8,2.0,32.0,4.0,32480
2656,Ford, Fiesta,Manual,Petrol,2016.0,11566.0,20.0,62.8,1.0,78.0,2.0,10540
-395,VW, Polo,Semi-Auto,Petrol,2020.0,3000.0,-49.15354066338728,,2.0,49.0,3.0,22900
3648,Hyundai, I20,Manual,Petrol,2016.0,20934.0,30.0,56.5,1.2,32.0,2.0,7760
1105,VW, Tiguan,Semi-Auto,Diesel,2019.0,6014.0,145.0,39.8,2.0,31.0,4.0,26990
2480,Hyundai, IX35,Automatic,Diesel,2013.0,37000.0,300.0,39.2,2.0,71.0,4.0,9995
3776,Hyundai, Kona,,Petrol,2019.0,15575.0,145.0,44.1,1.0,62.0,2.0,13591
-264,Mercede, E Class,Semi-Auto,Diesel,2017.0,41547.0,20.0,72.4,2.0,35.0,6.258370664185211,20342
3553,Hyundai, I20,Manual,Petrol,2015.0,23656.0,30.0,55.4,1.2,44.0,3.0,7398
141,Opel, Mokka X,Manual,Petrol,2017.0,,145.0,47.1,1.4,60.0,1.0,10485
-231,Skoda, Citigo,MANUAL,Petrol,2014.0,23043.0,0.0,67.3,1.0,80.0,4.0,5995
491,Ford, Focus,Manual,Petrol,2018.0,21931.0,,41.5,2.0,90.0,4.0,16900
2320,Opel, Mokka X,Manual,Petrol,2017.0,32037.0,200.0,42.2,1.6,66.0,4.0,10298
3534,Mercedes, GLC Class,Semi-Auto,Petrol,2019.0,1000.0,145.0,,4.0,47.0,0.0,75729
198,Ford, Focu,Manual,Diesel,2019.0,12027.0,,74.3,1.5,89.0,0.0,17998
2487,Audi, TT,Manual,Diesel,2016.0,51400.0,30.0,62.8,2.0,56.0,4.0,15465
-491,Skoda, SUPERB,Semi-Auto,DIESEL,2019.0,2503.0,145.0,54.3,2.0,69.0,0.0,21990
-461,Opel, Mokka X,Manual,etrol,2018.0,6948.0,145.0,39.2,1.4,60.0,4.0,12490
1171,BMW, 1 Series,Automatic,Diesel,2019.0,7990.0,145.0,,,67.0,4.0,20990
1226,Ford, Ka+,Manual,Petrol,2017.0,7616.0,145.0,57.7,1.2,55.0,3.0,8200
1783,BMW, 2 Series,Automatic,,2019.0,9181.0,135.0,,1.5,50.0,3.0,21450
-127,Ford, Fiesta,Automati,Petrol,2018.0,5602.0,,,1.0,47.0,4.0,16450
1422,BMW, 3 Series,Automatic,Diesel,2017.0,29449.0,145.0,49.6,3.0,69.0,1.0,24750
3822,Hyundai, I40,Manual,Diesel,2017.0,15326.0,145.0,65.7,1.7,74.0,4.0,10277
2093,BMW, X2,Semi-Auto,Diesel,2019.0,2949.0,145.0,61.4,2.0,47.0,2.0,28490
-149,BMW, X4,Automatic,Diesel,2017.0,35016.0,150.0,54.3,2.0,89.0,6.230179577896532,22500
3468,Opel, Corsa,Manual,Petrol,2006.0,61467.0,145.0,48.7,1.2,88.0,0.0,1495
195,VW, Polo,Manual,Petrol,2016.0,17399.0,20.0,58.9,,84.0,2.0,8798
1556,VW, Tiguan,Manual,Diesel,2019.0,1098.0,145.0,47.9,2.0,60.0,4.0,28895
3706,VW, Polo,Manual,Petrol,2017.0,17913.0,145.0,60.1,1.0,31.0,1.0,9677
874,Ford, Focus,Manual,Petrol,2018.0,12180.0,145.0,,1.0,3.2257436177114727,3.0,13620
-259,Mercedes, C Class,Semi-Auto,hybrid,2016.0,40197.0,,,2.0,68.0,0.0,18780
1873,Toyota, Avensis,Manual,Diesel,2014.0,58523.0,30.0,61.4,2.0,77.0,4.0,7950
-176,Opel, Mokka X,Semi-Auto,Petrol,2010.5650091895347,14576.0,145.0,37.2,1.4,73.0,0.0,13804
1966,Mercedes, GLA Class,Automatic,Petrol,2020.0,6000.0,145.0,44.8,1.6,66.0,4.0,28680
3878,, Polo,Manual,Petrol,2019.0,3222.0,145.0,52.3,1.0,92.0,1.0,15990
1251,Audi, A,Manual,,2017.0,15322.0,145.0,56.5,1.4,42.0,0.0,15400
1992,Ford, Edge,Automatic,Diesel,2019.0,14.0,145.0,37.2,2.0,42.0,2.0,33994
840,, Astra,Manual,Petrol,2016.0,22187.0,125.0,51.4,1.4,46.0,4.0,8498
2606,VW, T-Roc,Manual,Petrol,2019.0,3500.0,145.0,42.2,1.5,31.0,4.0,24790
581,Audi, A4,Automatic,Petrol,2014.0,55119.0,300.0,34.9,3.0,66.0,0.0,15567
3897,Ford, Fiesta,Manual,Petrol,2016.0,18016.0,0.0,65.7,1.0,48.0,2.0,10298
1752,Audi, A3,Automatic,Diesel,2014.0,56508.0,125.0,58.9,2.0,35.0,1.0,12640
1641,Mercedes, A Class,Semi-Auto,Petrol,2019.0,5126.0,145.0,53.3,1.3,76.0,,21699
3939,Hyundai, Tucson,Manual,Diesel,2017.0,18235.0,30.0,61.7,1.7,81.0,4.0,12995
3751,Skoda, Octavia,Semi-Auto,Diesel,2019.0,83.0,145.0,64.2,2.0,68.0,1.0,23495
1871,Mercedes, E Class,Automatic,Diesel,2016.0,18335.0,150.0,56.5,2.1,37.0,2.0,18695
905,Audi, A3,Manual,Petrol,2017.0,17800.0,150.0,54.3,1.5,66.0,0.0,19995
631,VW, T-Roc,Manual,Petrol,2018.0,18200.0,150.0,53.3,1.5,43.0,0.0,17950
2672,Audi, A4,Semi-Auto,Petrol,2019.0,10205.0,145.0,38.2,2.0,89.0,0.0,25050
1910,, A5,Automatic,Diesel,2019.0,6621.0,145.0,47.1,2.0,97.0,0.0,28450
162,Mercedes, A Class,Semi-Auto,Diesel,2018.0,1502.0,,65.7,1.5,41.0,3.0,18699
-505,Opel, Corsa,Manual,Petro,2019.0,4782.0,145.0,43.5,1.4,44.0,3.0,10499
2567,Ford, Focus,Manual,Petrol,2019.0,4827.0,145.0,60.1,1.0,63.0,4.0,17750
-138,vw, Golf,Manual,Diesel,2016.0,56507.0,20.0,67.3,2.0,59.0,0.0,14298
413,Opel, Astra,Manual,Diesel,2019.0,25.0,145.0,72.4,1.6,38.0,1.0,16995
617,Ford, Focus,Manual,Petrol,2017.0,12989.0,145.0,,2.0,35.0,,19290
3747,Ford, Fiesta,Semi-Auto,Petrol,2017.0,11235.0,0.0,57.7,1.0,46.0,4.0,10698
1431,BMW, 1 Series,Manual,Petrol,2014.0,61490.0,145.0,50.4,1.6,34.0,3.0,9250
925,Opel, Insignia,Manual,Petrol,2018.0,48400.0,145.0,47.1,1.5,44.0,2.0,12999
3760,VW, Golf,Semi-Auto,Petrol,2016.0,17237.0,,53.3,1.4,73.0,2.0,13995
547,Skoda, Fabia,Manual,Petrol,2016.0,21733.0,20.0,58.9,1.2,62.0,0.0,9890
2830,Mercedes, SL CLASS,Manual,Petrol,2017.0,15407.0,145.0,43.5,2.0,99.0,1.0,16700
-184,Ford, B-MAX,MANUAL,Petrol,2014.0,27000.0,145.0,47.1,1.4,97.0,2.0,6995
3662,Hyundai, Tucson,Manual,Petrol,2019.0,101.0,145.0,,1.6,50.0,3.0,21490
1566,BMW, 1 Series,Manual,Diesel,2017.0,23274.0,,72.4,1.5,60.0,0.0,11800
1592,BMW, 1 series,Automatic,Diesel,2012.0,96596.0,30.0,64.2,2.0,45.0,3.0,6950
3946,Mercedes, GLA Class,Semi-Auto,,2016.0,40882.0,125.0,56.5,,92.0,3.0,18435
3239,Audi, A6,Semi-Auto,Diesel,2013.0,67636.0,260.0,42.2,3.0,63.0,2.0,15290
3703,Audi, A4,Manual,Diesel,2015.0,84638.0,20.0,,,75.0,1.0,9249
2123,Toyota, Yaris,Manual,Petrol,2018.0,4050.0,145.0,47.1,1.5,33.0,3.0,11995
-525,VW, Tiguan,AUTOMATIC,Petrol,2017.0,,303.1488914624556,38.2,2.0,99.0,0.0,26999
2937,BMW, 1 Series,Manual,Diesel,2017.0,16423.0,150.0,72.4,1.5,55.0,4.0,13500
1861,BMW, 1 Series,Manual,Diesel,2017.0,15992.0,30.0,65.7,2.0,66.0,2.0,15995
611,Mercedes, E Class,Automatic,Diesel,2017.0,27400.0,30.0,65.7,2.0,70.0,2.0,19000
1336,Opel, Corsa,Manual,Petrol,2013.0,51000.0,,,1.4,60.0,1.0,5000
-274,ord, Fiesta,Manual,Petrol,2018.0,8608.0,145.0,55.4,1.1,,1.0,9998
640,Opel, Zafira,Manual,Petrol,2017.0,15757.0,205.0,41.5,,67.0,2.0,12495
930,VW, Polo,Manual,Diesel,2015.0,44949.0,0.0,,1.4,53.0,3.0,8500
2587,VW, Tiguan Allspace,Automatic,Diesel,2019.0,4235.0,145.0,38.7,2.0,75.0,4.0,32727
3609,VW, POLO,,Petrol,2017.0,22367.0,,58.9,1.0,,2.0,10175
742,Ford, Kuga,Semi-Auto,Diesel,2016.0,41607.0,145.0,,2.0,53.0,0.0,13870
637,Ford, Focus,Manual,Petrol,2019.0,22859.0,145.0,60.1,1.0,85.0,4.0,16998
1988,Toyota, Yaris,Manual,Petrol,2017.0,16976.0,30.0,58.0,1.3,66.0,1.0,9595
2984,Audi, A5,Automatic,Petrol,2020.0,3000.0,145.0,40.4,2.0,99.0,0.0,30444
3741,Toyota, Auris,Automatic,Hybrid,2017.0,31316.0,0.0,78.5,1.8,54.0,0.0,16095
2949,VW, Polo,Manual,Petrol,2016.0,47754.0,20.0,60.1,1.0,77.0,1.0,8082
2633,BMW, X1,Automatic,Diesel,2016.0,13505.0,125.0,57.6,2.0,36.0,4.0,18797
2531,Mercedes, C Class,Semi-Auto,Diesel,2019.0,4664.0,145.0,61.4,2.0,92.0,0.0,27599
1097,Mercedes, SL CLASS,Automatic,Petrol,2019.0,9393.0,145.0,31.4,4.7,92.0,0.0,50995
2509,Opel, Mokka X,Manual,Petrol,2016.0,48652.0,200.0,42.2,1.6,87.0,3.0,9995
48,Ford, Focus,Semi-Auto,Petrol,2016.0,13500.0,165.0,44.8,1.6,56.0,2.0,10491
3407,BMW, 2 SERIES,Automatic,Diesel,2018.0,20915.0,,49.6,2.0,68.0,4.0,20000
3112,Audi, A3,Manual,Petrol,2017.0,15000.0,150.0,54.3,1.5,43.0,1.0,18250
2916,Audi, A4,Semi-Auto,Diesel,2017.0,36044.0,30.0,64.2,3.0,93.0,1.0,18450
921,BMW, X2,Semi-Auto,Diesel,2018.0,,,58.9,2.0,30.0,2.0,23450
3050,Ford, EcoSport,Manual,Diesel,2018.0,13125.0,150.0,,1.5,77.0,2.0,12991
546,Hyundai, Tucson,Manual,Diesel,2016.0,41953.0,30.0,61.7,1.7,77.0,1.0,12498
3106,Ford, Fiesta,Manual,Petrol,2018.0,29100.0,150.0,65.7,1.0,36.0,1.0,10700
-160,Toyota, corolla,AUTOMATIC,Hybrid,2019.0,9500.0,135.0,,1.8,49.0,4.0,22490
756,VW, Gol,Semi-Auto,Petrol,2018.0,7118.0,145.0,55.4,1.5,64.0,2.0,18495
2328,Mercedes, C Class,Semi-Auto,Diesel,2015.0,18025.0,20.0,64.2,2.1,,1.0,16260
3549,VW,,Automatic,Diesel,2016.0,45579.0,30.0,62.8,2.0,94.0,3.0,16995
1872,Ford, Fiesta,Manual,Diesel,2016.0,9920.0,0.0,78.5,1.5,49.0,3.0,10497
3053,Mercedes, GLC CLASS,Semi-Auto,Diesel,2019.0,7780.0,145.0,41.5,2.1,52.0,0.0,31795
3542,Skoda, Fabia,Manual,Petrol,2019.0,2652.0,145.0,51.4,1.0,71.0,0.0,11495
2268,Mercedes, A Class,Semi-Auto,Diesel,2019.0,13476.0,145.0,65.7,1.5,65.0,1.0,18999
1885,BMW, X5,Automatic,Petrol,2016.0,20000.0,570.0,25.4,4.4,97.0,0.0,40950
-391,BM, 3 Series,Semi-Auto,Diesel,2015.0,87795.0,125.0,60.1,2.0,95.0,3.0,12498
1642,Mercedes, GLE Class,Automatic,Diesel,2018.0,32039.0,145.0,47.9,2.1,75.0,2.0,29490
2978,Opel, Grandland X,Manual,Petrol,2019.0,3000.0,145.0,44.1,1.2,49.0,0.0,15995
-425,BMW, 3 Series,semi-auto,Petrol,2019.0,12288.0,150.0,47.9,2.0,76.0,3.0,23685
2417,Ford, Focus,Manual,Petrol,2019.0,1864.0,145.0,60.1,1.0,94.0,3.0,17700
3910,Toyota, Aygo,Manual,Petrol,2017.0,11730.0,0.0,68.9,1.0,39.0,1.0,7750
3022,Audi, Q7,Automatic,Diesel,2016.0,41032.0,300.0,39.2,4.0,80.0,0.0,48995
3720,VW, Touareg,Semi-Auto,Diesel,2019.0,6306.0,145.0,,3.0,90.0,0.0,41782
-570,BMW, 5 Series,utomatic,Diesel,2018.0,9621.0,145.0,,2.0,58.0,0.0,23200
836,Mercedes, B Class,Manual,Diesel,2018.0,6423.0,,68.9,1.5,60.0,,15500
-589,opel, Insignia,Manual,Petrol,2018.0,20310.0,145.0,47.1,1.5,33.0,1.0,13998
601,Ford, Focus,Manual,Petrol,2019.0,8724.0,,60.1,1.0,84.0,1.0,15470
-215,Aud, TT,Semi-Auto,Petrol,2017.0,29109.0,160.0,89.77369267180958,2.0,94.0,0.0,17998
1894,VW, Golf SV,Semi-Auto,Petrol,2019.0,3939.0,145.0,45.6,1.5,52.0,0.0,19490
3271,Hyundai, I10,Manual,Petrol,2018.0,40050.0,150.0,60.1,1.0,53.0,0.0,7500
2238,Skoda, Fabi,Manual,Petrol,2016.0,32051.0,20.0,60.1,1.2,88.0,0.0,7288
3620,Ford, Fiesta,Semi-Auto,Petrol,2017.0,26942.0,150.0,,1.0,60.0,2.0,11400
1582,VW, Golf,Semi-Auto,Petrol,2015.0,26500.0,30.0,53.3,1.4,87.0,0.0,12500
3742,Hyundai, Tucson,Semi-Auto,Petrol,2019.0,4899.0,,35.8,1.6,41.0,4.0,25499
2164,VW, Caddy Maxi Life,Semi-Auto,Diesel,2020.0,1000.0,145.0,46.3,2.0,89.0,0.0,20990
1070,Mercedes, A Class,Semi-Auto,Diesel,2019.0,6324.0,145.0,65.7,1.5,38.0,3.0,21498
1775,Audi, a3,Automatic,Diesel,2016.0,36714.0,0.0,74.3,1.6,86.0,2.0,11999
-424,VW, Tiguan,manual,Diesel,2019.0,17000.0,145.0,47.9,,,3.0,19400
1283,VW, Polo,Manual,Petrol,,42163.0,,60.1,1.2,93.0,3.0,9689
2588,Skoda, Scala,Manual,Petrol,2020.0,1000.0,145.0,49.6,1.0,38.0,0.0,15991
3150,, X5,Semi-Auto,Diesel,2020.0,1501.0,145.0,37.7,3.0,81.0,2.0,51880
-375,Audi, a1,Manua,Petrol,2017.0,12577.0,30.0,58.9,1.4,90.0,0.0,14000
-306,Hyundai, I10, Manual ,Petrol,2018.0,14162.0,145.0,60.1,1.0,47.0,4.0,7495
3555,BMW, 2 Series,Semi-Auto,Diesel,2019.0,1614.0,145.0,49.6,2.0,41.0,4.0,27990
3919,Opel, Adam,Manual,Petrol,2016.0,10032.0,,52.3,1.4,97.0,1.0,8798
-177,Opel, Grandland X,manual,Petrol,2018.0,18559.0,145.0,52.3,1.2,32.0,1.0,15999
2716,Skoda, Octavia,Manual,Petrol,2016.0,20663.0,30.0,55.4,1.4,72.0,1.0,10795
1326,VW, Golf,Semi-Auto,Petrol,2018.0,17277.0,145.0,58.9,1.5,82.0,1.0,15712
-482,Skoda, Karoq,Manual,etrol,2019.0,15611.0,145.0,,1.5,50.0,2.0,18495
-3,Opel, Zafira,Manual,Petrol,2010.5650091895347,27440.0,200.0,42.2,1.4,88.0,2.0,10298
2879,, Citigo,Manual,Petrol,2017.0,36609.0,,64.2,1.0,,1.0,6395
2924,Audi, A1,Manual,Diesel,2017.0,21713.0,0.0,76.3,1.6,33.0,0.0,11300
1651,Opel, Corsa,Manual,Petrol,2015.0,15405.0,30.0,55.4,1.4,50.0,0.0,6377
3384,BMW, 4 Series,Manual,Diesel,2015.0,33636.0,145.0,55.4,2.0,87.0,1.0,15780
3770,Toyota, Aygo,Manual,Petrol,2017.0,37224.0,150.0,,1.0,98.0,4.0,6488
2330,Mercedes, C Class,Semi-Auto,Diesel,2019.0,5428.0,145.0,56.5,2.0,96.0,0.0,29980
2226,VW, Polo,Manual,,2017.0,34000.0,145.0,60.1,1.0,59.0,4.0,9999
3688,Audi,Q3,Semi-Auto,Diesel,2017.0,38235.0,145.0,55.4,2.0,53.0,2.0,19490
2776,Audi, A3,Manual,Petrol,2016.0,26701.0,30.0,58.9,1.4,74.0,3.0,16950
1373,Audi, Q2,Manual,Diesel,2019.0,1000.0,145.0,49.6,1.6,56.0,4.0,19450
-64,BMW, X2,emi-Auto,Petrol,2019.0,7197.0,150.0,34.0,2.0,75.0,6.230179577896532,36981
-564,Hyundai, Ioniq,automatic,ybrid,2019.0,32975.0,140.0,78.5,1.6,91.0,3.0,15698
3066,Hyundai, IX20,Manual,Petrol,2017.0,12417.0,125.0,16.35015250273762,1.4,52.0,0.0,8940
2521,Audi, A3,Semi-Auto,Diesel,2016.0,27306.0,125.0,61.4,2.0,88.0,1.0,15945
1727,Audi, Q8,Automatic,Diesel,2019.0,11464.0,145.0,33.6,3.0,42.0,4.0,51862
867,Ford, Fiesta,Manual,Petrol,2018.0,,145.0,40.3,1.5,91.0,0.0,15900
926,Ford, Fiesta,Manual,Petrol,2017.0,8937.0,,65.7,1.0,42.0,1.0,11500
1140,Skoda,Octavia,Semi-Auto,Diesel,2019.0,1787.0,277.3842544832681,72.4,1.6,77.0,2.0,16298
997,, Crossland X,Manual,Diesel,2019.0,4963.0,145.0,60.1,,64.0,2.0,15495
1337,Ford, EcoSport,Manual,Diesel,2019.0,816.0,145.0,67.3,1.5,89.0,4.0,16000
3918,Toyota, Yaris,Automatic,Hybrid,2018.0,9114.0,135.0,76.3,,73.0,3.0,13995
1099,Opel, Mokka,Manual,Diesel,2015.0,52173.0,30.0,65.7,1.6,32.0,3.0,7738
1132,Mercedes, C Class,Semi-Auto,Petrol,2019.0,7521.0,145.0,45.6,1.5,37.0,1.0,25699
-350,Toyota, Yaris,MANUAL,Petrol,2013.0,33072.0,30.0,58.9,1.0,68.0,1.0,5298
2316,Ford, Fiesta,Manual,Petrol,2020.0,79.0,145.0,56.5,1.0,80.0,0.0,14999
210,VW, Golf,Manual,Petrol,2019.0,50.0,145.0,47.1,1.5,32.0,1.0,20995
3404,Audi, A3,Manual,Diesel,2019.0,9500.0,145.0,55.4,2.0,42.0,3.0,22400
3660,Opel, Corsa,Manual,Petrol,2012.0,48661.0,125.0,,1.2,99.0,0.0,4799
1840,Skoda, Yeti Outdoor,Semi-Auto,Petrol,2016.0,24968.0,125.0,,1.2,58.0,1.0,11990
2415,BMW, 2 Series,Semi-Auto,Petrol,2018.0,27542.0,145.0,39.8,3.0,81.0,0.0,22998
59,Hyundai, I20,Manual,Petrol,2018.0,18961.0,150.0,58.9,1.0,33.0,,9985
1211,Ford, KA,Manual,Petrol,2015.0,40443.0,30.0,57.7,1.2,54.0,2.0,4989
3451,VW, Arteon,Semi-Auto,Diesel,2020.0,3000.0,145.0,44.1,2.0,53.0,0.0,31500
1938,BMW, X5,Automatic,Diesel,2019.0,,145.0,37.7,3.0,63.0,4.0,47250
-383,skoda, Superb,Semi-Auto,Diesel,2017.0,46264.0,30.0,62.8,2.0,32.0,4.0,14498
2304,Skoda, Fabia,Semi-Auto,Petrol,2017.0,10381.0,20.0,60.1,1.2,67.0,4.0,11250
-540,Ford, Fiesta,Manua,Petrol,2018.0,16646.0,150.0,65.7,1.0,39.0,3.0,10700
535,Mercedes, C Class,Automatic,Diesel,2018.0,11847.0,145.0,57.7,2.0,33.0,3.0,27832
765,, C Class,Automatic,Diesel,2017.0,50369.0,20.0,65.7,2.1,80.0,4.0,13800
2222,Mercedes, C Class,Semi-Auto,Diesel,2016.0,36688.0,30.0,64.2,1.6,41.0,1.0,18490
-392,Ford, Focus,Manual,Petro,2015.0,20578.0,20.0,60.1,1.0,30.0,0.0,9295
-137,, A5,Automati,Petrol,2020.0,4521.0,145.0,9.821461970493658,2.0,88.0,0.0,32880
1078,Ford, Fiesta,Manual,Petrol,2017.0,23851.0,125.0,54.3,1.2,51.0,1.0,8995
2922,Skoda, Rapid,Manual,Petrol,2017.0,23002.0,145.0,57.7,1.2,59.0,0.0,8990
-84,FORD, Focus,Manual,Petrol,2019.0,12503.0,,,1.0,99.0,1.0,14560
2229,VW, Amarok,Automatic,Diesel,2019.0,7504.0,260.0,28.3,3.0,89.0,0.0,35000
1751,Mercedes, GLA Class,Manual,Diesel,2016.0,29774.0,20.0,,2.1,51.0,1.0,15000
1538,Audi, A3,Semi-Auto,Diesel,2017.0,59000.0,0.0,74.3,1.6,51.0,2.0,11999
2654,VW, Golf,Manual,Petrol,2019.0,9000.0,145.0,49.6,1.0,63.0,4.0,16250
940,Audi, Q7,Semi-Auto,Diesel,2019.0,4959.0,145.0,44.1,3.0,89.0,3.0,55490
1080,Ford, Focus,Manual,Diesel,2018.0,32148.0,150.0,74.3,1.5,41.0,1.0,13490
187,Mercedes, B Class,Automatic,Diesel,2019.0,3113.0,145.0,55.4,2.0,75.0,1.0,25444
2247,Ford, Fiesta,Manual,Petrol,2015.0,30125.0,0.0,65.7,1.0,88.0,1.0,7899
-500,BMW, 3 Series,Manua,Diesel,2015.0,85515.0,20.0,68.9,2.0,67.0,2.0,10000
2023,Toyota, C-HR,Automatic,Hybrid,2017.0,25038.0,0.0,74.3,1.8,,2.0,20575
-504,VW, T-Cross,anual,Diesel,2019.0,1000.0,145.0,52.3,1.6,,2.0,19850
3430,VW, Golf,Manual,Diesel,2019.0,8422.0,145.0,56.5,1.6,88.0,1.0,13855
3496,Audi, A1,,Petrol,2016.0,32371.0,30.0,55.4,1.4,92.0,1.0,13990
226,Skoda, Fabia,Manual,,2018.0,8200.0,145.0,57.7,1.0,55.0,0.0,9995
2804,Skoda, Fabi,Manual,Petrol,2019.0,12841.0,145.0,57.7,1.0,,1.0,8270
1929,BMW, 3 Series,Semi-Auto,Diesel,2019.0,1951.0,145.0,52.3,2.0,33.0,2.0,28450
2592,BMW, X3,Automatic,Diesel,2015.0,113000.0,145.0,54.3,2.0,89.0,1.0,11793
-183,Hyundai, Tucson,manual,Diesel,2015.0,72712.0,125.0,58.9,2.0,70.0,3.0,11990
1404,VW, Golf,Manual,Diesel,2012.0,,30.0,62.8,,35.0,3.0,7995
697,Ford, Fiesta,Manual,Petrol,2017.0,17852.0,145.0,62.8,1.0,62.0,4.0,10299
1124,VW, Polo,Manual,Petrol,2017.0,28728.0,20.0,60.1,1.2,50.0,3.0,9990
3010,Opel, Corsa,Manual,Petrol,2017.0,28033.0,30.0,55.4,1.4,53.0,0.0,7680
2478,Toyota, Aygo,Manual,Petrol,2016.0,64500.0,0.0,69.0,1.0,72.0,3.0,5495
1778,Ford, EcoSport,Manual,Petrol,2018.0,17653.0,150.0,54.3,1.0,54.0,2.0,13500
2426,Opel, Meriva,Automatic,Petrol,2016.0,23777.0,235.0,39.8,1.4,73.0,1.0,8998
1037,Ford, ka+,Manual,Petrol,2018.0,14561.0,145.0,57.7,1.2,74.0,1.0,8500
3594,VW, Golf,Semi-Auto,Petrol,2016.0,46941.0,205.0,39.8,2.0,35.0,4.0,17895
313,Audi, A4,Semi-Auto,Petrol,2017.0,35712.0,145.0,53.3,2.0,45.0,0.0,18000
1416,BMW, 5 Series,Semi-Auto,Diesel,2017.0,26971.0,145.0,62.8,2.0,88.0,2.0,24480
1036,Skoda,Superb,Semi-Auto,Petrol,2019.0,3389.0,145.0,38.2,2.0,45.0,3.0,28500
3574,Mercedes,,Semi-Auto,Diesel,2020.0,1250.0,145.0,,2.0,41.0,2.0,39995
1754,Opel, Zafira,Manual,Petrol,2017.0,24084.0,145.0,41.5,1.4,79.0,4.0,10491
2299,VW, T-Roc,Semi-Auto,Petrol,2019.0,3250.0,,32.5,,44.0,1.0,31500
2718,, Focus,,Petrol,2012.0,76000.0,30.0,56.5,1.0,42.0,4.0,5000
2840,Opel, Ada,Manual,Petrol,2017.0,31389.0,125.0,53.3,1.2,39.0,0.0,6890
2908,Mercedes, A Class,Semi-Auto,Diesel,2020.0,16.0,145.0,67.3,1.5,70.0,2.0,27995
1506,Opel, Corsa,Manual,Petrol,2016.0,30464.0,30.0,55.4,1.4,61.0,0.0,7495
1923,Hyundai, Kona,Manual,Petrol,2018.0,26615.0,145.0,52.3,1.0,53.0,0.0,11998
3976,Mercedes, A Class,Semi-Auto,Petrol,2018.0,11716.0,150.0,53.3,1.3,80.0,0.0,21526
2096,VW, Tiguan,Semi-Auto,Diesel,2013.0,51449.0,200.0,47.7,2.0,38.0,3.0,10000
-449,VW, T-Roc,MANUAL,Petrol,2020.0,4000.0,145.0,11.417267753816397,1.5,82.0,4.0,20995
-572,Skoda, Fabia,semi-auto,Petrol,2018.0,3564.0,145.0,60.1,1.0,32.0,4.0,12997
361,Mercedes, C Class,Manual,Diesel,2016.0,34903.0,20.0,68.9,2.1,67.0,3.0,16000
1134,Hyundai, I10,Manual,Petrol,2019.0,9290.0,145.0,92.11045520662186,1.2,65.0,3.0,8970
-381,Audi, A4,AUTOMATIC,Diesel,2016.0,37534.0,20.0,67.3,2.0,33.0,3.0,17290
1830,VW, Polo,Semi-Auto,Petrol,2016.0,20856.0,20.0,,1.2,77.0,1.0,10999
1053,Ford, Fiesta,Manual,Petrol,2017.0,17378.0,,65.7,,39.0,4.0,9499
22,Skoda, Superb,Semi-Auto,Diesel,2016.0,48558.0,30.0,,2.0,51.0,2.0,13990
2066,Audi, Q7,Semi-Auto,Diesel,2020.0,3000.0,145.0,33.2,3.0,92.0,4.0,51995
1653,Opel, Insignia,Manual,Diesel,2019.0,13157.0,145.0,54.3,2.0,42.0,0.0,16887
3375,Opel, Crossland X,Manual,Diesel,2018.0,30148.0,150.0,78.5,1.6,95.0,3.0,10400
3109,Hyundai, IX20,Automatic,Petrol,2017.0,27918.0,145.0,,1.6,81.0,2.0,9628
2378,Skoda, Karoq,Automatic,Diesel,2019.0,4086.0,145.0,,1.6,60.0,4.0,21995
-346,Mercedes, E Class,Automatic,Petrol,2019.0,5000.0,145.0,32.5,3.0,125.2020334227379,3.0,49390
460,Toyota, Aygo,Manual,Petrol,2017.0,20302.0,145.0,69.0,1.0,88.0,1.0,6500
1067,Audi, Q5,Semi-Auto,Petrol,2019.0,6000.0,145.0,32.1,2.0,70.0,3.0,38990
87,Opel, Astra,Manual,Diesel,,40239.0,0.0,78.5,1.6,70.0,1.0,7999
-97,BMW, 2 Serie,Manual,Petro,2019.0,123.0,145.0,52.3,1.5,66.0,3.0,22646
2259,Mercedes, GLC Class,Automatic,Diesel,2016.0,27000.0,125.0,56.5,2.1,87.0,2.0,20950
282,Ford, Focus,Automatic,Petrol,2016.0,14127.0,125.0,51.4,1.0,81.0,2.0,10995
462,Hyundai, IX35,Manual,Diesel,2015.0,42865.0,150.0,,1.7,61.0,4.0,9498
212,BMW, 6 Series,Semi-Auto,Petrol,2016.0,19366.0,260.0,36.7,3.0,63.0,4.0,22798
2138,BMW, X5,Semi-Auto,Diesel,2019.0,3252.0,145.0,37.7,3.0,57.0,0.0,49490
1368,Mercedes, C Class,Manual,Diesel,2017.0,34015.0,145.0,70.6,2.1,30.0,3.0,13800
234,Ford, Mondeo,Semi-Auto,Diesel,2016.0,47273.0,125.0,58.9,2.0,32.0,3.0,11500
2447,Skoda, Octavia,Automatic,Diesel,2016.0,41092.0,125.0,57.7,2.0,73.0,4.0,14800
597,BMW, 2 Series,Automatic,Petrol,2017.0,17000.0,125.0,48.7,2.0,90.0,2.0,14990
-43,Opel, Adam,Manual,Petro,2017.0,24166.0,145.0,53.3,1.2,47.0,2.0,7991
3415,Ford, Kuga,Automatic,Diesel,2014.0,49701.0,200.0,,2.0,76.0,4.0,10895
662,Hyundai, I800,Manual,Diesel,2016.0,48859.0,300.0,37.7,2.5,97.0,4.0,13695
-566,Opel, Viva,Manual,PETROL,2019.0,12.0,150.0,46.3,1.0,56.0,4.0,8000
-345,Ford, Ka+,Manual,petrol,2016.0,5693.0,30.0,57.7,1.2,99.0,3.0,8495
3167,Skoda, Octavia,Semi-Auto,Diesel,2019.0,10925.0,150.0,70.6,1.6,69.0,3.0,14995
2909,Ford, Edge,Automatic,Diesel,2018.0,19458.0,145.0,47.9,2.0,56.0,4.0,25999
779,Skoda, Octavia,Semi-Auto,Diesel,2016.0,39692.0,30.0,64.2,2.0,93.0,4.0,10960
-34,Audi, A5,Semi-Auto,Petrol,2018.0,29683.0,-60.68409479537365,36.7,3.0,88.0,0.0,28471
2917,Audi, Q3,Manual,Petrol,2019.0,2000.0,145.0,40.9,1.5,47.0,0.0,25000
2787,Audi, A4,Semi-Auto,Petrol,,3000.0,145.0,42.2,2.0,89.0,3.0,32995
685,Hyundai, I30,Manual,Diesel,2015.0,17673.0,0.0,,1.6,72.0,2.0,7999
2688,Opel, Astra,Automatic,Diesel,2016.0,50068.0,125.0,61.4,1.6,82.0,1.0,9495
2342,VW, Tiguan,,Diesel,2019.0,4500.0,145.0,45.6,2.0,47.0,4.0,28990
2274,Toyota, Avensis,Manual,Petrol,2017.0,11855.0,145.0,47.1,1.8,37.0,1.0,13998
1850,Ford, Focus,Manual,Petrol,2019.0,4165.0,145.0,60.1,1.0,42.0,1.0,19070
-202,Opel, Corsa,MANUAL,Petrol,2020.0,10.0,145.0,52.3,1.2,79.0,2.0,15998
1688,VW, Tiguan Allspace,Automatic,Diesel,2019.0,8196.0,145.0,38.7,2.0,90.0,1.0,29490
2767,VW, Golf,Manual,Petrol,2019.0,11.0,145.0,47.1,1.5,44.0,2.0,18490
782,Mercedes, A Class,Automatic,Petrol,,18000.0,145.0,53.3,1.3,94.0,2.0,20495
521,Audi, Q5,Semi-Auto,Diesel,2017.0,18495.0,145.0,56.5,2.0,82.0,2.0,24990
522,VW, T-Roc,Manual,Petrol,2019.0,5127.0,145.0,,1.5,86.0,0.0,20290
2409,Ford, Fiesta,Manual,Petrol,2017.0,30178.0,145.0,64.2,1.1,95.0,0.0,8490
3349,BMW, 3 Series,Semi-Auto,Diesel,2019.0,4250.0,145.0,,2.0,55.0,4.0,29450
2951,Ford, Ka+,Manual,Petrol,2018.0,12563.0,145.0,57.7,1.2,31.0,3.0,7499
3013,Mercedes, B Class,Automatic,Diesel,2014.0,31251.0,30.0,61.4,2.1,44.0,2.0,11250
2398,Toyota, Avensis,Manual,Petrol,2012.0,23509.0,200.0,110.34497686910323,1.8,76.0,4.0,8134
1511,Audi, A3,Semi-Auto,Hybrid,2016.0,18486.0,0.0,176.6,1.4,42.0,0.0,18900
1882,Ford, Fusion,Manual,Diesel,2010.0,96000.0,,62.8,1.4,78.0,1.0,2495
651,Ford, Fiesta,Manual,Petrol,2018.0,7200.0,145.0,65.7,1.0,69.0,1.0,10399
2622,Ford,,Automatic,Petrol,,83000.0,265.0,38.2,1.6,72.0,3.0,2499
369,Toyota, Auris,Manual,Petrol,2014.0,14977.0,145.0,47.9,1.6,77.0,4.0,7995
2251,Mercedes,A Class,Semi-Auto,Petrol,2019.0,7800.0,145.0,53.3,1.3,73.0,4.0,25000
118,Ford, Fiesta,Manual,Petrol,2017.0,20346.0,125.0,54.3,1.2,69.0,3.0,7640
-237,ord, Fiesta,Manual,Petrol,2015.0,10801.0,125.0,54.3,1.2,72.0,4.0,8498
2575,Mercedes, GLA Class,Semi-Auto,Diesel,2019.0,4938.0,145.0,64.2,2.1,69.0,1.0,25099
3207,Ford, Focus,Manual,Petrol,2015.0,35689.0,205.0,41.5,2.0,38.0,1.0,13998
1613,Audi,A1,Manual,Petrol,2017.0,28691.0,145.0,67.3,1.0,77.0,4.0,11000
2473,BMW, 1 Series,Manual,Diesel,2019.0,6675.0,145.0,70.6,1.5,46.0,4.0,18950
962,Audi, A5,Automatic,Petrol,2015.0,52838.0,260.0,35.8,3.0,88.0,4.0,20490
2399,Audi, A1,Manual,Diesel,2015.0,31000.0,0.0,80.7,1.6,36.0,3.0,7990
2921,, Kona,Automatic,Hybrid,2020.0,25446.0,135.0,,1.6,53.0,2.0,13999
3815,VW, Golf,Semi-Auto,Diesel,2017.0,15384.0,,58.9,2.0,,2.0,17498
-285,Skoda,Fabia,Manual,Petrol,2019.0,3811.0,145.0,64.2,1.0,125.45359879680294,0.0,13395
3681,Ford, Fiesta,Manual,Petrol,2016.0,,0.0,65.7,1.0,35.0,1.0,8698
3889,Toyota, Yaris,,Hybrid,2015.0,19228.0,0.0,78.0,1.5,77.0,2.0,11000
2037,VW, Golf,Manual,Petrol,2015.0,48558.0,30.0,53.3,1.4,47.0,2.0,8998
772,BMW,,Automatic,Petrol,2019.0,7951.0,,47.9,2.0,30.0,0.0,23950
1284,Mercedes, GLC Class,Semi-Auto,Diesel,2019.0,8000.0,145.0,40.9,2.0,53.0,3.0,36000
-363,Audi, Q3,utomatic,Diesel,2020.0,3911.0,145.0,45.6,2.0,32.0,4.0,35995
1414,Skoda, Fabia,Manual,Diesel,2011.0,80000.0,20.0,67.3,1.6,92.0,1.0,2795
1234,Ford, Mondeo,Manual,Diesel,2016.0,63372.0,30.0,64.2,2.0,65.0,2.0,9495
-338,BMW, 4 serie,Semi-Auto,iesel,2017.0,16463.0,145.0,65.7,2.0,63.0,1.0,19498
435,Ford, EcoSport,Manual,Petrol,2018.0,15080.0,145.0,27.70948954406702,1.0,36.0,2.0,13995
1674,Ford, EcoSport,Manual,Diesel,2017.0,9633.0,145.0,44.8,1.5,74.0,4.0,9375
365,Ford, Kuga,Manual,Diesel,2017.0,55121.0,145.0,54.3,2.0,87.0,1.0,13995
3841,Audi, A5,Automatic,Diesel,2019.0,3794.0,145.0,,2.0,38.0,4.0,31900
231,Audi, A4,Manual,Petrol,2016.0,23212.0,125.0,53.3,1.4,59.0,1.0,13500
3424,VW, Polo,Manual,Petrol,2016.0,29653.0,20.0,60.1,1.2,77.0,2.0,9232
3697,Audi, Q3,Semi-Auto,,,61000.0,205.0,47.9,2.0,33.0,1.0,10995
407,Mercedes, M Class,Automatic,Diesel,2015.0,44529.0,,39.2,2.1,99.0,3.0,20500
2090,VW, Passat,Automatic,Diesel,2016.0,28520.0,,61.4,2.0,35.0,0.0,15300
86,Toyota, Aygo,Manual,Petrol,2016.0,17006.0,0.0,69.0,1.0,52.0,3.0,7395
844,Toyota, Prius,Automatic,Hybrid,2020.0,1500.0,135.0,235.0,1.8,36.0,4.0,27990
-77,Ford, Kuga,Manual,Diese,2017.0,16644.0,145.0,60.1,2.0,92.0,4.0,16999
2244,VW, Golf,Manual,Diesel,2018.0,19785.0,145.0,60.1,2.0,92.0,4.0,19500
2715,VW,Golf,Manual,Diesel,2005.0,122000.0,160.0,,2.0,99.0,3.0,2595
3756,Ford, ECOSPORT,Manual,Diesel,2018.0,4835.0,145.0,58.9,1.5,60.0,4.0,15995
855,Mercedes, E Class,Automatic,Diesel,2017.0,58463.0,20.0,67.3,2.0,99.0,3.0,17989
78,Ford, Fiesta,Manual,Petrol,2020.0,52.0,145.0,54.3,1.0,39.0,3.0,15750
-208,Ope, Mokka X,Automatic,Petrol,2018.0,34028.0,150.0,43.5,,63.0,1.0,12000
3098,VW, Polo,Semi-Auto,Petrol,2016.0,23268.0,20.0,61.4,1.4,95.0,0.0,12998
3759,Opel, Mokka X,Manual,Petrol,2018.0,6378.0,145.0,47.1,1.4,32.0,3.0,12277
3879,VW, T-Cross,Manual,Diesel,2019.0,2500.0,145.0,52.3,1.6,94.0,4.0,20689
2217,Toyota, Aygo,,Petrol,2012.0,38000.0,0.0,,1.0,44.0,2.0,4395
3569,Audi, A4,Manual,,2006.0,80000.0,300.0,33.6,2.0,89.0,3.0,3888
3275,Skoda, Fabia,Manual,Petrol,,24834.0,145.0,64.2,1.0,59.0,4.0,8990
2905,Ford, Fiesta,Manual,Petrol,2018.0,21581.0,145.0,,1.0,52.0,0.0,11699
2176,Ford, Fiesta,Manual,Diesel,2009.0,100000.0,20.0,67.3,1.6,98.0,4.0,2250
424,Opel, Insignia,Manual,Diesel,2019.0,19484.0,145.0,49.6,,92.0,2.0,15698
392,Audi, A1,Manual,Diesel,2015.0,21769.0,,80.7,1.6,84.0,0.0,11786
-355,Ford, Focus,manual,Petrol,2019.0,,,,1.0,58.0,2.0,16995
104,Audi, Q5,Semi-Auto,Hybrid,2019.0,3797.0,135.0,117.7,2.0,86.0,1.0,49400
3758,VW, Up,Manual,Petrol,2018.0,8382.0,150.0,68.9,1.0,68.0,1.0,9791
1948,, 3 Series,Semi-Auto,Diesel,2017.0,48604.0,30.0,,2.0,94.0,1.0,14990
1459,Opel, Corsa,Manual,Petrol,2020.0,10.0,145.0,52.3,1.2,67.0,2.0,16498
3296,Mercedes, C Class,Automatic,Petrol,2018.0,7351.0,145.0,40.4,2.0,35.0,0.0,23480
2960,Mercedes, C Class,Automatic,Petrol,2016.0,29446.0,160.0,44.8,2.0,48.0,1.0,17991
2307,BMW, Z3,Manual,Petrol,2001.0,60000.0,325.0,30.7,2.2,96.0,0.0,5950
3950,Audi, A3,Manual,Diesel,2015.0,30690.0,0.0,83.1,1.6,80.0,0.0,10999
1587,Ford, Focus,Manual,Petrol,2019.0,11982.0,145.0,49.6,1.0,60.0,1.0,17691
3101,Skoda, Superb,Semi-Auto,Diesel,2016.0,52722.0,30.0,62.8,2.0,43.0,2.0,13450
1731,Toyota, Yaris,Manual,Petrol,2019.0,100.0,145.0,47.9,1.5,96.0,0.0,14495
3846,Mercedes, B Class,Semi-Auto,Diesel,2019.0,8939.0,145.0,54.3,2.0,67.0,3.0,26999
3852,Opel, Astra,Manual,Diesel,2017.0,37331.0,20.0,72.4,1.6,62.0,4.0,8430
1791,Audi, A4,Semi-Auto,Petrol,2019.0,1024.0,145.0,38.7,2.0,34.0,2.0,28985
1940,Ford, Fiesta,Manual,Petrol,2019.0,17456.0,145.0,,1.0,93.0,4.0,11800
702,Audi, Q3,Manual,Petrol,2016.0,21682.0,125.0,50.4,1.4,71.0,3.0,16999
2392,Ford, Focus,Automatic,Diesel,2018.0,15350.0,145.0,67.3,1.5,82.0,2.0,14990
496,Ford, Mondeo,Manual,Diesel,2014.0,132000.0,30.0,61.4,2.0,66.0,1.0,5393
464,Skoda, Citigo,Manual,Petrol,2013.0,34331.0,,68.9,1.0,75.0,3.0,4495
2290,Audi, A5,Semi-Auto,Diesel,2016.0,53893.0,160.0,50.4,2.0,74.0,4.0,18575
3871,Audi, A6,Manual,Diesel,2016.0,32808.0,30.0,61.4,2.0,36.0,2.0,16600
172,Toyota, Yaris,Manual,Petrol,2018.0,20740.0,145.0,65.7,1.0,39.0,0.0,9595
2610,Audi, A7,Automatic,,2014.0,61140.0,200.0,47.9,3.0,96.0,3.0,14086
2765,Mercedes, E Class,Semi-Auto,Diesel,2013.0,39632.0,160.0,47.9,3.0,79.0,1.0,15182
2501,Mercedes, CLK,Automatic,Diesel,2003.0,105000.0,230.0,39.2,2.7,98.0,1.0,3376
2112,Opel, Mokka,Manual,Petrol,2014.0,50000.0,205.0,43.5,1.6,98.0,0.0,7500
900,Ford, Kuga,Manual,Diesel,2019.0,20605.0,145.0,54.3,1.5,92.0,2.0,14995
1446,Audi, Q3,Automatic,Petrol,2016.0,18515.0,200.0,40.4,2.0,90.0,2.0,23950
3903,Hyundai, I20,Manual,Petrol,2015.0,48458.0,30.0,55.4,1.2,91.0,2.0,6790
741,VW, Golf,Semi-Auto,Diesel,2019.0,7231.0,145.0,,2.0,,4.0,25490
-289,Audi, A3,Semi-Auto,Diese,2017.0,33900.0,125.0,57.6,2.0,55.0,1.0,19990
3456,Ford, Fiesta,Manual,Petrol,2015.0,8034.0,125.0,54.3,1.2,60.0,3.0,6995
1206,Skoda, Fabia,Manual,Petrol,2019.0,5665.0,145.0,61.4,1.0,78.0,4.0,10650
509,Toyota, Aygo,Manual,Petrol,2019.0,9484.0,145.0,,1.0,93.0,4.0,8950
2233,Audi, A1,Manual,Petrol,2017.0,7620.0,150.0,56.5,1.4,34.0,1.0,14440
3739,Opel, Meriva,Manual,Diesel,2007.0,64000.0,145.0,37.7,1.7,72.0,4.0,2999
1549,VW, Golf,Manual,Diesel,2013.0,70884.0,0.0,68.9,1.6,48.0,0.0,7499
2770,Ford, fiesta,Manual,Petrol,2018.0,23730.0,145.0,56.5,1.0,54.0,1.0,10600
2202,Audi, A8,Automatic,Diesel,2019.0,5000.0,145.0,40.4,3.0,,3.0,47990
2044,Audi, Q7,Automatic,Diesel,2019.0,6063.0,145.0,,3.0,34.0,4.0,46426
767,Audi, TT,Manual,Petrol,2016.0,20674.0,160.0,46.3,2.0,93.0,2.0,17498
-483,Ford, Focus,manual,Petrol,2015.0,40801.0,20.0,60.1,1.0,98.0,2.0,8495
3164,VW, Golf,Manual,Petrol,2018.0,16666.0,150.0,,2.0,92.0,0.0,23995
421,Opel, Corsa,Manual,Petrol,2019.0,882.0,145.0,43.5,1.4,63.0,4.0,10490
123,Audi, Q3,Semi-Auto,Petrol,2016.0,35496.0,150.0,47.9,1.4,97.0,1.0,18888
3573,Ford, Grand Tourneo Connect,Manual,Diesel,2019.0,11.0,145.0,46.3,1.5,81.0,4.0,18490
3321,Audi, A5,Semi-Auto,Diesel,2020.0,1000.0,145.0,50.4,2.0,79.0,0.0,30000
819,Mercedes,C Class,Automatic,Petrol,2019.0,5325.0,145.0,44.1,2.0,59.0,3.0,40924
1403,Mercedes,A Class,Manual,Petrol,2019.0,6919.0,145.0,28.5,1.3,91.0,0.0,23499
1382,BMW, 4 Series,Automatic,Diesel,2016.0,60975.0,,70.6,2.0,69.0,3.0,13399
2148,VW, T-Roc,Manual,Diesel,2019.0,1689.0,145.0,50.4,1.6,57.0,2.0,19450
1575,BMW, 5 Series,Automatic,Diesel,2019.0,6456.0,145.0,60.1,2.0,92.0,3.0,27916
1638,Ford, Fiesta,Manual,Petrol,2018.0,10691.0,,64.2,1.1,88.0,2.0,9990
1795,Ford, b-max,Manual,Petrol,2017.0,22677.0,145.0,57.7,1.0,72.0,2.0,10228
-431,Ford, C-MAX,manual,Diesel,2016.0,34000.0,20.0,68.9,1.5,68.0,4.0,10290
399,VW, Golf S,Automatic,Petrol,2019.0,2077.0,145.0,42.8,1.5,35.0,0.0,22990
3808,VW, Golf,Manual,Petrol,2019.0,16019.0,145.0,49.6,1.0,79.0,2.0,12000
-575,VW, Tiguan,Manual,DIESEL,2017.0,34452.0,165.0,50.4,2.0,35.0,1.0,16990
2459,Toyota, Yaris,Automatic,Hybrid,2015.0,36000.0,0.0,86.0,1.5,47.0,2.0,9995
1352,Mercedes, CL Class,Automatic,Diesel,2018.0,3678.0,145.0,50.4,2.2,99.0,4.0,21936
2458,Opel, Astra,Semi-Auto,Petrol,2017.0,,150.0,51.4,1.4,32.0,2.0,10999
-188,VW,,Semi-Auto,etrol,2016.0,13771.0,125.0,53.3,1.2,88.0,0.0,12995
2130,Audi, Q2,Manual,Petrol,2017.0,12343.0,145.0,50.4,,64.0,3.0,18860
982,Ford, Focus,Manual,Diesel,2017.0,29301.0,0.0,74.3,1.5,32.0,2.0,10150
456,Mercedes, E Class,Automatic,Diesel,2014.0,43413.0,145.0,58.9,2.1,34.0,3.0,14000
3547,Skoda, Fabia,Manual,Petrol,2017.0,44770.0,20.0,60.1,1.2,85.0,4.0,7995
3839,Ford, Kuga,,Diesel,2017.0,,145.0,60.1,,49.0,4.0,16355
1950,Skoda, Fabia,,Petrol,2019.0,3350.0,145.0,51.4,1.0,71.0,2.0,11495
3826,Opel, Corsa,Manual,Petrol,2016.0,4778.0,125.0,,1.4,51.0,3.0,8150
-265,Ope, Mokka X,Manual,PETROL,2019.0,10887.0,145.0,39.2,1.4,64.0,4.0,12780
641,Mercedes,,Semi-Auto,Petrol,2019.0,69.0,145.0,35.3,2.0,44.0,1.0,33932
1953,Ford, FIESTA,Manual,Petrol,2016.0,11104.0,0.0,65.7,1.0,75.0,3.0,10877
3198,Toyota, Yaris,Automatic,Hybrid,2017.0,21709.0,0.0,86.0,1.5,75.0,3.0,11995
3657,Mercedes, E Class,Semi-Auto,Diesel,2016.0,45143.0,30.0,65.7,2.0,37.0,0.0,18880
-387,Opel, Crossland X,Semi-Auto,PETROL,2019.0,15587.0,145.0,42.2,1.2,50.0,2.0,13959
2488,Opel,Insignia,Manual,Diesel,2017.0,14821.0,145.0,60.1,2.0,68.0,1.0,14499
1884,VW, Tiguan,Semi-Auto,Diesel,2020.0,501.0,145.0,31.4,2.0,57.0,1.0,33999
-253,FORD, EcoSport,Semi-Auto,Petrol,2019.0,6797.0,150.0,45.6,1.0,42.0,1.0,15625
2646,Ford, Kuga,Manual,Diesel,2017.0,29764.0,145.0,64.2,1.5,98.0,4.0,15000
-511,FORD, Focu,Manual,Petrol,2017.0,17001.0,,,2.0,31.0,3.0,17994
845,Opel, Mokka X,Semi-Auto,Petrol,2017.0,27888.0,160.0,43.5,1.4,,0.0,11350
542,Ford, Focus,Manual,Petrol,2013.0,41250.0,30.0,56.5,1.0,39.0,1.0,6477
91,Mercedes, A Class,Manual,Diesel,2017.0,11373.0,145.0,65.7,2.1,,3.0,14999
3292,Opel, Astra,Manual,Petrol,2019.0,5761.0,145.0,62.8,1.0,86.0,2.0,11700
1979,Audi, A1,Manual,Petrol,2014.0,13442.0,125.0,,1.4,88.0,4.0,12990
2486,BMW, 1 Series,Semi-Auto,Diesel,2016.0,42001.0,20.0,68.9,1.5,89.0,2.0,13498
3459,Audi, Q3,,Petrol,2020.0,3500.0,145.0,32.5,2.0,61.0,3.0,32799
2462,Toyota, C-HR,,Hybrid,2016.0,20262.0,0.0,,1.8,57.0,2.0,20495
1676,VW, Golf,Automatic,Hybrid,2017.0,18365.0,135.0,166.2,1.4,35.0,3.0,20990
1048,Toyota, Aygo,Manual,Petrol,2018.0,19775.0,145.0,68.9,1.0,88.0,1.0,7995
1960,VW,,Manual,Petrol,2019.0,3758.0,150.0,51.4,,58.0,2.0,15990
237,Opel, Mokka X,Manual,Petrol,2019.0,12969.0,145.0,39.2,1.4,90.0,3.0,13000
-568,Skoda, Fabia,Manual,petrol,2019.0,4981.0,150.0,57.7,1.0,49.0,0.0,10490
1133,VW, Golf,Manual,Diesel,2018.0,18516.0,145.0,60.1,2.0,96.0,0.0,18495
1805,Audi, A4,Manual,Petrol,2017.0,25000.0,125.0,53.3,1.4,90.0,2.0,13500
3537,Hyundai, Tucson,Manual,Diesel,2016.0,,30.0,61.7,1.7,54.0,,11990
163,Mercedes, SLK,Automatic,Petrol,2014.0,43955.0,205.0,43.5,1.8,76.0,1.0,15990
2963,Mercedes, C Class,Semi-Auto,Diesel,2017.0,20380.0,30.0,65.7,2.1,49.0,4.0,25494
-233,MW, 8 Series,Semi-Auto,Petrol,2020.0,123.0,145.0,33.2,3.0,89.0,0.0,66991
3712,Opel, Corsa,Manual,Petrol,2017.0,37800.0,30.0,55.4,1.4,98.0,0.0,6495
2714,Opel, ASTRA,Manual,Diesel,2019.0,10.0,145.0,,1.6,53.0,1.0,15740
3080,Opel, Astra,Manual,Diesel,2019.0,10.0,145.0,58.9,1.6,30.0,4.0,14775
3336,Toyota, Auris,Automatic,Hybrid,2016.0,13821.0,0.0,78.5,1.8,33.0,2.0,14999
1811,VW, CC,Automatic,Diesel,2015.0,70920.0,,54.3,2.0,97.0,2.0,10000
2639,Ford, Fiesta,Manual,Petrol,2016.0,38392.0,0.0,65.7,1.0,39.0,1.0,8800
3859,Opel, Astra,Manual,Diesel,2017.0,68397.0,0.0,85.6,1.6,62.0,1.0,7070
3061,Opel,,Manual,Petrol,2016.0,27051.0,200.0,42.2,1.4,63.0,4.0,11250
2379,Ford, Focus,,Petrol,2017.0,17327.0,145.0,41.5,2.0,65.0,0.0,18520
2877,Opel, Zafira,Manual,Diesel,2014.0,61974.0,145.0,55.4,2.0,72.0,1.0,6900
-217,BMW, 5 Series,utomatic,Diesel,2011.0,85896.0,165.0,50.4,3.0,69.0,2.0,11995
-282,Mercedes, E Class,AUTOMATI,,2015.0,74293.0,125.0,61.4,2.1,3.2074178424107345,2.0,13599
3381,Opel, Adam,Manual,Petrol,2019.0,6291.0,145.0,53.3,1.2,90.0,0.0,9490
1452,VW, Pol,Manual,Petrol,2018.0,9788.0,150.0,64.2,1.0,91.0,2.0,12790
593,Toyota, RAV4,Automatic,Hybrid,2016.0,45950.0,20.0,55.4,2.5,73.0,3.0,19599
41,VW, Touran,Manual,Diesel,2014.0,13997.0,125.0,61.4,1.6,70.0,1.0,11395
560,Ford, Fiesta,Manual,Petrol,2017.0,11474.0,145.0,64.2,1.1,67.0,3.0,9300
2492,Audi, TT,Manual,Diesel,,33833.0,30.0,62.8,2.0,50.0,1.0,15400
3865,VW, Golf SV,Manual,Diesel,2016.0,40421.0,30.0,65.7,2.0,58.0,1.0,9450
243,Hyundai, tucson,Manual,Diesel,,20829.0,125.0,54.3,,39.0,2.0,18495
1339,Skoda, Fabia,Manual,Petrol,2016.0,18999.0,20.0,58.9,1.2,86.0,4.0,10000
2366,BMW, 2 Series,Automatic,Diesel,2019.0,8719.0,145.0,52.3,2.0,56.0,0.0,20480
2510,Toyota, Auris,Automatic,Hybrid,2016.0,16092.0,0.0,72.4,1.8,65.0,1.0,14990
3213,Audi, A3,Semi-Auto,Diesel,2017.0,15000.0,145.0,70.6,1.6,39.0,2.0,20450
1442,Toyota, Auris,Automatic,Hybrid,2017.0,29500.0,0.0,78.5,1.8,34.0,0.0,16991
261,Ford, Focus,Manual,Petrol,2017.0,18866.0,145.0,57.7,1.0,70.0,3.0,12270
2354,Audi, A1,Manual,Diesel,2017.0,17713.0,150.0,76.3,1.6,64.0,2.0,13690
1689,VW, Golf,Manual,Diesel,2016.0,105150.0,20.0,67.3,2.0,83.0,1.0,10695
1725,BMW, 4 Series,Semi-Auto,Diesel,2016.0,,,55.4,3.0,65.0,3.0,18498
3441,Ford, Fiesta,Automatic,Petrol,2018.0,9514.0,145.0,54.3,1.0,54.0,2.0,11850
834,VW, Golf,Automatic,Other,2016.0,24695.0,,44.1,2.0,75.0,3.0,19995
1866,Opel, Corsa,,Petrol,2011.0,55096.0,125.0,53.3,1.2,91.0,0.0,4499
2010,Audi, q3,Semi-Auto,Petrol,2017.0,44080.0,145.0,47.9,1.4,66.0,3.0,15860
340,Mercedes, CLS Class,Semi-Auto,Diesel,2017.0,15833.0,160.0,49.6,3.0,55.0,0.0,23995
1601,Ford, Fiesta,Manual,Petrol,2019.0,1182.0,,40.4,1.5,87.0,4.0,22450
-214,Mercedes, e class,Semi-Auto,iesel,2019.0,4772.0,145.0,70.6,2.0,74.0,2.0,34899
-323,BMW, 3 Series,manual,Diese,2014.0,59000.0,125.0,58.9,2.0,91.0,4.0,10750
480,Hyundai, I30,,Petrol,2019.0,3107.0,145.0,44.8,1.4,74.0,0.0,15450
-150,BM, 3 Series,Automatic,Diesel,2017.0,101153.3482853059,145.0,64.2,2.0,33.0,0.0,18999
-271,VW, Polo,Manual,PETROL,2012.0,47000.0,125.0,51.4,1.2,31.0,3.0,6495
2585,BMW, 3 Series,Manual,Diesel,2014.0,51030.0,30.0,62.8,2.0,99.0,2.0,10450
3379,Toyota, Yaris,Semi-Auto,Petrol,2009.0,81300.0,30.0,55.4,1.3,30.0,2.0,3750
1766,Skoda, Scala,Manual,Diesel,2019.0,100.0,145.0,57.7,1.6,98.0,0.0,16295
-120,Mercedes, GLA Class,emi-Auto,Diesel,2019.0,21131.0,145.0,67.3,2.1,74.0,0.0,22099
2442,VW, Passat,Manual,Petrol,2019.0,28249.0,145.0,45.6,1.5,30.0,4.0,14495
3543,Ford, Focus,Manual,Diesel,2019.0,3674.0,145.0,57.7,1.5,70.0,4.0,18400
3401,VW, Golf,Automatic,Hybrid,2016.0,31513.0,,,1.4,95.0,4.0,17999
3178,, C-MAX,Manual,Petrol,2017.0,1217.0,150.0,55.4,1.0,92.0,1.0,11499
1271,VW, Golf,Manual,Diesel,2015.0,50584.0,20.0,67.3,2.9857934392613865,80.0,1.0,13330
-543,Opel,,Manual,PETROL,2019.0,7000.0,145.0,43.5,1.4,83.0,2.0,11395
-144,audi, Q5,Automatic,Diesel,2020.0,4521.0,145.0,38.2,2.0,47.0,0.0,34890
-254,Opel,,Automatic,Petro,2019.0,16854.0,145.0,37.2,1.4,62.0,0.0,13800
347,Opel, Corsa,Automatic,Petrol,2008.0,31000.0,200.0,42.8,1.4,61.0,1.0,4495
-103,BMW, 3 Series,Semi-Auto,Diesel,2018.0,-58540.5744775577,145.0,56.5,3.0,34.0,6.230179577896532,22980
-257,udi, A1,Semi-Auto,Petrol,2017.0,34700.0,150.0,58.9,1.4,77.0,4.0,14391
-227,Mercedes, C Class,Semi-Auto,Petrol,2011.2108534904105,12016.0,145.0,46.3,1.5,61.0,2.0,25480
1423,Toyota,,Automatic,Hybrid,2016.0,30000.0,0.0,78.0,1.5,54.0,3.0,10990
656,Skoda, Fabia,Manual,Petrol,2014.0,23757.0,125.0,49.6,1.2,70.0,4.0,5691
2102,Audi, Q5,Automatic,Diesel,2017.0,14475.0,145.0,40.4,2.0,86.0,0.0,27995
632,Mercedes, GLC Class,,Diesel,,19339.0,145.0,45.6,3.0,45.0,4.0,31994
2725,Audi, A3,Automatic,Petrol,2018.0,20175.0,145.0,42.2,1.5,85.0,3.0,19000
3103,VW, Up,Manual,Petrol,2020.0,63.0,145.0,54.3,1.0,43.0,3.0,9990
3489,BMW, 3 Series,Semi-Auto,Diesel,2019.0,2460.0,145.0,53.3,2.0,65.0,3.0,27995
2627,Audi, A4,Manual,Diesel,2016.0,44830.0,20.0,70.6,2.0,86.0,2.0,13990
3047,Opel, Crossland X,Manual,Petrol,2019.0,25000.0,290.4867850792564,44.8,1.2,47.0,0.0,12139
1465,BMW, 5 Series,Automatic,Hybrid,2019.0,18733.0,140.0,141.3,2.0,,3.0,31550
2406,Ford, EcoSport,Manual,Petrol,2019.0,9.0,145.0,,1.0,74.0,2.0,19194
115,Toyota, Yaris,Manual,Petrol,2019.0,3160.0,145.0,47.9,2.781776206784307,33.0,3.0,11850
1821,Mercedes, CL Class,Semi-Auto,Diesel,2019.0,13962.0,145.0,51.4,2.2,46.0,2.0,26980
1494,Opel, Insignia,Manual,Diesel,2016.0,45793.0,,68.9,1.6,89.0,1.0,9500
1232,Skoda, superb,Manual,Diesel,2019.0,47700.0,145.0,64.2,2.0,64.0,1.0,15680
2437,Ford, Focus,Manual,Petrol,2018.0,13374.0,145.0,41.5,2.0,46.0,2.0,20000
1153,BMW, 1 Series,Automatic,Petrol,2018.0,8404.0,150.0,37.2,1.5,36.0,2.0,15750
-440,Mercedes, GLC Class,Semi-Aut,Diesel,,13512.0,145.0,56.5,2.1,97.0,0.0,27902
57,Opel, Corsa,Manual,Petrol,2019.0,1375.0,,43.5,1.4,73.0,3.0,10490
3773,Opel, Astr,Manual,Petrol,2018.0,18712.0,145.0,61.4,1.0,37.0,2.0,9999
-548,Opel, Astra,MANUAL,Diesel,2019.0,18448.0,145.0,58.9,1.6,38.0,6.233082169469183,14191
1735,VW, Golf SV,Semi-Auto,Petrol,2019.0,6591.0,150.0,45.6,1.5,98.0,2.0,18391
2196,Hyundai, Kona,Manual,Petrol,2019.0,14098.0,145.0,44.1,1.0,82.0,2.0,14750
3014,Ford, Focus,Manual,Petrol,2019.0,7373.0,145.0,58.9,1.0,92.0,2.0,14430
-156,VW, Tiguan,anual,Petrol,2017.0,36969.0,145.0,48.7,1.4,91.0,0.0,17490
3701,Ford, Fiesta,Manual,Petrol,2016.0,38043.0,0.0,65.7,1.0,35.0,4.0,8300
707,Mercedes, C Class,Semi-Auto,Diesel,2019.0,7060.0,145.0,56.5,2.0,66.0,4.0,26499
1093,VW, Tiguan,Automatic,Diesel,2018.0,50971.0,145.0,49.6,2.0,48.0,0.0,21790
3021,VW, CC,Semi-Auto,Diesel,2016.0,29000.0,150.0,53.3,2.0,34.0,0.0,11250
1376,VW, Tiguan,Manual,Diesel,2015.0,29129.0,145.0,53.3,2.0,87.0,3.0,12000
72,Toyota, C-HR,Automatic,Petrol,2017.0,11772.0,145.0,47.9,1.2,59.0,0.0,17298
1922,Opel, Crossland ,Manual,Petrol,2018.0,15537.0,145.0,44.8,1.2,90.0,3.0,11998
2691,Mercedes, E Class,Semi-Auto,Diesel,2020.0,159.0,145.0,45.6,3.0,97.0,0.0,45990
1764,Opel, Astra,Manual,Petrol,2018.0,20652.0,150.0,51.4,1.4,86.0,0.0,10998
743,, Focus,Manual,Petrol,2015.0,49327.0,20.0,60.1,1.0,96.0,4.0,8000
3515,BMW,3 Series,Semi-Auto,Diesel,2016.0,,145.0,56.5,3.0,50.0,0.0,17640
1005,Opel, Corsa,Manual,Petrol,2018.0,20505.0,145.0,55.4,1.4,86.0,2.0,8001
1190,Mercedes, E Class,Semi-Auto,Diesel,2019.0,1667.0,145.0,57.7,2.0,94.0,0.0,36000
2705,Ford, Fiesta,Manual,Petrol,2015.0,25550.0,0.0,65.7,1.0,54.0,4.0,8222
1125,Mercedes, C CLASS,Semi-Auto,Petrol,2019.0,5661.0,145.0,46.3,1.5,71.0,2.0,26299
1241,Mercedes, C Class,Semi-Auto,Diesel,2017.0,23690.0,125.0,58.9,2.1,54.0,0.0,19998
3908,VW, Up,Manual,Petrol,2019.0,6000.0,145.0,54.3,1.0,36.0,3.0,9375
3735,VW, Golf,Automatic,Diesel,2015.0,39482.0,125.0,55.4,2.0,73.0,0.0,12219
3524,Opel, Astra,Manual,Petrol,2020.0,20.0,145.0,54.3,1.2,60.0,4.0,15295
998,Ford, FIESTA,Manual,Petrol,2019.0,8299.0,145.0,58.9,1.0,57.0,1.0,13995
1577,Mercedes, GLB Class,Semi-Auto,Diesel,,1499.0,145.0,47.9,2.0,46.0,3.0,35990
-407,Toyota, Aygo,anual,PETROL,2017.0,27735.0,145.0,68.9,1.0,41.0,4.0,6998
1826,VW, Golf,Semi-Auto,Diesel,2017.0,26000.0,,72.4,1.6,42.0,3.0,13990
2792,BMW, 3 Series,Manual,Diesel,2016.0,27779.0,30.0,64.2,2.0,76.0,4.0,14250
-590,BMW, 1 Series,Semi-Aut,Petrol,2019.0,6879.0,145.0,39.8,3.0,,1.0,27994
3000,VW, Tiguan,Semi-Auto,Diesel,,3000.0,145.0,39.8,2.0,83.0,1.0,28490
440,Ford, B-MAX,Manual,Petrol,2014.0,40442.0,30.0,55.4,1.0,84.0,3.0,6360
1100,, 4 Series,Manual,Petrol,2016.0,14000.0,160.0,46.3,2.0,58.0,4.0,17975
3724,Ford, Kuga,Automatic,Petrol,2017.0,3379.0,299.473503908807,38.2,1.5,32.0,0.0,14698
649,Skoda, Kamiq,Semi-Auto,Petrol,2020.0,1000.0,145.0,43.5,1.5,89.0,0.0,23750
1546,BMW, 1 Series,Manual,Diesel,2019.0,5230.0,145.0,68.9,2.0,76.0,3.0,17480
3002,Toyota, VERSO,Manual,Petrol,2016.0,14103.0,205.0,41.5,1.6,90.0,4.0,11298
2702,BMW, 1 Series,Manual,Diesel,2009.0,120000.0,30.0,,2.0,73.0,4.0,2995
630,Ford, Focus,Manual,Petrol,,4101.0,145.0,58.9,1.0,34.0,4.0,18200
672,Skoda, Yeti,Automatic,Petrol,2014.0,22776.0,160.0,44.8,1.2,92.0,0.0,10500
1249,Ford, KA,Manual,Petrol,2014.0,17000.0,30.0,,1.2,45.0,3.0,4999
482,Opel, Insignia,Manual,Diesel,2018.0,16501.0,145.0,54.3,2.0,43.0,4.0,15495
1584,Ford, KA+,Manual,Petrol,2018.0,13326.0,145.0,57.7,1.2,33.0,0.0,7995
-261,VW, Golf,MANUAL,Diesel,2016.0,53623.0,0.0,74.3,1.6,88.0,0.0,9300
2680,BMW, 2 Series,Semi-Auto,Petrol,2020.0,1000.0,145.0,,1.5,34.0,1.0,25995
1462,Opel, GTC,Manual,Diesel,2015.0,47043.0,125.0,60.1,2.0,40.0,1.0,6450
3329,Hyundai, I30,Manual,Petrol,2019.0,2813.0,145.0,45.6,1.0,57.0,2.0,13750
-206,Audi, Q3,Semi-Auto,Diese,2010.37154645612,41324.0,160.0,50.4,2.0,90.0,4.0,17600
49,Audi, A6,Automatic,Diesel,2019.0,9534.0,145.0,50.4,3.7392354812099646,60.0,3.0,27750
3938,Ford, Focus,Manual,Diesel,2017.0,9038.0,0.0,74.3,1.5,47.0,2.0,11998
-182,Mercedes, C Class,Semi-Aut,Diesel,2019.0,7163.0,145.0,54.3,2.0,58.0,,30399
858,Skoda, Scala,Semi-Auto,Petrol,2019.0,1901.0,145.0,45.6,1.5,35.0,1.0,17485
1072,Ford, Focus,Manual,Petrol,2017.0,18980.0,145.0,61.4,1.0,79.0,2.0,10997
719,Opel, Meriv,Manual,Petrol,2015.0,,145.0,47.1,1.4,69.0,3.0,6798
2678,Mercedes, E Class,Automatic,Diesel,2016.0,28575.0,125.0,58.9,,71.0,4.0,16900
1660,Ford, EcoSport,Manual,Petrol,2018.0,8169.0,145.0,,1.0,,3.0,13091
1656,Hyundai, I800,Automatic,Diesel,2018.0,35050.0,,33.6,2.5,43.0,3.0,14990
2425,Ford, Fiesta,Manual,Petrol,2014.0,26097.0,150.0,47.9,1.6,53.0,4.0,9700
2990,Mercedes, c class,Automatic,Other,2017.0,52897.0,0.0,134.5,2.0,62.0,1.0,17400
3670,Opel, Crossland X,Manual,Petrol,2019.0,15460.0,150.0,44.8,1.2,64.0,3.0,11698
-576,Ford, Fiesta,Manual,Petrol,2018.0,11840.0,145.0,58.9,1.0,63.0,6.258230522496533,10995
-370,VW, UP,Manual,Petrol,2018.0,12500.0,145.0,68.9,1.0,79.0,6.2458349512166365,9995
-123,udi, A3,Manual,Petrol,2013.0,37838.0,125.0,53.3,1.4,93.0,1.0,9690
-374,HYUNDAI, I10,MANUAL,Petrol,2016.0,33589.0,20.0,60.1,1.0,67.0,4.0,5690
3513,VW, Polo,Semi-Auto,Petrol,2019.0,3329.0,145.0,39.8,2.0,85.0,0.0,19290
1385,Mercedes, S Class,Semi-Auto,Diesel,2014.0,13460.0,205.0,48.7,3.0,70.0,2.0,29772
3243,Audi, A5,Automatic,Petrol,2019.0,250.0,145.0,40.4,2.0,34.0,4.0,30650
1399,Ford, Fiesta,Manual,Petrol,2017.0,82584.13442011928,0.0,65.7,,76.0,4.0,9298
1195,Hyundai, I10,Manual,Petrol,2018.0,16281.0,145.0,60.1,1.0,88.0,4.0,7491
1408,VW, Golf,Automatic,Petrol,2019.0,15445.0,145.0,44.8,1.0,84.0,0.0,16989
3235,Hyundai, I20,Manual,Petrol,2013.0,47602.0,30.0,57.6,1.2,,2.0,4950
1798,Ford, Kuga,Manual,Petrol,2019.0,4343.0,145.0,34.4,1.5,34.0,0.0,18600
1475,Ford, Kuga,Manual,Diesel,2016.0,19301.0,125.0,60.1,2.0,89.0,3.0,13500
2726,Audi, A3,Semi-Auto,Diesel,2019.0,5051.0,145.0,51.4,2.0,46.0,1.0,24662
35,Ford, Fiesta,Manual,Petrol,2019.0,13351.0,145.0,58.9,1.0,88.0,2.0,13498
3176,Toyota, Aygo,Manual,Petrol,2017.0,9961.0,,68.9,1.0,32.0,3.0,7990
2345,Ford, Focus,Manual,Petrol,2016.0,36342.0,20.0,60.1,1.0,54.0,2.0,9590
-521,BMW, 3 Series,Semi-Auto,DIESEL,2017.0,28600.0,145.0,51.4,3.0,93.0,3.0,22950
2359,Mercedes, C Class,Semi-Auto,Petrol,2019.0,5910.0,145.0,46.3,1.5,3.2074178424107345,4.0,25999
2206,Ford, Fiesta,Manual,Diesel,2012.0,64068.0,125.0,51.4,1.4,35.0,1.0,5500
3189,BMW, 3 Series,Semi-Auto,Diesel,2019.0,7685.0,145.0,48.7,2.0,35.0,1.0,35000
1286,Opel, Corsa,Manual,Petrol,2019.0,10.0,145.0,43.5,1.4,86.0,1.0,11994
349,Audi, Q3,Automatic,Diesel,2016.0,13483.0,160.0,50.4,2.0,42.0,1.0,19995
3684,BMW, 2 Series,Manual,Diesel,2019.0,6521.0,145.0,60.1,2.0,62.0,2.0,22480
2652,Opel, Corsa,Manual,Petrol,2016.0,28223.0,30.0,55.4,1.4,76.0,3.0,5810
1681,Toyota, Aygo,Manual,Petrol,2017.0,32750.0,,68.9,1.0,89.0,4.0,7850
1443,VW, T-Roc,Manual,Diesel,2019.0,2500.0,145.0,50.4,2.0,,2.0,21890
2751,VW, Gol,Automatic,Petrol,2019.0,1900.0,145.0,44.8,1.5,86.0,0.0,22500
1671,Opel, Crossland X,Manual,Petrol,2020.0,53.0,145.0,47.1,1.2,51.0,4.0,17991
3984,Toyota, Aygo,Manual,Petrol,2017.0,38189.0,0.0,69.0,1.0,50.0,0.0,6299
1179,Skoda, Kamiq,Manual,Petrol,2019.0,1125.0,145.0,47.9,1.0,91.0,3.0,19820
3905,VW, Shuttle,Manual,,2018.0,23027.0,,11.417267753816397,2.0,53.0,0.0,19998
-78,BMW, X1,Automatic,Diesel,2016.0,46968.0,125.0,-43.42176751067029,2.0,82.0,0.0,17000
-249,VW, Tiguan,Semi-Auto,iesel,2013.0,63967.0,200.0,47.7,2.0,44.0,0.0,10495
1916,Audi, A4,Automatic,Diesel,2019.0,5000.0,145.0,44.8,2.0,66.0,1.0,26900
1357,VW, Polo,Manual,Petrol,2013.0,37720.0,145.0,47.9,1.4,61.0,4.0,8100
1825,BMW, 1 Series,Semi-Auto,Diesel,2019.0,4834.0,145.0,,2.0,88.0,4.0,20875
786,BMW, X3,Semi-Auto,Diesel,2015.0,41567.0,145.0,,2.0,34.0,0.0,19500
469,Mercedes, C Class,Semi-Auto,Diesel,2015.0,61985.0,20.0,,2.1,90.0,1.0,13750
140,Mercedes, C Class,Semi-Auto,Petrol,2017.0,37293.0,145.0,49.6,2.0,97.0,3.0,19502
788,Opel, Mokka,Manual,Diesel,2015.0,17385.0,20.0,68.9,1.6,33.0,2.0,9500
323,Hyundai, Kona,Automatic,Hybrid,2019.0,8112.0,135.0,52.3,1.6,33.0,2.0,22858
3491,, X,Semi-Auto,Diesel,2020.0,5000.0,150.0,31.4,3.0,47.0,4.0,78000
714,Audi, A3,,Petrol,2019.0,6763.0,150.0,34.5,2.0,48.0,4.0,33950
-309,Ford, Focus,Manua,Diesel,2015.0,52671.0,20.0,67.3,1.6,58.0,2.0,7590
2446,Opel, Astra,Manual,Petrol,2018.0,23988.0,145.0,51.4,1.4,54.0,4.0,10998
-429,For, Fiesta,Manual,Petrol,2016.0,36421.0,0.0,65.7,1.0,73.0,0.0,7500
-41,Toyot, Yaris,unknown,Petrol,2017.0,12091.0,145.0,58.9,1.5,36.0,0.0,10795
-232,Mercedes,GLC Class,Semi-Auto,Diese,2019.0,,145.0,56.5,2.1,66.0,0.0,32480
-385,BMW, 1 Series,Manual,Diese,2014.0,39390.0,30.0,65.7,2.0,62.0,3.0,8500
406,Ford, Focus,Manual,Diesel,2019.0,9572.0,145.0,80.7,1.5,57.0,4.0,15950
3831,BMW, 2 Series,Manual,Petrol,2019.0,3266.0,145.0,52.3,1.5,79.0,0.0,22000
1004,Opel, Ada,,Petrol,2016.0,32629.0,125.0,52.3,1.4,37.0,,7241
2803,VW, UP,Manual,Petrol,2015.0,54005.0,20.0,60.1,1.0,69.0,4.0,5298
890,BMW, 2 Series,Semi-Auto,Petrol,2020.0,11.0,145.0,50.4,1.5,84.0,4.0,21890
2411,Opel, Corsa,Manual,,2020.0,10.0,150.0,70.6,1.5,95.0,0.0,17998
2920,Opel, Antara,Manual,Diesel,2013.0,82059.0,235.0,44.1,2.2,94.0,2.0,5495
2390,Opel, Astr,Manual,Diesel,2019.0,200.0,145.0,72.4,1.6,34.0,3.0,15495
3337,Opel, Meriva,Manual,Diesel,2011.0,50500.0,125.0,,1.2,73.0,3.0,3250
3894,VW, Polo,Manual,Petrol,2020.0,1770.0,145.0,48.7,1.0,74.0,0.0,14583
2809,Opel, Corsa,Manual,,2015.0,65696.0,30.0,55.4,1.4,90.0,1.0,5295
303,Ford, Focus,Manual,Diesel,2015.0,63117.0,,,1.5,39.0,1.0,8160
-155,Ford,,MANUAL,Petrol,2018.0,3937.0,299.473503908807,47.1,1.0,72.0,2.0,14499
3172,VW, Golf,Manual,Petrol,2019.0,6846.0,150.0,36.2,2.0,,4.0,27999
664,Mercedes, E Class,Automatic,Diesel,2017.0,20730.0,145.0,65.7,2.0,32.0,4.0,20997
1177,VW,,Automatic,Diesel,2019.0,6000.0,,45.6,2.0,90.0,4.0,27000
1947,BMW, 3 Serie,Manual,Diesel,2013.0,49720.0,30.0,,2.0,73.0,0.0,11199
3898,Opel, Astra,Manual,Petrol,2020.0,100.0,145.0,54.3,1.2,30.0,2.0,14990
3303,Toyota, Aygo,Automatic,Petrol,2018.0,19459.0,150.0,67.0,1.0,94.0,4.0,7785
2132,Mercedes, SL CLASS,Semi-Auto,Diesel,2017.0,6271.0,145.0,70.6,2.1,84.0,0.0,20490
3806,Toyota, Aygo,Manual,Petrol,2016.0,37267.0,0.0,69.0,1.0,66.0,3.0,6300
961,BMW, 1 Series,Manual,Diesel,2016.0,22265.0,20.0,70.6,1.5,44.0,4.0,14298
2009,Ford, Focus,Manual,Petrol,2018.0,7269.0,145.0,61.4,1.0,74.0,4.0,11997
2149,Audi, A4,Manual,Diesel,2017.0,32997.0,145.0,67.3,2.0,49.0,0.0,18998
2819,Mercedes, E Class,Semi-Auto,Diesel,2017.0,19228.0,145.0,65.7,2.0,31.0,4.0,22499
2338,Mercedes, CL Class,Automatic,Petrol,2018.0,19193.0,145.0,53.3,1.6,61.0,0.0,19695
3291,VW, T-Roc,Manual,Diesel,2018.0,6482.0,145.0,50.4,1.6,75.0,0.0,18595
304,Opel,,Semi-Auto,Petrol,2002.0,58000.0,,45.6,1.2,97.0,2.0,1500
1440,Skoda,Fabia,Manual,Petrol,2017.0,9491.0,,64.2,1.0,88.0,4.0,9990
1496,VW, Polo,Manual,Petrol,2018.0,27534.0,,64.2,1.0,82.0,4.0,11950
916,Skoda, Octavia,Manual,Diesel,2015.0,75000.0,0.0,,1.6,85.0,2.0,7775
3601,BMW, 3 Series,Manual,Diesel,2016.0,43400.0,125.0,,2.0,39.0,1.0,14995
3151,BMW, X1,Automatic,Diesel,2016.0,41571.0,125.0,,2.0,50.0,3.0,15199
1624,Ford,,Manual,Petrol,2019.0,2096.0,145.0,64.2,1.0,39.0,0.0,13200
3245,VW, Passat,Manual,Diesel,2015.0,68922.0,20.0,68.9,1.6,90.0,4.0,8991
821,VW, Golf,Manual,Diesel,2016.0,34235.0,20.0,67.3,2.0,31.0,4.0,15998
3034,Hyundai, i10,Manual,Petrol,2018.0,7374.0,145.0,57.7,1.2,95.0,3.0,8795
1354,VW, Tiguan,Manual,Diesel,2019.0,7987.0,145.0,47.9,2.0,97.0,3.0,21492
-140,VW, Golf,Manual,Petrol,2010.7464032037276,13138.0,145.0,49.6,1.0,47.0,3.0,15680
850,VW, Polo,Manual,Petrol,2016.0,25563.0,20.0,,1.0,51.0,2.0,8998
1000,Audi, Q7,Automatic,Diesel,2017.0,34003.0,145.0,47.9,3.0,48.0,1.0,37950
-50,, Auris,Manual,PETROL,2014.0,34446.0,150.0,,1.6,75.0,0.0,7210
18,Ford, Kuga,Semi-Auto,Diesel,2018.0,8970.0,145.0,,1.5,73.0,4.0,18999
1637,Toyota, Aygo,Manual,Petrol,2018.0,12987.0,145.0,56.5,1.0,34.0,1.0,8295
1667,Hyundai, Tucson,Automatic,Diesel,2016.0,14884.0,235.0,43.5,2.0,86.0,3.0,18698
493,Audi, A3,Manual,Petrol,2017.0,19543.0,30.0,58.9,1.4,57.0,2.0,18690
3502,, Adam,Manual,Petrol,2017.0,,125.0,53.3,1.2,85.0,2.0,8430
3331,Audi, A6,Semi-Auto,Diesel,2017.0,41672.0,20.0,64.2,2.0,78.0,1.0,17875
687,Audi,A1,Manual,Petrol,2015.0,36477.0,0.0,67.3,1.0,99.0,1.0,10599
3158,Hyundai, Tucson,Manual,Petrol,2016.0,38334.0,165.0,44.8,1.6,48.0,4.0,11500
1608,BMW, 1 Series,Manual,Petrol,2015.0,24474.0,125.0,52.3,1.5,64.0,1.0,12450
-544,MERCEDES, GLA Class,Semi-Auto,Diesel,2015.0,60216.0,125.0,55.4,2.1,60.0,4.0,15390
3693,Mercedes, C Class,Automatic,Diesel,2019.0,7275.0,145.0,61.4,2.0,69.0,4.0,29450
1009,Mercedes, C Class,Automatic,Petrol,2019.0,10405.0,150.0,47.1,1.5,45.0,2.0,25999
2408,VW, Passa,Semi-Auto,Diesel,2016.0,48502.0,30.0,62.8,2.0,71.0,4.0,11590
1092,Hyundai, tucson,Automatic,Diesel,2016.0,18634.0,125.0,57.6,1.7,80.0,2.0,13789
1327,BMW, X1,Automatic,Diesel,2014.0,74012.0,160.0,52.3,2.0,94.0,4.0,9999
1677,Opel, Mokka X,Manual,Petrol,2016.0,47100.0,150.0,47.1,1.4,50.0,0.0,8750
1999,Mercedes, C Class,Semi-Auto,Diesel,2020.0,16.0,145.0,61.4,2.0,54.0,2.0,32980
1310,Skoda, Roomster,Manual,Petrol,2013.0,21462.0,145.0,20.71009480671239,1.2,38.0,0.0,6099
1987,Hyundai, I30,Manual,Diesel,2015.0,44929.0,0.0,78.4,1.6,87.0,4.0,7331
3093,Opel, COMBO LIFE,Manual,Diesel,2019.0,9726.0,145.0,53.3,1.5,97.0,3.0,13798
344,Mercedes, A Class,Manual,Diesel,2015.0,37883.0,20.0,,,86.0,0.0,11632
3499,Ford, Kuga,Automatic,Diesel,2018.0,33421.0,145.0,54.3,2.0,38.0,0.0,17800
986,Audi, A1,Automatic,Petrol,2020.0,7.0,145.0,44.8,1.0,77.0,4.0,21400
3257,Mercedes, A Class,Automatic,Diesel,2019.0,4554.0,145.0,62.8,1.5,46.0,1.0,22299
3893,Mercedes, SL CLASS,Automatic,Diesel,2017.0,8556.0,30.0,70.6,2.1,88.0,4.0,19329
3388,VW, Golf,Semi-Auto,Petrol,2019.0,9430.0,145.0,37.7,2.0,34.0,0.0,29250
3075,VW, POLO,Manual,Petrol,,3205.0,145.0,52.3,1.0,84.0,0.0,15985
3676,Opel, GTC,Manual,Diesel,2017.0,67928.0,150.0,,1.6,54.0,1.0,7298
1142,BMW, 3 Series,Manual,Diesel,2015.0,44538.0,125.0,57.6,2.0,52.0,2.0,14950
2358,VW, Golf,Semi-Auto,Diesel,2016.0,25000.0,30.0,62.8,2.0,40.0,1.0,17490
1198,Ford, Mondeo,Manual,,2015.0,30100.0,145.0,48.7,1.5,40.0,4.0,12950
85,VW, Polo,Manual,Petrol,2017.0,31547.0,145.0,65.7,1.0,96.0,2.0,10300
1518,Hyundai, Tucson,Manual,Diesel,2017.0,19400.0,30.0,61.7,1.7,45.0,2.0,14498
3559,Ford, Kuga,Manual,Diesel,2017.0,47233.0,145.0,54.3,2.0,,0.0,14500
1381,Skoda, Yeti Outdoor,Manual,Petrol,2017.0,31343.0,125.0,51.4,1.2,54.0,1.0,11455
2957,, Puma,Manual,Petrol,,384.0,145.0,49.6,1.0,55.0,0.0,24500
1014,Opel, Mokka X,Manual,Petrol,2016.0,31474.0,,42.2,1.6,69.0,3.0,9904
128,VW, Tiguan,Manual,Diesel,2019.0,6621.0,150.0,47.9,2.0,66.0,0.0,21498
1364,Mercedes, E Class,Semi-Auto,Diesel,2018.0,8053.0,145.0,41.5,3.0,63.0,4.0,32049
3071,Toyota, Yari,Manual,Petrol,2017.0,29271.0,30.0,58.0,1.3,81.0,3.0,8499
2651,Hyundai, Tucson,Manual,Petrol,2019.0,13270.0,145.0,34.9,1.6,72.0,3.0,16211
891,Mercedes, C Class,Semi-Auto,Diesel,2019.0,1000.0,145.0,64.2,2.0,91.0,4.0,32069
-510,Hyunda,,Manual,Diesel,2018.0,37902.0,145.0,37.7,2.5,35.0,2.0,14495
1359,Mercedes, S Class,Semi-Auto,Diesel,2020.0,3999.0,,40.4,3.0,83.0,2.0,64980
307,Mercedes, B Class,Semi-Auto,Diesel,2019.0,1606.0,145.0,55.4,2.0,50.0,4.0,22990
1661,VW,,Automatic,Diesel,2015.0,28000.0,235.0,42.8,3.0,55.0,0.0,19990
2431,BMW, 2 Series,Manual,Diesel,2016.0,68848.0,0.0,74.3,1.5,49.0,1.0,9499
3544,Ford, Fiesta,Manual,Petrol,2017.0,18454.0,,,1.0,89.0,2.0,8495
1317,Mercedes, C Class,Automatic,Hybrid,2016.0,86620.0,0.0,134.5,2.0,59.0,1.0,13295
3804,, T-Cross,Automatic,Petrol,2019.0,2500.0,145.0,45.6,1.0,68.0,2.0,19400
2474,BMW, 1 Series,Manual,Petrol,2019.0,7218.0,150.0,52.3,1.5,31.0,4.0,17800
2542,Ford, Focus,Manual,Diesel,2017.0,33324.0,145.0,74.3,1.5,78.0,0.0,10498
3722,Mercedes, C Class,Automatic,Petrol,2019.0,2638.0,,45.6,1.5,44.0,2.0,26396
1208,VW, T-Roc,Manual,Petrol,2020.0,13952.0,150.0,44.1,1.0,86.0,3.0,19644
216,Audi, A3,Manual,Diesel,2016.0,64278.0,30.0,65.7,2.0,64.0,1.0,12832
3782,Audi, Q2,Manual,Diesel,2017.0,50841.0,,89.77369267180958,1.6,53.0,0.0,15529
3285,Ford, Fiesta,Manual,Petrol,2018.0,14401.0,150.0,65.7,1.0,55.0,0.0,12250
1239,Toyota, Aygo,Manual,Petrol,,3589.0,145.0,56.5,1.0,66.0,3.0,10791
2289,BMW, 5 Series,Semi-Auto,Petrol,2019.0,9630.0,145.0,,2.0,46.0,2.0,25980
275,Ford, Kuga,Automatic,Petrol,2019.0,11251.0,145.0,29.1,1.5,87.0,2.0,20900
489,VW, Golf,Manual,Petrol,2016.0,15493.0,,53.3,1.4,61.0,3.0,13191
-87,TOYOTA, Aygo,Manual,Petrol,2018.0,12302.0,145.0,68.9,1.0,50.0,3.0,8500
1229,Opel, Zafira Tourer,Manual,Petrol,2016.0,58825.0,,42.2,1.4,63.0,4.0,8495
1008,Skoda, Octavia,Semi-Auto,Diesel,2019.0,4500.0,145.0,64.2,2.0,44.0,3.0,17295
3438,, Octavia,Semi-Auto,Petrol,2018.0,4582.0,145.0,54.3,1.5,82.0,0.0,17990
2699,VW,Polo,Manual,Petrol,2016.0,8100.0,20.0,60.1,1.0,69.0,1.0,9499
2532,Mercedes, C Class,Semi-Auto,Diesel,2018.0,22773.0,145.0,61.4,2.1,68.0,2.0,20885
3589,BMW, Z4,Semi-Auto,Petrol,2019.0,1561.0,150.0,33.2,3.0,43.0,0.0,38850
1058,Toyota, Yaris,Manual,Petrol,2019.0,5031.0,,,,34.0,1.0,9485
2166,Ford, Kuga,Manual,Diesel,2017.0,32590.0,30.0,,1.5,30.0,3.0,12591
281,VW, Tiguan,Manual,Diesel,2016.0,23140.0,160.0,,2.0,34.0,4.0,17290
3025,VW, Golf,Manual,Diesel,2016.0,73370.0,20.0,67.3,2.0,78.0,2.0,12300
1316,Opel, Corsa,Manual,Petrol,2019.0,679.0,150.0,53.3,1.2,38.0,1.0,13695
-580,, 3 Series,Semi-Auto,Diesel,2013.0,40900.0,145.0,-43.42176751067029,3.0,88.0,,16291
968,Ford, Fiesta,Manual,Petrol,,9957.0,145.0,58.9,1.0,99.0,3.0,13998
2653,Skoda, Superb,Automatic,Petrol,2012.0,85000.0,240.0,38.7,1.8,33.0,3.0,5740
3320,, Tiguan,Manual,Petrol,2019.0,15576.0,145.0,40.9,1.5,34.0,0.0,19798
2685,Opel, Insignia,Automatic,Diesel,2011.0,99982.0,205.0,47.1,2.0,47.0,,3888
2986,Skoda, Fabia,Manual,Petrol,2016.0,14946.0,,60.1,1.2,99.0,3.0,9655
619,Opel, Corsa,Manual,Petrol,2018.0,12670.0,145.0,43.5,1.4,48.0,1.0,15225
2742,VW, Golf,Manual,Petrol,2013.0,69689.0,,53.3,1.4,72.0,4.0,7300
1742,Ford, Fiesta,Manual,Petrol,2018.0,,145.0,56.5,1.0,49.0,0.0,11400
1390,Mercedes, GLC Class,Semi-Auto,Diesel,2016.0,33062.0,145.0,56.5,2.1,55.0,3.0,27998
3431,Skoda, Octavia,Manual,Diesel,2018.0,18244.0,145.0,68.9,1.6,80.0,2.0,11798
1847,Ford, Fiesta,Manual,Petrol,2019.0,13034.0,145.0,58.9,1.0,60.0,4.0,12495
1579,Opel, Corsa,Manual,Petrol,2018.0,11543.0,145.0,55.4,1.4,61.0,3.0,8682
1655,Skoda, Yeti Outdoor,Semi-Auto,Petrol,2017.0,40045.0,277.3842544832681,51.4,1.2,98.0,2.0,13498
2352,Skoda,Yeti Outdoor,Manual,Petrol,2017.0,28244.0,,51.4,1.2,30.0,3.0,14490
2212,VW, Polo,,Petrol,2013.0,42378.0,125.0,53.3,1.2,37.0,0.0,8500
2020,Opel, Corsa,Manual,Petrol,2019.0,1757.0,145.0,43.5,1.4,43.0,0.0,10699
1956,Ford, Kuga,Manual,Diesel,2016.0,18480.0,150.0,54.3,2.0,87.0,4.0,16998
1307,Skoda, Octavia,Manual,Diesel,2019.0,7465.0,145.0,,1.6,58.0,2.0,15490
2003,Opel, Adam,Manual,Petrol,2015.0,37856.0,145.0,,1.4,69.0,4.0,8750
575,Opel, Crossland X,Manual,Petrol,2017.0,30737.0,,57.7,1.2,48.0,1.0,10290
3464,Audi, Q2,Semi-Auto,Petrol,2020.0,5000.0,145.0,42.2,1.5,82.0,1.0,26950
-94,VW, Golf,Manual,iesel,2018.0,24633.0,145.0,61.4,1.6,83.0,0.0,13998
1706,Mercedes, GLA Class,Semi-Auto,Diesel,2019.0,1000.0,,56.5,2.1,52.0,2.0,27359
3168,Skoda, rapid,Manual,Petrol,2019.0,,145.0,58.9,,,3.0,9545
2944,Ford, KA,Manual,Petrol,2008.0,77000.0,200.0,43.5,1.3,65.0,,1550
3830,Opel, Zafira,Manual,Petrol,2017.0,8504.0,290.4867850792564,41.5,1.4,67.0,3.0,11298
861,Ford, EcoSport,Manual,Petrol,2017.0,22996.0,125.0,52.3,1.0,83.0,0.0,10180
1801,BMW, 3 Series,Semi-Auto,Diesel,2014.0,41000.0,30.0,62.8,2.0,90.0,0.0,12331
1628,VW, Polo,Manual,Petrol,2019.0,8804.0,,48.7,1.0,64.0,2.0,12999
1993,Audi, A3,Manual,Diesel,2016.0,,0.0,74.3,1.6,48.0,1.0,10495
269,, A6,Manual,Diesel,2015.0,49363.0,30.0,62.8,2.0,69.0,4.0,17950
629,VW, Polo,Manual,Petrol,2017.0,14517.0,,58.9,1.0,59.0,2.0,9690
2334,Ford, Fiesta,Manual,Petrol,2017.0,19638.0,20.0,62.8,1.0,45.0,3.0,10000
300,Opel, Insignia,Automatic,Diesel,2016.0,67456.0,160.0,51.4,2.0,76.0,4.0,8640
459,Ford, Focus,Manual,Diesel,2019.0,6500.0,150.0,80.7,1.5,85.0,4.0,18495
1447,Audi, Q5,Semi-Auto,Diesel,2020.0,6000.0,145.0,38.2,2.0,54.0,4.0,34990
1472,Skoda, Fabia,,Petrol,2016.0,32513.0,20.0,60.1,1.2,63.0,1.0,6934
2046,VW, Passat,Manual,Diesel,2017.0,39157.0,,68.9,2.0,70.0,0.0,13995
3669,Opel, Mokka X,Manual,Petrol,2017.0,3173.0,145.0,47.1,1.4,62.0,3.0,12698
3187,Mercedes, A Class,Manual,Petrol,2003.0,109090.0,235.0,40.0,1.4,74.0,1.0,650
2113,BMW, X1,Automatic,Diesel,2017.0,60792.0,145.0,55.4,2.0,82.0,1.0,16514
3817,Ford, Kuga,Manual,Diesel,2014.0,41711.0,,53.3,2.0,48.0,0.0,11198
3247,Ford, Ka+,Manual,Petrol,2017.0,23458.0,30.0,57.7,1.2,99.0,,7170
837,Opel,,Manual,Petrol,2018.0,10875.0,145.0,47.1,1.5,55.0,0.0,12453
3237,VW, Polo,Automatic,Petrol,2017.0,13512.0,,50.4,1.8,36.0,3.0,15990
2008,Audi, Q2,Semi-Auto,Petrol,2019.0,3350.0,145.0,33.2,2.0,56.0,1.0,30495
-518,Audi, A3,MANUAL,Diesel,2015.0,20258.0,0.0,83.1,1.6,30.0,,12495
503,Ford, C-MAX,Manual,Petrol,2019.0,3629.0,145.0,49.6,1.0,90.0,2.0,13000
3406,Audi, A5,Semi-Auto,Diesel,2017.0,27049.0,145.0,67.3,2.0,63.0,0.0,19498
3580,Mercedes, CL Class,Semi-Auto,Diesel,2019.0,,145.0,,2.2,71.0,1.0,26499
380,Skoda, Fabia,Semi-Auto,Petrol,2019.0,11228.0,150.0,60.1,1.0,31.0,4.0,12990
3628,Mercedes, A Class,Semi-Auto,Petrol,2017.0,19000.0,125.0,,1.6,98.0,3.0,17500
1525,Opel, Corsa,Automatic,Petrol,2015.0,4648.0,,47.9,1.4,98.0,4.0,10800
3647,Skoda, Octavia,Manual,Diesel,2019.0,17.0,145.0,68.9,0.1914624239266638,92.0,4.0,14990
-222,Mercedes, C Class,Automatic,Diesel,2023.9773112620787,28629.0,145.0,60.1,2.1,88.0,2.0,18700
2340,Opel, Mokka X,Manual,Petrol,2017.0,54000.0,145.0,47.1,1.4,30.0,0.0,9450
374,Opel, Mokka,Manual,Diesel,2015.0,64674.0,125.0,57.6,1.7,83.0,3.0,7450
2763,BMW, Z4,Automatic,Petrol,2003.0,70000.0,325.0,,3.0,44.0,1.0,3495
2381,Mercedes, C Class,Semi-Auto,Hybrid,2016.0,33085.0,0.0,134.5,2.0,91.0,3.0,18232
3811,Opel, Corsa,Manual,Petrol,2018.0,9470.0,145.0,49.6,1.4,55.0,1.0,10249
939,BMW, 1 Series,Manual,Diesel,2014.0,94420.0,30.0,65.7,2.0,88.0,0.0,8000
3256,VW, Passat,Semi-Auto,Diesel,2017.0,15118.0,145.0,60.1,2.0,86.0,4.0,18990
3576,Opel, Corsa,Manual,Petrol,2019.0,5.0,145.0,43.5,1.4,79.0,2.0,12495
2147,Ford, B-MAX,Manual,Petrol,2013.0,,150.0,47.1,1.4,90.0,0.0,5495
3922,Mercedes, A Class,Automatic,Diesel,2019.0,12272.0,145.0,67.3,1.5,57.0,3.0,22096
2068,Toyota, C-HR,Manual,Petrol,2018.0,16200.0,150.0,34.5,1.2,36.0,0.0,18999
529,Ford, Fiesta,Manual,Petrol,2014.0,56669.0,0.0,65.7,1.0,32.0,2.0,7000
-486,skoda, Octavia,Automatic,Diesel,2017.0,31674.0,150.0,62.8,2.0,81.0,3.0,12950
636,VW, Golf,Manual,,2015.0,56766.0,20.0,67.3,2.0,60.0,0.0,13500
1269,Hyundai, Tucson,Manual,Diesel,2017.0,17849.0,30.0,61.7,1.7,87.0,1.0,13895
185,Toyota, Yaris,Manual,Petrol,2015.0,25132.0,,66.0,1.0,98.0,3.0,7392
3231,Hyundai, I10,Manual,Petrol,2017.0,24705.0,145.0,60.1,1.0,90.0,1.0,6999
2697,VW, Tiguan,Manual,Diesel,2016.0,29800.0,125.0,56.5,2.0,88.0,1.0,13000
2929,VW, Passat,Manual,Diesel,2016.0,34991.0,20.0,67.3,1.6,61.0,2.0,12995
1797,BMW, 2 Series,Manual,Petrol,2017.0,20663.0,30.0,55.4,1.5,70.0,1.0,15450
1441,Audi, A1,Manual,Petrol,2018.0,17560.0,145.0,54.3,1.4,95.0,1.0,16700
-583,, S3,Semi-Auto,etrol,2016.0,22445.0,160.0,43.5,2.0,57.0,0.0,22745
-485,Audi, A6,Semi-Auto,Diesel,2016.0,63105.0,30.0,64.2,2.0,58.0,-2.335122838386223,16000
1535,Opel, Mokka X,Manual,Petrol,2017.0,39000.0,200.0,43.5,1.4,97.0,2.0,9848
1273,Hyundai, I10,Manual,Petrol,2014.0,40248.0,20.0,60.1,,57.0,0.0,5644
-187,Skod, Fabia,Semi-Auto,Petrol,2016.0,4795.0,20.0,60.1,1.2,70.0,0.0,10299
607,Mercedes, GLC Class,Semi-Auto,Diesel,2016.0,21210.0,125.0,56.5,2.1,89.0,3.0,23245
1712,Audi, A1,Manual,Petrol,2015.0,31509.0,0.0,67.3,1.0,53.0,0.0,10349
2199,Mercedes, E Class,Semi-Auto,Diesel,2015.0,59101.0,160.0,51.4,2.1,60.0,0.0,14980
955,Toyota, Ayg,Manual,Petrol,2017.0,30635.0,0.0,,1.0,74.0,0.0,7700
2579,VW, Beetl,Manual,Petrol,2017.0,30446.0,145.0,53.3,1.2,78.0,4.0,12240
3299,Toyota, Yaris,Automatic,Hybrid,2016.0,30338.0,0.0,86.0,1.5,37.0,0.0,12191
2865,BMW, 3 Series,Semi-Auto,Diesel,2015.0,26762.0,165.0,51.4,3.0,75.0,1.0,18980
403,VW, Tiguan,Manual,Diesel,2019.0,10.0,145.0,49.6,2.0,63.0,1.0,21498
2071,Opel, Mokka X,Manual,Petrol,2019.0,10155.0,145.0,,1.4,30.0,3.0,12798
-377,Ford, Kuga,Manual,Diese,2019.0,5573.0,145.0,37.7,2.0,71.0,3.0,25500
1977,BMW, X5,Automatic,Diesel,2016.0,62756.0,200.0,47.1,3.0,61.0,3.0,25991
158,BMW, X4,Automatic,Diesel,2016.0,44572.0,200.0,47.9,3.0,54.0,1.0,23995
1748,Opel, Mokka X,Manual,Petrol,2019.0,12432.0,145.0,39.2,1.4,69.0,2.0,14699
2998,Hyundai, Santa Fe,Semi-Auto,Diesel,2019.0,17340.0,,39.2,2.2,35.0,2.0,31735
902,Mercedes, B Class,Semi-Auto,Diesel,2020.0,1989.0,,55.4,2.0,43.0,4.0,24980
352,Opel, Corsa,Manual,Petrol,2018.0,7559.0,145.0,49.6,1.4,80.0,3.0,9125
1230,Audi, A3,Semi-Auto,Petrol,2019.0,15561.0,145.0,41.5,1.5,53.0,0.0,22250
-301,mercedes, A Class,Automatic,Diesel,2019.0,2633.0,145.0,62.8,1.5,56.0,2.0,23495
2140,Mercedes, SLK,,Petrol,2013.0,43150.0,200.0,43.5,1.8,68.0,4.0,12995
444,VW, Up,Manual,Petrol,2015.0,12877.0,20.0,62.8,0.1864248827577972,58.0,1.0,6600
-551,Opel, Corsa,Manual,Petro,,100.0,145.0,43.5,1.4,63.0,0.0,9990
754,Ford, Focus,Manual,Petrol,2017.0,25459.0,,60.1,1.0,65.0,2.0,10900
1737,Opel, Mokka X,Manual,Petrol,2019.0,15262.0,145.0,39.2,1.4,83.0,0.0,12498
-581,Mercedes, C Class,SEMI-AUTO,Petrol,2016.0,24137.0,125.0,51.4,2.0,56.0,3.0,19999
311,BMW, 4 Series,Semi-Auto,Diesel,2014.0,25276.0,145.0,56.5,2.0,78.0,4.0,16995
548,VW, amarok,Automatic,Diesel,2018.0,12447.0,260.0,36.2,3.0,90.0,4.0,25498
3433,VW, Polo,Manual,Petrol,2018.0,10839.0,150.0,,1.0,31.0,2.0,11995
-466,Audi, RS5,AUTOMATIC,Petrol,2017.0,8966.0,145.0,9.821461970493658,2.9,49.0,1.0,43996
306,Ford, Fiesta,Manual,Petrol,2018.0,10872.0,150.0,65.7,1.0,42.0,0.0,11795
2335,Audi, A4,Semi-Auto,Diesel,2016.0,53339.0,30.0,61.4,2.0,47.0,0.0,17862
694,Toyota, Yaris,Automatic,Petrol,2019.0,10010.0,145.0,47.9,1.5,82.0,0.0,13495
2356,Opel, Crossland X,Manual,Diesel,2019.0,3000.0,145.0,60.1,1.5,37.0,3.0,14995
1927,VW, T-Roc,Manual,Petrol,2018.0,10202.0,145.0,53.3,1.5,53.0,2.0,20499
3980,Ford, Focus,Manual,Diesel,2015.0,58655.0,20.0,67.3,2.0,31.0,2.0,11495
749,Mercedes, A Class,Semi-Auto,Diesel,2015.0,32230.0,,68.9,1.5,67.0,0.0,13022
2753,BMW, X6,Semi-Auto,Petrol,2019.0,1402.0,145.0,26.4,3.0,43.0,0.0,69993
1266,Audi, A3,Manual,Petrol,,22364.0,30.0,58.9,1.4,42.0,0.0,14499
-452,FORD, Ka+,Manual,Petrol,2019.0,4150.0,150.0,47.9,1.2,77.0,1.0,9995
-299,For, Fiesta,Manual,,2016.0,46000.0,0.0,65.7,1.0,88.0,2.0,8990
3948,Hyundai, Santa Fe,Semi-Auto,Diesel,2019.0,6918.0,145.0,39.2,2.2,76.0,1.0,35995
970,Mercedes, GLC Class,Semi-Auto,Diesel,2018.0,26500.0,145.0,56.5,2.1,40.0,0.0,29062
13,Opel, Astra,Manual,Diesel,2016.0,27411.0,20.0,72.4,1.6,32.0,4.0,9100
873,Toyota, Yaris,Manual,Petrol,2017.0,14020.0,145.0,58.9,1.5,61.0,2.0,10298
808,BMW, 3 Series,Automatic,Diesel,2016.0,74000.0,30.0,64.2,2.0,53.0,0.0,13495
514,VW, Golf,Manual,Diesel,2014.0,67000.0,20.0,67.3,2.0,78.0,4.0,12450
-119,BMW, 4 Series,emi-Auto,Diesel,2019.0,5452.0,150.0,60.1,2.0,91.0,3.0,27661
409,VW, golf,Manual,Diesel,2017.0,21444.0,20.0,68.9,2.0,34.0,3.0,14990
2887,Mercedes, A Class,Automatic,Diesel,2016.0,45000.0,20.0,,2.1,,1.0,15000
3881,Hyundai, I10,Manual,Petrol,2018.0,14788.0,150.0,60.1,1.0,57.0,0.0,7200
207,Toyota, Yaris,Automatic,Hybrid,2017.0,24683.0,135.0,76.3,1.5,58.0,0.0,12795
-327,Opel, Adam,Manual,Petro,2014.0,33034.0,125.0,53.3,1.2,65.0,1.0,5000
458,BMW, 5 Series,Semi-Auto,Diesel,2019.0,4971.0,145.0,55.4,2.0,90.0,3.0,36500
3665,Hyundai, Tucson,Manual,Petrol,2018.0,9046.0,145.0,44.8,1.6,87.0,2.0,15691
2430,BMW, 3 Series,,Diesel,2017.0,34298.0,30.0,64.2,2.0,82.0,4.0,15500
-514,BMW, X4,Automatic,iesel,2017.0,23604.0,150.0,54.3,2.0,33.0,0.0,23900
3767,Mercedes, C Class,Manual,Diesel,2015.0,42785.0,20.0,68.9,2.1,33.0,3.0,14999
-594,BMW, 2 series,Automatic,Diese,2019.0,6500.0,145.0,46.3,2.0,48.0,2.0,25995
3426,VW, Sharan,Semi-Auto,Diesel,2016.0,20041.0,145.0,54.3,2.0,91.0,3.0,18400
1883,BMW, Z4,Manual,Petrol,,114000.0,260.0,37.7,2.0,62.0,3.0,3595
1713,Skoda, Kamiq,Semi-Auto,Petrol,2019.0,3160.0,145.0,44.1,1.5,74.0,1.0,17995
-20,vw, Tiguan,Semi-Auto,Diesel,,1438.0,145.0,45.6,2.0,42.0,1.0,29995
2880,Hyundai, I10,Manual,,2019.0,100.0,145.0,49.6,1.0,56.0,1.0,10220
552,Opel,,Manual,Diesel,2016.0,36283.0,30.0,65.7,1.6,,3.0,10500
1439,VW, Polo,Automatic,Petrol,2020.0,3345.0,145.0,46.3,1.0,54.0,0.0,19750
2270,Mercedes, GLA Class,Semi-Auto,Diesel,2019.0,14342.0,145.0,67.3,2.1,84.0,1.0,22699
-399,Skoda, Kodia,automatic,Petrol,2019.0,14971.0,145.0,34.0,1.5,78.0,4.0,21798
1925,Ford, Kuga,Manual,Diesel,2016.0,,,60.1,2.0,50.0,3.0,11299
634,Ford, Mondeo,Manual,Diesel,2014.0,57304.0,20.0,65.7,,46.0,3.0,5995
-421,Mercedes, E Class,Semi-Auto,Diese,2019.0,7743.0,145.0,38.2,3.0,81.0,3.0,42649
316,VW, Up,Manual,Petrol,2018.0,13389.0,150.0,64.2,1.0,90.0,3.0,8400
3655,Toyota, Aygo,Manual,Petrol,2017.0,9092.0,0.0,,1.0,68.0,1.0,6890
-328,oyota, Verso,Manual,Petrol,2017.0,23161.0,150.0,41.5,1.6,88.0,4.0,11998
1328,Skoda, Scala,Semi-Auto,Petrol,2020.0,3569.0,145.0,47.1,1.0,40.0,0.0,16990
427,Opel, Mokka X,Manual,Petrol,2019.0,11454.0,145.0,39.2,1.4,32.0,0.0,12298
3347,Skoda, Yeti Outdoor,Semi-Auto,Petrol,2017.0,22929.0,125.0,51.4,1.2,50.0,0.0,12860
105,Ford, Kuga,Manual,Diesel,2017.0,14621.0,145.0,,2.0,93.0,4.0,15000
142,VW, Up,Manual,Petrol,2018.0,15367.0,145.0,64.2,1.0,85.0,3.0,9000
2169,Hyundai, Tucson,Semi-Auto,Petrol,2019.0,29986.0,150.0,35.8,1.6,66.0,4.0,20991
2825,Mercedes, C Class,Semi-Auto,Diesel,2016.0,31360.0,20.0,64.2,2.1,,4.0,16390
-73,Ford, Fiesta,Manua,Petrol,2018.0,24953.0,145.0,56.5,1.0,80.0,1.0,10160
2241,Audi, A5,,Petrol,2019.0,1000.0,145.0,,2.0,55.0,4.0,29500
3540,VW, Polo,Manual,Petrol,2019.0,6401.0,150.0,49.6,1.0,87.0,3.0,15995
2163,Ford, MONDEO,Manual,Diesel,2015.0,30753.0,0.0,78.5,1.5,32.0,0.0,9995
2636,VW, Golf,Automatic,Petrol,2019.0,4500.0,145.0,32.8,2.0,59.0,2.0,29999
1949,Opel, Mokka X,Manual,Petrol,2017.0,29576.0,200.0,42.2,1.6,54.0,1.0,10995
1768,VW, Arteon,Semi-Auto,Diesel,2020.0,1209.0,145.0,50.4,2.0,62.0,3.0,30490
2272,Ford, Focus,Manual,Diesel,2016.0,35286.0,0.0,74.3,1.5,39.0,1.0,9995
1,Toyota, RAV4,Manual,Diesel,2017.0,61000.0,150.0,60.1,2.0,82.0,2.0,14450
-85,TOYOTA, Yaris,manual,Petrol,2007.0,63400.0,160.0,47.1,1.3,75.0,4.0,2995
-560,BMW, 3 Series,semi-auto,Diesel,2017.0,25000.0,30.0,-43.42176751067029,2.0,43.0,0.0,18612
1951,, M,Semi-Auto,Petrol,2017.0,10950.0,145.0,,3.0,57.0,4.0,36595
3471,BMW, X3,Automatic,Diesel,2015.0,77120.0,,54.3,2.0,93.0,0.0,13985
3789,Toyota, Yaris,Manual,Petrol,2017.0,24868.0,30.0,58.0,1.3,33.0,1.0,8498
2720,Mercedes, C Class,Automatic,Diesel,2019.0,10637.0,150.0,64.2,2.0,53.0,4.0,24790
-248,Mercedes, C Class,Automatic,DIESEL,2019.0,3500.0,,,2.0,59.0,2.0,31495
1109,Mercedes, E Class,Automatic,Diesel,2016.0,24267.0,145.0,54.3,,86.0,3.0,19299
3041,Audi, Q3,Semi-Auto,Diesel,2013.0,40510.0,200.0,47.9,2.0,95.0,4.0,13700
591,Opel, Mokka X,Manual,Petrol,2018.0,19948.0,,47.1,1.4,95.0,1.0,11381
1695,Skoda, Citigo,Manual,Petrol,2016.0,17646.0,20.0,62.8,1.0,72.0,3.0,6585
3639,Skoda, Fabia,Manual,Petrol,2016.0,36850.0,20.0,60.1,,50.0,3.0,8499
-539,VW, GOLF,Semi-Auto,Petro,2019.0,6212.0,145.0,45.6,1.5,65.0,0.0,20400
1576,Opel, Insignia,Manual,Diesel,2017.0,23184.0,145.0,65.7,1.6,60.0,4.0,12498
3351,Toyota, yaris,Manual,Petrol,2017.0,14361.0,145.0,58.9,1.5,91.0,4.0,10590
213,Mercedes, E Class,Semi-Auto,Diesel,,17360.0,145.0,51.4,3.0,70.0,4.0,23462
778,Skoda, Superb,Semi-Auto,Diesel,2017.0,16726.0,150.0,,2.0,91.0,2.0,19361
3702,Ford, Focus,Semi-Auto,Petrol,2017.0,23361.0,145.0,51.4,1.0,49.0,2.0,11498
-386,Ford, Focus,anual,Petrol,2018.0,12900.0,145.0,60.1,1.0,86.0,4.0,15490
2043,BMW, 3 Series,Semi-Auto,Diesel,2017.0,40010.0,150.0,49.6,3.0,74.0,1.0,23990
-175,, Golf,manual,Petrol,2019.0,3717.0,145.0,45.6,1.5,69.0,0.0,19998
-336,Mercedes, GLS Class,Automati,Diesel,2017.0,25237.0,305.0,37.2,3.0,95.0,0.0,38459
3226,Skoda, Yeti,Manual,Petrol,2014.0,13593.0,165.0,46.3,1.2,33.0,1.0,11000
1567,, Mokka,Manual,Diesel,2016.0,18109.0,20.0,68.9,1.6,47.0,2.0,9299
-388,Ford, Kuga,Manual,diesel,2019.0,50.0,145.0,38.2,2.0,77.0,0.0,20495
-343,Hyundai, I30,Manual,PETROL,2019.0,1790.0,150.0,34.0,2.0,67.0,3.0,23000
3039,Mercedes, CL Class,Semi-Auto,Petrol,2019.0,101.0,145.0,,1.3,61.0,0.0,28929
-532,VW, T-Roc,Manual,Diesel,2019.0,896.0,150.0,50.4,2.0,125.36650692319192,4.0,23979
1343,Toyota, Aygo,Manual,Petrol,2019.0,2839.0,145.0,57.7,1.0,52.0,4.0,9800
2013,Opel, Zafira Tourer,Manual,Diesel,2015.0,84280.0,20.0,,1.6,56.0,1.0,6795
273,BMW, 2 Series,Semi-Auto,Petrol,2020.0,1743.0,150.0,50.4,1.5,57.0,3.0,23990
71,Audi, A1,Manual,Petrol,2019.0,1308.0,145.0,47.9,1.0,30.0,2.0,19490
3290,Mercedes, GLA Class,Semi-Auto,Diesel,2017.0,36414.0,30.0,64.2,2.1,87.0,2.0,16990
1087,VW,Golf SV,Manual,Diesel,2017.0,9761.0,20.0,,1.6,92.0,0.0,12950
394,, Q3,Manual,Petrol,2019.0,5000.0,145.0,40.9,1.5,36.0,0.0,24990
583,Skoda, Karoq,,Diesel,2019.0,6000.0,145.0,42.8,2.0,42.0,3.0,26490
1367,Opel, Cors,Manual,Petrol,2018.0,20487.0,145.0,,1.4,81.0,3.0,9340
-588,For, Focus,Automatic,Petrol,2019.0,13895.0,,,1.0,95.0,2.0,17500
3463,BMW, 1 Series,Manual,Petrol,2019.0,5623.0,145.0,52.3,1.5,74.0,1.0,18999
2548,Opel, astra,Manual,Petrol,2016.0,24426.0,125.0,51.4,1.4,34.0,4.0,8298
3492,Mercedes, GLC Class,Semi-Auto,Diesel,2018.0,27297.0,145.0,56.5,2.1,50.0,4.0,25980
-507,Aud, A5,Semi-Auto,Petrol,2020.0,3000.0,145.0,40.4,2.0,94.0,0.0,31246
-405,Skoda, Octavia,manual,Petrol,2019.0,13135.0,145.0,60.1,1.0,69.0,0.0,13000
3386,Mercedes, E Class,Semi-Auto,Diesel,2017.0,24046.0,30.0,65.7,2.0,77.0,2.0,19490
3064,Toyota, Yaris,Automatic,Hybrid,2019.0,3471.0,135.0,76.3,1.5,32.0,1.0,17990
1763,Mercedes, E Class,Automatic,Diesel,2016.0,36998.0,160.0,,3.0,61.0,3.0,18795
3904,Hyundai, Ioniq,Automatic,Hybrid,2017.0,22293.0,0.0,78.5,1.6,43.0,4.0,15780
1259,Skoda, Fabia,Manual,Petrol,2018.0,16213.0,145.0,,1.0,58.0,0.0,8485
-171,ord, Focus,Manual,Petrol,2019.0,6220.0,,,1.0,34.0,0.0,16000
2253,Opel, Astra,Manual,,2018.0,12800.0,145.0,83.1,1.6,84.0,0.0,12495
2781,Ford, B-MAX,Manual,Petrol,2018.0,,145.0,55.4,1.0,72.0,0.0,11989
526,BMW, 5 series,Automatic,Diesel,2017.0,28762.0,30.0,,2.0,91.0,3.0,15750
377,Ford, Focus,Manual,Diesel,2019.0,10857.0,145.0,74.3,1.5,88.0,1.0,17725
1559,BMW, 1 Series,Automatic,Diesel,2019.0,9399.0,,70.6,2.0,60.0,3.0,16995
3232,Audi, Q7,Semi-Auto,Diesel,2017.0,45000.0,145.0,39.2,4.0,51.0,0.0,47000
1963,Mercedes, A Class,Automatic,Diesel,2017.0,,20.0,,2.1,55.0,1.0,17498
-359,Hyundai, I800,Manual,iesel,2019.0,1200.0,145.0,31.7,2.5,85.0,4.0,23995
348,Mercedes, C Class,Semi-Auto,Diesel,2018.0,8793.0,145.0,57.7,2.0,85.0,2.0,26395
2434,Opel, Astra,Manual,Diesel,2019.0,5468.0,145.0,58.9,1.6,71.0,4.0,14694
2246,VW, polo,Manual,Petrol,2015.0,28552.0,20.0,60.1,1.2,56.0,3.0,8699
-535,BMW, 3 Series,utomatic,Diesel,2017.0,24472.0,30.0,62.8,2.0,39.0,0.0,19499
1709,Mercedes, A Class,Semi-Auto,Diesel,2019.0,487.0,145.0,65.7,1.5,61.0,0.0,26099
1050,VW, Polo,Manual,Petrol,2019.0,13554.0,150.0,48.7,1.0,32.0,3.0,12690
590,Mercedes, SL CLASS,Semi-Auto,Petrol,2019.0,8000.0,150.0,47.1,2.0,93.0,3.0,29995
519,Ford, B-MAX,Manual,Petrol,2013.0,43000.0,30.0,55.4,1.0,59.0,1.0,5995
-136,AUDI, A,Manual,Diesel,2016.0,51109.0,30.0,67.3,2.0,50.0,2.0,15472
-442,HYUNDAI, I30,Manual,etrol,2017.0,15814.0,145.0,,1.4,92.0,0.0,12400
2477,Audi, A4,Semi-Auto,Diesel,2019.0,9000.0,150.0,,2.0,80.0,0.0,29990
1083,BMW, 1 Series,Automatic,Diesel,2005.0,63547.0,265.0,42.8,2.0,95.0,3.0,3795
3126,Audi, Q3,Semi-Auto,Diesel,2015.0,18776.0,150.0,55.4,2.0,76.0,0.0,16490
-396,ord, Fiesta,Manual,Petrol,2018.0,28138.0,145.0,,1.0,70.0,1.0,10990
-152,Ford, Fiesta,Manual,Petrol,2018.0,34486.0,150.0,65.7,1.0,36.0,6.258230522496533,10234
1294,Audi, A,Semi-Auto,,,3000.0,145.0,34.9,2.0,71.0,2.0,35000
1809,VW,Polo,Manual,Petrol,2019.0,2500.0,145.0,48.7,1.0,94.0,0.0,13900
791,VW,,Semi-Auto,Petrol,2020.0,3200.0,145.0,47.1,,34.0,1.0,20891
792,Ford, Focus,Manual,Diesel,2018.0,20932.0,145.0,74.3,1.5,86.0,4.0,11998
3633,Audi, A1,Manual,Petrol,2017.0,18698.0,150.0,67.3,1.0,43.0,1.0,12000
1980,Mercedes, gla class,Semi-Auto,Petrol,2018.0,20062.0,145.0,50.4,,55.0,3.0,20250
3309,Audi, A1,Manual,Petrol,2018.0,8413.0,,56.5,1.4,32.0,2.0,13995
-380,Ope, astra,Manual,Petrol,2018.0,36557.0,145.0,45.6,1.6,44.0,3.0,11995
1530,VW, Tiguan,Manual,Diesel,2019.0,2000.0,145.0,47.9,2.0,85.0,1.0,21750
1410,VW, Golf,Manual,Petrol,2017.0,37951.0,150.0,,1.4,38.0,2.0,12990
3787,Opel, Mokka X,Manual,Petrol,2018.0,16000.0,145.0,39.2,1.4,61.0,3.0,11950
-281,Mercedes, C Class,utomatic,Diesel,2019.0,5971.0,,,2.0,93.0,2.0,29046
83,VW, Golf,Manual,Diesel,2015.0,46927.0,,68.9,1.6,95.0,1.0,8691
-66,Skoda, Superb,Semi-Auto,DIESEL,2019.0,21932.0,150.0,47.1,2.0,72.0,3.0,23495
2350,Toyota, Yaris,Manual,,2019.0,5395.0,,47.9,1.5,68.0,0.0,11992
20,Opel, Mokka X,Manual,Diesel,2017.0,34495.0,20.0,68.9,1.6,48.0,0.0,10221
3357,Mercedes, A Class,Manual,Petrol,2017.0,18977.0,145.0,52.3,1.6,73.0,4.0,14089
3762,BMW, X7,Automatic,Diesel,2019.0,7278.0,145.0,31.4,3.0,31.0,4.0,74480
1562,BMW, 1 Series,Semi-Auto,Diesel,2016.0,35441.0,30.0,65.7,2.0,60.0,3.0,13998
973,Opel, Grandland X,Automatic,Diesel,2019.0,8080.0,150.0,57.7,1.5,30.0,2.0,15995
1710,Audi, A1,Semi-Auto,Petrol,2019.0,11.0,145.0,40.9,2.0,75.0,1.0,22453
3372,Hyundai, I10,Manual,Petrol,2015.0,44444.0,30.0,57.6,1.2,61.0,3.0,6500
1098,Mercedes, A Class,Manual,Petrol,2019.0,1738.0,145.0,47.1,1.3,74.0,,21999
3572,Toyota, C-HR,Manual,Petrol,2019.0,12887.0,145.0,41.5,1.2,31.0,2.0,16995
2844,Opel, Mokka ,Manual,Petrol,2018.0,33662.0,145.0,39.2,1.4,68.0,2.0,12933
886,Toyota, C-HR,Automatic,Hybrid,2017.0,9000.0,135.0,74.3,1.8,1.638913092023202,0.0,20491
3114,BMW, X4,Semi-Auto,Diesel,2020.0,999.0,145.0,37.2,3.0,68.0,2.0,46995
-218,BMW, 3 Series,unknown,Petrol,2017.0,33131.0,125.0,54.3,1.5,80.0,2.0,13750
-2,BMW, 5 Series,Semi-Auto,etrol,2019.0,7998.0,145.0,50.4,2.0,46.0,0.0,40985
515,Opel, Zafir,Manual,Diesel,2006.0,100000.0,235.0,45.6,1.9,56.0,0.0,2395
737,Skoda, Karoq,Manual,Diesel,2019.0,4099.0,,42.8,2.0,90.0,0.0,23990
1453,Ford, Fiesta,Manual,Petrol,2013.0,48438.0,30.0,,1.2,34.0,3.0,6100
3364,VW, Polo,Semi-Auto,Petrol,2019.0,3389.0,145.0,39.8,2.0,34.0,3.0,19999
-329,MW, 3 Series,Semi-Auto,Diesel,2020.0,5656.0,145.0,52.3,2.0,39.0,3.0,28990
2506,Toyota, Auris,Manual,Petrol,2015.0,50119.0,30.0,58.9,1.2,59.0,0.0,8199
2126,Audi, A1,,Diesel,2016.0,14722.0,20.0,72.4,1.6,88.0,3.0,13180
906,Ford, Fiesta,Manual,Petrol,2016.0,29812.0,0.0,65.7,1.0,39.0,2.0,11000
-598,, Mokka X,unknown,Petrol,2019.0,7593.0,145.0,39.2,1.4,40.0,1.0,14495
3807,BMW, X1,Automatic,Diesel,2014.0,58599.0,160.0,51.4,2.0,44.0,3.0,11499
2507,Ford, Focus,Semi-Auto,Petrol,2017.0,12582.0,125.0,51.4,1.0,83.0,3.0,11817
2428,VW, Polo,Manual,Petrol,2017.0,11768.0,150.0,60.1,1.0,92.0,0.0,9991
947,Ford, Fiesta,Manual,Petrol,2016.0,29699.0,125.0,54.3,1.2,95.0,4.0,6950
3220,Ford, Fiesta,Manual,Petrol,2018.0,24608.0,,65.7,1.0,93.0,3.0,10999
3447,Audi, RS3,Automatic,Petrol,2018.0,17515.0,145.0,34.0,2.5,81.0,3.0,36490
715,Audi, A5,Automatic,Diesel,2020.0,10.0,145.0,47.1,2.0,68.0,0.0,30990
-364,Skoda, Yeti,Semi-Aut,Petrol,2016.0,30367.0,125.0,51.4,1.2,65.0,2.0,12370
686,Opel, Corsa,Manual,Petrol,2017.0,22500.0,150.0,54.3,1.4,78.0,1.0,7289
703,Skoda, Octavia,Semi-Auto,Petrol,2020.0,10.0,150.0,46.3,1.5,2.72515271650839,3.0,19000
2353,Opel, Insignia,Manual,Petrol,2018.0,31637.0,145.0,47.1,1.5,65.0,3.0,12998
2257,Hyundai, I10,Manual,Petrol,2018.0,8239.0,,,1.0,81.0,2.0,7990
3895,Mercedes, CLS Class,Automatic,Diesel,2016.0,32232.0,160.0,,3.0,30.0,1.0,22480
21,Opel, Viva,Manual,Petrol,2018.0,4421.0,145.0,60.1,1.0,83.0,1.0,8200
2752,BMW, 3 Series,Manual,Diesel,2016.0,93760.0,20.0,72.4,2.0,30.0,3.0,9195
885,VW, Touareg,Automatic,Diesel,2019.0,99.0,145.0,34.5,3.0,33.0,1.0,41995
3951,Ford, Focus,Manual,Petrol,2017.0,14728.0,145.0,51.4,1.5,72.0,0.0,12250
917,Ford, Kuga,Manual,Diesel,2015.0,81547.0,,54.3,2.0,95.0,3.0,10620
3181,VW, Passat,,Diesel,2019.0,3433.0,145.0,47.9,2.0,49.0,2.0,22941
-316,ford, Focus,Manual,Diesel,2014.0,39000.0,0.0,74.3,1.5,97.0,0.0,7820
2239,VW, Touran,Manual,,2019.0,11145.0,145.0,51.4,1.6,52.0,3.0,20155
3252,Toyota, RAV4,Automatic,Hybrid,2019.0,7735.0,135.0,49.6,2.5,71.0,2.0,33892
1265,Hyundai, Tucson,Manual,Petrol,2019.0,90.0,145.0,34.9,1.6,87.0,4.0,23695
483,Opel, Mokka X,Manual,Petrol,2019.0,6417.0,145.0,39.2,1.4,62.0,0.0,14515
3875,VW, Golf,Manual,Petrol,2015.0,32678.0,30.0,53.3,1.4,32.0,4.0,10480
1219,Ford, Focus,Automatic,Petrol,2017.0,24776.0,145.0,46.3,1.5,62.0,0.0,12030
277,Skoda, Citigo,Manual,Petrol,2015.0,25373.0,20.0,62.8,1.0,68.0,3.0,5995
988,Mercedes, CL Class,Semi-Auto,Diesel,2019.0,13780.0,145.0,,2.2,74.0,4.0,25495
2084,BMW, 1 Series,Manual,Petrol,2019.0,8617.0,145.0,44.1,1.5,69.0,2.0,20980
1245,Ford, focus,Manual,Petrol,2017.0,26807.0,145.0,60.1,1.0,49.0,2.0,11700
2382,Skoda, Citigo,,Petrol,2016.0,27514.0,20.0,62.8,1.0,88.0,0.0,5990
571,BMW, X4,Semi-Auto,Diesel,2019.0,7141.0,,,2.0,51.0,3.0,33995
1435,Opel, Corsa,Manual,Petrol,2017.0,18144.0,30.0,54.3,1.4,96.0,3.0,7998
993,Ford, Fiesta,Manual,Petrol,2016.0,32560.0,,62.8,1.0,71.0,0.0,8000
2927,Mercedes, GLC Class,Automatic,Diesel,2015.0,48500.0,,56.5,2.1,44.0,3.0,21999
-128,Mercede, C Class,Automatic,PETROL,2019.0,650.0,145.0,46.3,1.5,77.0,4.0,26289
585,Skoda, Scala,Manual,Petrol,2020.0,2217.0,145.0,49.6,1.0,78.0,3.0,16750
3650,Mercedes, GLC Class,Semi-Auto,Diesel,2015.0,,125.0,56.5,2.1,51.0,1.0,22990
2514,Ford, Kuga,Manual,Diesel,2017.0,22811.0,125.0,60.1,2.0,50.0,2.0,14695
1349,Opel, Corsa,Manual,Petrol,,45115.0,145.0,48.7,1.2,81.0,0.0,2895
1007,VW, Up,Manual,Petrol,2020.0,1000.0,145.0,54.3,1.0,45.0,2.0,10500
674,Toyota, Avensis,Manual,Diesel,2016.0,56501.0,20.0,67.3,1.6,82.0,4.0,9295
2412,Hyundai, I10,Semi-Auto,Petrol,2018.0,8500.0,150.0,,1.2,87.0,4.0,10495
2903,Audi, S3,Manual,Petrol,2015.0,48800.0,205.0,39.8,2.0,59.0,1.0,17950
447,Toyota, C-HR,Automatic,Hybrid,2017.0,30612.0,135.0,74.3,1.8,78.0,4.0,19995
3729,Skoda, Yeti,Semi-Auto,Petrol,2016.0,20967.0,,51.4,1.2,47.0,1.0,10747
3182,VW, Tiguan,Manual,Diesel,2018.0,12535.0,145.0,58.9,2.0,88.0,0.0,23495
3880,Ford, Fiesta,Manual,Petrol,2019.0,7584.0,145.0,58.9,1.0,64.0,1.0,19000
2064,Hyundai, I800,Automatic,Diesel,2018.0,32420.0,145.0,28.0,2.5,30.0,0.0,15749
-99,Mercedes, GLE Class,Semi-Auto,diesel,2017.0,10689.0,145.0,39.2,3.723712168624484,39.0,0.0,39699
3260,VW, Tiguan Allspace,Semi-Auto,Petrol,2019.0,1633.0,150.0,35.8,1.5,78.0,0.0,28242
1690,BMW, 2 Series,Automatic,,,123.0,145.0,,2.0,43.0,2.0,21773
1548,Opel, Zafira,Manual,Petrol,2013.0,26267.0,200.0,42.2,1.6,63.0,2.0,5999
1247,Ford, Kuga,Automatic,Petrol,2016.0,4618.0,235.0,38.2,1.5,,4.0,17790
1985,Ford, Fiesta,Manual,Petrol,2018.0,10230.0,145.0,58.9,1.0,49.0,0.0,11997
294,VW, Polo,Manual,Petrol,2017.0,27599.0,150.0,58.9,1.0,77.0,1.0,9290
1547,Ford, Fiesta,Manual,Petrol,2018.0,13870.0,145.0,56.5,1.0,89.0,0.0,11500
2012,Skoda,,Automatic,Petrol,2019.0,4217.0,145.0,40.4,1.0,33.0,4.0,22299
588,Skoda, Fabia,Manual,Petrol,2019.0,2323.0,,57.7,,87.0,1.0,10995
2403,Hyundai, I10,Manual,Petrol,2019.0,10.0,145.0,49.6,1.0,53.0,1.0,9491
2129,Mercedes, CLA Class,Automatic,Diesel,2014.0,45000.0,30.0,62.8,2.1,73.0,4.0,15990
3968,VW, Golf,Semi-Auto,Petrol,2015.0,43426.0,30.0,53.3,1.4,36.0,2.0,11295
3802,Mercedes, GLC Class,Automatic,Diesel,2016.0,52852.0,125.0,56.5,2.1,87.0,0.0,21750
2719,Ford, Focus,Semi-Auto,Diesel,2017.0,26482.0,150.0,74.3,1.5,77.0,4.0,12390
425,VW, Golf,Automatic,Diesel,2019.0,8000.0,145.0,52.3,2.0,58.0,4.0,23950
2582,Ford, Fiesta,Manual,Petrol,2017.0,22617.0,,65.7,1.0,66.0,4.0,9695
1054,Toyota, Avensis,Manual,Diesel,2017.0,43795.0,,67.3,1.6,63.0,0.0,9800
3359,Ford,Fiesta,Manual,Petrol,2015.0,42627.0,20.0,62.8,1.0,80.0,3.0,7791
-389,Ford, Fiesta,Manual,PETROL,2018.0,11143.0,145.0,65.7,1.0,87.0,0.0,10499
556,Opel, Zafira Tourer,Manual,Petrol,2017.0,6527.0,150.0,41.5,1.4,45.0,2.0,12190
-220,For, Focus,Manual,Diesel,2015.0,49105.0,0.0,74.3,1.5,76.0,0.0,8998
3382,Ford, Ka+,Manual,Petrol,2019.0,1196.0,145.0,43.5,1.2,66.0,3.0,9950
-341,Opel, Mokka X,Manua,Petrol,2017.0,35323.0,145.0,47.1,1.4,78.0,1.0,10850
3605,, T-ROC,Semi-Auto,Diesel,2019.0,3831.0,,49.6,2.0,50.0,1.0,22990
-339,Opel, Corsa,Automatic,etrol,2018.0,4300.0,145.0,39.8,1.4,45.0,,12995
3504,Ford, Fiesta,Manual,Petrol,2015.0,45837.0,125.0,54.3,1.2,77.0,4.0,7999
1193,Hyundai, Tucson,Manual,Petrol,2019.0,3966.0,145.0,34.9,1.6,98.0,,17500
1716,Opel, Corsa,Manual,Petrol,2018.0,23332.0,145.0,55.4,1.4,80.0,2.0,9500
2604,Opel, Astra,Manual,Diesel,2013.0,95000.0,,76.3,1.7,42.0,0.0,3599
3516,Ford, Focus,Manual,Petrol,,12049.0,145.0,58.9,1.0,51.0,2.0,15890
2828,Ford, Fiesta,Manual,Petrol,2019.0,5626.0,145.0,,1.0,44.0,0.0,13800
1704,Opel, Combo Life,Manual,Diesel,2019.0,2083.0,145.0,53.3,1.5,96.0,1.0,16991
2863,VW, Golf,Manual,Diesel,2014.0,68063.0,0.0,74.3,1.6,72.0,4.0,6991
2618,VW, Golf,Manual,Petrol,2017.0,,150.0,52.3,1.4,,1.0,12701
2400,VW, Passat,Manual,Diesel,2016.0,48664.0,20.0,70.6,1.6,95.0,1.0,12899
2139,Audi, A3,Semi-Auto,Petrol,2017.0,25988.0,150.0,44.1,2.0,47.0,4.0,23890
2383,, Passat,Manual,Diesel,2015.0,132000.0,20.0,67.3,2.0,73.0,1.0,7393
-9,udi, A6,Semi-Auto,Petrol,2018.0,29000.0,145.0,47.9,1.8,54.0,0.0,20950
1285,Opel, Corsa,Manual,Diesel,2020.0,65.0,145.0,70.6,1.5,68.0,,17998
3211,Audi, Q5,Semi-Auto,Diesel,2015.0,35520.0,260.0,41.5,3.0,41.0,1.0,23998
3248,VW, Golf,Semi-Auto,Petrol,2018.0,29551.0,,39.8,2.0,83.0,3.0,23980
-115,Ford, Focus,unknown,Petrol,2019.0,6238.0,145.0,60.1,1.0,71.0,3.0,16000
2087,Ford, Fiesta,Manual,Petrol,2013.0,40820.0,30.0,54.3,1.2,79.0,2.0,6295
1889,BMW, X7,Automatic,Diesel,2019.0,2689.0,145.0,33.6,3.0,55.0,3.0,69940
1591,BMW, 3 Series,Semi-Auto,Petrol,2020.0,1898.0,145.0,41.5,2.0,77.0,1.0,39995
1346,Mercedes, E Class,Automatic,Diesel,2019.0,16431.0,145.0,65.7,2.0,43.0,1.0,24000
-263,Opel, Mokka X,unknown,Petrol,2018.0,29806.0,,39.2,1.4,64.0,1.0,12100
2162,Ford, Fiesta,Manual,Petrol,2017.0,17953.0,145.0,,1.2,46.0,0.0,8995
2396,Ford, Focus,Automatic,Diesel,2020.0,3767.0,145.0,74.3,1.5,78.0,2.0,20991
3262,Opel, Corsa,Manual,Petrol,2017.0,27654.0,30.0,55.4,1.4,78.0,2.0,6999
2271,Audi, Q3,Manual,Diesel,2020.0,1501.0,145.0,42.8,2.0,90.0,4.0,29750
-134,V, Polo,Manual,Petrol,2017.0,20679.0,145.0,60.1,1.2,97.0,2.0,10800
1137,BMW, 1 Series,Manual,Diesel,2014.0,39719.0,30.0,65.7,2.0,36.0,2.0,9000
3305,Opel, Corsa,Manual,Petrol,2017.0,22524.0,30.0,55.4,1.4,44.0,2.0,7991
972,VW, Golf,Manual,Petrol,2017.0,32706.0,145.0,54.3,1.4,68.0,4.0,14000
795,Mercedes, GLA Class,Semi-Auto,Diesel,2019.0,11810.0,145.0,67.3,,46.0,3.0,22949
1711,Audi, A4,Automatic,Diesel,2018.0,11802.0,145.0,65.7,2.0,90.0,2.0,23490
36,VW, Polo,Manual,Petrol,2020.0,10.0,,52.3,1.0,87.0,4.0,16990
453,Audi, Q2,Automatic,Petrol,2019.0,6000.0,145.0,42.2,1.5,56.0,4.0,25490
913,Opel, Corsa,Manual,Petrol,2015.0,30657.0,125.0,54.3,1.4,89.0,0.0,6498
3458,, Mokka,Manual,Diesel,2016.0,55779.0,30.0,,1.6,57.0,2.0,7799
1199,Hyundai, I40,Manual,Diesel,2016.0,61554.0,125.0,60.1,1.7,82.0,1.0,8770
1274,Opel, Mokka X,Manual,Petrol,2017.0,8072.0,145.0,47.1,1.4,41.0,1.0,13498
2375,Ford, Fiesta,Manual,Diesel,2014.0,27224.0,0.0,76.4,1.5,75.0,1.0,6940
37,Mercedes, A Class,Manual,Petrol,2019.0,1001.0,145.0,47.1,1.3,40.0,4.0,25495
974,BMW, 4 Series,Semi-Auto,Diesel,2018.0,29435.0,145.0,49.6,3.0,64.0,3.0,24800
983,Audi, A1,Manual,Petrol,2017.0,23785.0,145.0,70.6,1.4,62.0,1.0,15800
3494,Ford, Fiesta,Manual,Petrol,2019.0,4590.0,150.0,48.7,1.1,36.0,2.0,11798
1418,Ford, Fiesta,Manual,Petrol,2017.0,23000.0,145.0,47.9,1.6,65.0,4.0,10990
1560,Audi, TT,Manual,Diesel,2015.0,58261.0,20.0,67.3,2.0,49.0,0.0,13950
39,Hyundai, Tucson,Manual,Petrol,2018.0,4411.0,145.0,34.9,1.6,78.0,3.0,15500
1486,Opel, Corsa,Manual,Petrol,2016.0,17000.0,30.0,55.4,1.4,41.0,4.0,7249
3286,Opel, Mokka,Manual,Diesel,2015.0,22113.0,20.0,68.9,1.6,54.0,0.0,9500
169,VW, Polo,Manual,Petrol,2016.0,22735.0,20.0,,1.2,63.0,1.0,10000
1355,Hyundai, I10,Manual,Petrol,2017.0,39968.0,145.0,57.7,1.2,56.0,2.0,6998
3936,Audi, Q3,Manual,Petrol,2020.0,4000.0,145.0,40.9,1.5,61.0,1.0,26888
3078,BMW, 3 Series,Semi-Auto,Diesel,2019.0,10430.0,150.0,52.3,2.0,88.0,0.0,27888
-371,Audi, A4,Automatic,Petro,2019.0,4797.0,145.0,39.2,0.1545293172703747,61.0,0.0,22750
3390,Audi, Q5,Automatic,Diesel,2019.0,11254.0,145.0,38.2,2.0,71.0,0.0,33850
2682,Opel, Mokka X,Semi-Auto,Petrol,,13429.0,160.0,43.5,1.4,62.0,4.0,12900
3410,Ford, Focus,Manual,Diesel,2017.0,31350.0,145.0,74.3,1.5,,4.0,10500
1640,Mercedes, A Class,Automatic,Diesel,2017.0,20477.0,145.0,68.9,2.1,99.0,4.0,16499
1290,Ford, Fiesta,Manual,Diesel,2011.0,66000.0,20.0,68.9,1.4,63.0,0.0,4495
1380,Audi, Q5,Manual,Diesel,2016.0,42089.0,200.0,48.7,2.0,70.0,3.0,18100
1933,Audi, A,Manual,Petrol,2012.0,44775.0,125.0,52.3,1.4,76.0,2.0,8999
579,Hyundai, Santa Fe,Semi-Auto,Diesel,2019.0,5473.0,145.0,39.2,2.2,94.0,2.0,33799
3658,Mercedes, A CLASS,Automatic,Diesel,2016.0,25151.0,0.0,,1.5,90.0,4.0,13823
2030,Mercedes, C Class,Automatic,Hybrid,2015.0,79779.0,0.0,134.5,2.0,77.0,0.0,13999
892,Ford, Focus,Manual,Diesel,2015.0,88220.0,0.0,,1.5,49.0,4.0,6500
780,Audi, Q3,Manual,Diesel,2019.0,5000.0,145.0,42.8,2.0,46.0,0.0,26990
159,Mercedes, A Class,Semi-Auto,Diesel,2018.0,4265.0,145.0,65.7,1.5,44.0,1.0,19491
2,Ford, C-MAX,Manual,Diesel,2017.0,18250.0,20.0,68.9,1.5,68.0,4.0,10498
3548,Skoda, Octavia,Semi-Auto,Diesel,2018.0,2760.0,145.0,61.4,2.0,87.0,0.0,20000
2109,BMW, X5,Automatic,Diesel,2017.0,47717.0,235.0,42.8,3.0,74.0,2.0,35470
849,Hyundai, I10,Semi-Auto,Petrol,2015.0,41835.0,30.0,47.9,1.2,79.0,2.0,5998
2737,VW, Tiguan,Semi-Auto,Diesel,2019.0,,145.0,40.4,2.0,36.0,2.0,24350
2466,BMW, 1 Series,Manual,Diesel,2015.0,61296.0,30.0,65.7,2.0,55.0,0.0,10200
3994,VW, Tiguan,Semi-Auto,Diesel,2016.0,12377.0,160.0,49.6,2.0,77.0,2.0,24292
1596,Opel, Meriva,Manual,Petrol,2011.0,86300.0,160.0,46.3,1.4,59.0,2.0,2450
1776,Toyota, Aygo,Manual,Petrol,2016.0,,0.0,69.0,1.0,34.0,2.0,6380
1913,Toyota, Yari,Automatic,Petrol,2015.0,48160.0,30.0,58.0,1.3,79.0,2.0,7999
1043,BMW, 2 Series,Semi-Auto,Diesel,2019.0,7060.0,145.0,49.6,2.0,36.0,2.0,21920
1544,Skoda, Superb,Automatic,Diesel,2019.0,2512.0,,47.1,2.0,59.0,1.0,31490
2736,Hyundai,,Manual,Petrol,2013.0,74520.80802423196,20.0,61.4,1.2,88.0,1.0,4390
3138,Ford, Fiesta,Manual,Diesel,2014.0,50016.0,,78.5,1.6,41.0,4.0,6695
53,Opel, Mokka X,Manual,Petrol,2019.0,11347.0,145.0,39.2,1.4,44.0,1.0,12298
1796,Toyota, Aygo,,Petrol,2016.0,25374.0,0.0,69.0,1.0,78.0,4.0,6990
1911,Mercedes, GLC Class,Semi-Auto,,2016.0,14643.0,125.0,56.5,2.1,44.0,0.0,23980
3674,Opel, Mokka,,Petrol,2016.0,15978.0,160.0,44.8,1.4,64.0,1.0,10400
2553,Toyota, Prius,Automatic,Hybrid,2013.0,56077.0,10.0,64.2,,39.0,2.0,16500
2800,Skoda, superb,Semi-Auto,Diesel,2016.0,43212.0,30.0,61.4,2.0,64.0,2.0,12999
3462,, Tucson,Manual,Petrol,2019.0,4353.0,145.0,35.3,1.6,79.0,3.0,18000
3752,Ford, Focus,Semi-Auto,Petrol,2015.0,39250.0,165.0,44.8,1.6,35.0,1.0,8495
824,Hyundai, I10,Manual,Petrol,,53910.0,20.0,61.4,1.2,49.0,1.0,4495
-360,Toyota, Aygo,Automatic,ther,2017.0,10757.0,150.0,67.3,1.0,49.0,1.0,9295
1389,Mercedes, C Class,,Diesel,2019.0,4500.0,145.0,64.2,2.0,34.0,4.0,32995
884,Audi, Q5,Semi-Auto,Diesel,2017.0,34000.0,145.0,56.5,2.0,81.0,0.0,23995
-419,Ford, Fiesta,Manual,Petrol,2018.0,11696.0,,62.8,1.0,125.10995148245615,0.0,11931
1607,Skoda, Fabia,Semi-Auto,Petrol,2019.0,10165.0,145.0,,1.0,83.0,2.0,13490
1594,Toyota, RAV4,Automatic,Petrol,2017.0,21676.0,205.0,43.5,2.0,53.0,4.0,18995
771,Opel, Corsa,Manual,Petrol,2017.0,33927.0,145.0,55.4,1.4,75.0,4.0,7000
2611,Opel, Mokka X,Manual,Petrol,2017.0,25617.0,145.0,47.1,1.4,32.0,4.0,10075
2273,VW, Polo,Manual,Petrol,2017.0,36647.0,145.0,60.1,1.2,98.0,1.0,9495
1868,Mercedes, C Class,Automatic,Diesel,2017.0,47053.0,125.0,60.1,2.1,60.0,0.0,19399
1085,Opel, Corsa,Manual,Petrol,2020.0,10.0,145.0,52.3,1.2,87.0,2.0,15998
3527,Opel, Astra,Manual,Diesel,2015.0,103000.0,30.0,62.8,2.0,33.0,2.0,3950
1325,VW, Polo,Manual,Petrol,2017.0,20525.0,145.0,60.1,1.2,32.0,4.0,9798
1463,Hyundai, I30,Manual,Petrol,2019.0,150.0,150.0,34.0,2.0,97.0,1.0,23995
806,Skoda, Octavia,Manual,Diesel,2018.0,33081.0,150.0,,2.0,96.0,0.0,14998
3161,Mercedes, E Class,Semi-Auto,Diesel,2017.0,19893.0,145.0,54.3,3.0,73.0,4.0,24980
3193,VW, Golf,Semi-Auto,Petrol,2018.0,23537.0,145.0,44.1,2.0,81.0,4.0,20499
2108,Audi, A1,Manual,Diesel,2013.0,76269.0,0.0,74.3,1.6,46.0,3.0,7000
3680,BMW, 4 Series,Semi-Auto,Diesel,2020.0,16.0,,51.4,3.0,34.0,0.0,35100
-559,ercede, GLA Class,Manual,Petrol,2019.0,12883.0,145.0,40.9,1.6,86.0,1.0,18500
2234,Hyundai, I10,Manual,Petrol,2017.0,14258.0,150.0,60.1,1.0,99.0,3.0,6995
963,Skoda, Octavia,Manual,Diesel,2018.0,28386.0,150.0,67.3,1.6,62.0,0.0,12998
3497,Hyundai, Kona,Manual,Petrol,2019.0,10.0,145.0,44.1,1.0,91.0,1.0,19989
398,Opel, Grandland X,Automatic,Petrol,2018.0,5397.0,145.0,43.5,1.2,77.0,4.0,15899
2632,Ford, Fiesta,Manual,Petrol,2016.0,10094.0,125.0,54.3,1.2,90.0,4.0,7991
-464,Skoda, Kodiaq,Automatic,DIESEL,,200.0,145.0,42.2,2.0,96.0,4.0,31995
2996,Mercedes, E Class,Semi-Auto,Diesel,2017.0,,30.0,65.7,2.0,97.0,2.0,20150
704,BMW, 1 Series,Manual,Diesel,2014.0,75924.0,30.0,65.7,2.0,86.0,3.0,9099
431,Mercedes, C Class,Automatic,Diesel,2015.0,79011.0,30.0,61.4,2.1,56.0,1.0,12800
292,Ford, Focus,Automatic,Petrol,2015.0,6693.0,165.0,44.8,1.6,45.0,0.0,10500
-478,hyundai, I20,automatic,Petrol,2018.0,6394.0,145.0,49.6,1.0,47.0,1.0,12500
145,Ford, Focus,Manual,Diesel,2014.0,62125.0,20.0,67.3,1.6,83.0,3.0,7298
3541,Ford, Focus,Manual,Petrol,2016.0,32316.0,20.0,60.1,1.0,,1.0,9910
2033,Audi, A7,Semi-Auto,Diesel,2015.0,41656.0,145.0,54.3,3.0,39.0,3.0,19998
3642,Mercedes, C Class,Semi-Auto,Diesel,2019.0,1000.0,145.0,57.7,2.0,98.0,4.0,32429
1165,Opel, Astra,Manual,Diesel,2016.0,93120.0,0.0,85.6,1.6,71.0,0.0,6000
2050,Ford, Fiesta,,Petrol,2015.0,8800.0,125.0,54.3,1.2,71.0,2.0,7495
2624,Mercedes,,Semi-Auto,Diesel,2019.0,13924.0,145.0,65.7,2.0,65.0,1.0,27980
3956,Mercedes, C Class,Semi-Auto,Petrol,2017.0,33538.0,,41.5,2.0,49.0,1.0,17230
339,Mercedes, GLA Class,Semi-Auto,Diesel,2018.0,86705.85488462522,145.0,58.9,,50.0,2.0,20700
3882,BMW, 3 Series,Automatic,Diesel,2017.0,36178.0,,70.6,2.0,91.0,1.0,14300
2973,Skoda, FABIA,Manual,Petrol,2019.0,1325.0,145.0,57.7,1.0,83.0,2.0,11250
265,BMW, 3 Series,Automatic,Diesel,2018.0,19662.0,145.0,64.2,2.0,93.0,2.0,17500
2424,Skoda, Citigo,Manual,Petrol,2017.0,2987.0,145.0,,1.0,47.0,4.0,7000
-24,MERCEDES, SL CLASS,Semi-Auto,Diesel,2016.0,29799.0,30.0,70.6,2.1,37.0,4.0,18990
1771,VW, Golf,Semi-Auto,Petrol,2019.0,25.0,150.0,,2.0,1.7694736373257314,1.0,31690
271,Toyota, Yaris,Manual,Petrol,2017.0,18250.0,145.0,58.9,1.5,65.0,4.0,10000
696,Mercedes, GLC Class,Semi-Auto,Diesel,2017.0,26844.0,125.0,56.5,2.1,83.0,3.0,24399
747,Skoda, Octavia,Automatic,Diesel,2017.0,56526.0,145.0,57.7,2.0,41.0,0.0,13999
244,Skoda, Fabia,Manual,Petrol,2019.0,11125.0,145.0,57.7,1.0,38.0,1.0,9995
317,Audi, TT,Semi-Auto,Petrol,2019.0,3774.0,,40.9,2.0,54.0,2.0,24990
476,Opel, Insignia,Manual,Diesel,2017.0,23222.0,145.0,54.3,2.0,46.0,4.0,12898
2032,Ford, Focus,Manual,Petrol,2017.0,13671.0,145.0,60.1,1.0,55.0,4.0,10999
957,Ford, Kuga,Manual,Diesel,2014.0,60000.0,200.0,47.9,2.0,63.0,1.0,8975
3295,Hyundai, I20,Manual,Petrol,2017.0,18281.0,30.0,,1.2,31.0,1.0,8500
813,Ford, Focus,Automatic,Petrol,2019.0,13000.0,145.0,50.4,1.0,61.0,0.0,16294
1914,Opel, Corsa,Automatic,Petrol,2016.0,17074.0,145.0,47.9,1.4,33.0,4.0,11000
-238,VW, Polo,Manual,Petrol,2023.3898219781804,31400.0,150.0,47.9,1.4,61.0,1.0,6498
1297,Opel, Astra,Manual,Diesel,2019.0,10.0,,72.4,1.6,37.0,2.0,14495
1804,Skoda, Superb,Semi-Auto,Diesel,2017.0,48180.0,125.0,61.4,2.0,64.0,2.0,13498
-240,Ford, Focus,anual,Diesel,2017.0,25892.0,0.0,74.3,1.5,92.0,2.0,12490
250,Opel, Mokka X,Semi-Auto,Petrol,2018.0,8709.0,150.0,43.5,1.4,74.0,2.0,14705
2461,BMW, X5,Automatic,Diesel,2018.0,31016.0,145.0,47.1,3.0,59.0,1.0,30999
545,VW, Polo,Manual,Petrol,2016.0,15664.0,0.0,65.7,1.0,51.0,4.0,10750
738,Mercedes, C Class,Semi-Auto,Diesel,2015.0,37020.0,30.0,65.7,1.6,46.0,1.0,13500
310,Audi, A1,Manual,Petrol,2017.0,14000.0,145.0,67.3,1.0,94.0,1.0,12900
2941,Ford, Fiesta,Manual,Petrol,2016.0,17021.0,125.0,54.3,1.2,51.0,3.0,7995
1131,VW, Golf,Manual,Petrol,2016.0,43000.0,200.0,39.8,2.0,87.0,2.0,16990
1449,Opel, Mokka X,Manual,Petrol,2017.0,40123.0,145.0,47.1,1.4,46.0,0.0,9250
-527,FORD, Fiesta,Manual,Petrol,2015.0,27026.0,125.0,54.3,1.2,73.0,0.0,6724
15,Toyota, Verso-S,Manual,Petrol,2013.0,33900.0,125.0,51.4,1.3,69.0,1.0,6995
2769,BMW, X1,Automatic,Petrol,2016.0,7390.0,160.0,44.8,2.0,84.0,0.0,21000
920,Ford, Mondeo,Manual,Petrol,2015.0,10599.0,,,1.5,63.0,0.0,12941
3029,Audi, TT,Manual,Diesel,2016.0,18263.0,30.0,62.8,2.0,52.0,,16998
3632,Mercedes, E Class,Automatic,Diesel,2015.0,22000.0,140.0,,3.0,32.0,4.0,17480
2544,Toyota, Yaris,Automatic,Hybrid,2017.0,22909.0,0.0,86.0,1.5,40.0,2.0,10995
38,BMW, 5 Series,Automatic,Diesel,2016.0,69736.0,30.0,62.8,2.0,66.0,2.0,12400
363,Ford, kuga,Semi-Auto,Diesel,2018.0,8011.0,,47.9,2.0,65.0,3.0,18980
3477,Ford, Fiesta,Manual,Petrol,2018.0,11667.0,145.0,64.2,1.1,77.0,2.0,9690
182,Skoda, Octavia,Manual,Diesel,2017.0,46498.0,0.0,74.3,1.6,73.0,4.0,10175
3033,VW, T-Cross,Manual,Petrol,2019.0,3558.0,145.0,47.9,1.0,85.0,3.0,20699
2983,Audi, A4,Manual,Diesel,,60604.0,20.0,,2.0,65.0,1.0,11950
1194,Opel, Mokka X,Manual,Petrol,2016.0,14751.0,200.0,42.2,1.6,85.0,4.0,10298
2852,Mercedes, GLC Class,Semi-Auto,Diesel,2020.0,2271.0,145.0,44.8,2.0,34.0,2.0,34999
3188,Mercedes, C Class,Semi-Auto,Petrol,2019.0,9938.0,145.0,46.3,1.5,56.0,0.0,26925
1121,Opel, Mokka X,Manual,Petrol,2019.0,20641.0,145.0,39.2,1.4,78.0,1.0,12498
2235,VW, Passat,Manual,Diesel,2015.0,59591.0,20.0,,2.0,35.0,0.0,8070
2667,Ford, EcoSport,Manual,Petrol,2017.0,33836.0,145.0,,1.0,69.0,0.0,10495
3132,BMW, 2 Series,Semi-Auto,Petrol,2019.0,2070.0,145.0,40.9,1.5,80.0,3.0,21500
1182,Ford,,Semi-Auto,Petrol,2018.0,6834.0,,,1.0,98.0,0.0,15800
3786,BMW, 2 Series,Semi-Auto,Diesel,2019.0,4887.0,145.0,65.7,2.0,84.0,2.0,21980
614,Skoda, Octavia,Semi-Auto,Diesel,2019.0,13900.0,150.0,70.6,1.6,46.0,2.0,15490
1466,Skoda, Superb,Manual,Petrol,2018.0,14238.0,145.0,54.3,1.4,64.0,4.0,17067
401,VW, Up,Manual,Petrol,2019.0,5425.0,,54.3,1.0,64.0,0.0,10493
3042,Audi, Q5,Automatic,Diesel,2015.0,49431.0,260.0,,3.0,42.0,2.0,23990
934,Mercedes, B Class,Automatic,Diesel,2012.0,57386.0,125.0,64.2,1.8,88.0,0.0,7499
2419,VW, Golf,Manual,Petrol,2017.0,18778.0,,65.7,1.0,95.0,2.0,13299
3413,VW, Polo,Manual,Petrol,2020.0,10.0,145.0,52.3,1.0,77.0,0.0,17290
2641,VW, Touareg,Automatic,Diesel,2017.0,85454.58629151213,235.0,,3.0,86.0,4.0,24900
3402,Opel, Astra,Manual,Petrol,2017.0,,145.0,51.4,1.4,42.0,2.0,9999
726,Skoda, Superb,Automatic,Diesel,2019.0,49900.0,145.0,,2.0,66.0,4.0,13980
826,Mercedes, C Class,Automatic,Diesel,2018.0,4944.0,145.0,58.9,2.1,79.0,2.0,25280
1521,Opel, Astra,Manual,Petrol,2019.0,19226.0,145.0,51.4,1.4,72.0,2.0,12640
-369,yundai, I20, Manual ,Petrol,2016.0,33322.0,294.8434093252618,62.8,1.0,80.0,0.0,7821
-44,Ford, Fiesta,anual,Petrol,2019.0,2278.0,150.0,60.1,1.0,39.0,3.0,16299
136,Audi, a4,Semi-Auto,Petrol,2019.0,,,39.2,2.0,58.0,1.0,25900
628,Audi, A4,Manual,Diesel,2016.0,47000.0,20.0,72.4,2.0,74.0,3.0,13750
334,Hyundai, I800,Manual,Diesel,2018.0,37620.0,150.0,37.7,2.5,89.0,0.0,14000
390,Ford, Focus,Manual,Diesel,2015.0,40000.0,20.0,67.3,1.6,59.0,0.0,8500
3966,Toyota, Corolla,Automatic,Hybrid,2019.0,5500.0,135.0,72.4,2.0,85.0,0.0,24995
3241,VW, Golf,Semi-Auto,Petrol,2017.0,37269.0,0.0,65.7,1.0,35.0,1.0,11798
1817,Audi, A1,,Petrol,2017.0,16438.0,150.0,57.6,1.4,55.0,0.0,12444
400,Audi, A1,Manual,Petrol,2019.0,4321.0,145.0,47.9,1.0,87.0,,20444
710,Audi, A5,Automatic,Diesel,2015.0,32328.0,145.0,53.3,2.0,,0.0,15293
1039,Ford, Fiesta,Manual,Petrol,2017.0,26548.0,,54.3,1.2,42.0,4.0,7999
3378,Skoda, OCTAVIA,Manual,Petrol,2019.0,13500.0,150.0,55.4,1.5,79.0,3.0,14995
46,Mercedes, GLS Class,Automatic,Diesel,2019.0,2010.0,145.0,34.0,3.0,52.0,0.0,67600
1561,Skoda, Superb,Semi-Auto,Petrol,2019.0,4955.0,145.0,36.7,,38.0,2.0,20995
-415,Mercedes, GLE Class,Automatic,iesel,2017.0,34915.0,145.0,42.8,3.0,61.0,4.0,29500
-457,audi, Q2,Semi-Auto,Petrol,2020.0,5000.0,145.0,42.2,1.5,45.0,2.0,27990
1112,Opel, Corsa,Manual,Petrol,2019.0,1806.0,145.0,43.5,1.4,95.0,3.0,9990
2513,Opel, Astra,Automatic,Petrol,2013.0,23615.0,235.0,39.2,1.6,33.0,1.0,6400
1223,Mercedes, SL CLASS,Semi-Auto,Petrol,2019.0,1000.0,145.0,47.1,2.0,74.0,3.0,32299
-459,VW, Golf,Manual,Diesel,2016.0,38615.0,0.0,74.3,1.6,96.0,6.2458349512166365,11499
3023,Ford, Fiesta,Manual,Petrol,2016.0,22919.0,0.0,65.7,1.0,35.0,2.0,8298
2421,VW, Polo,Manual,Petrol,2019.0,9790.0,150.0,48.7,1.0,38.0,0.0,12998
1508,Mercedes, GLA Class,Manual,Petrol,2017.0,27325.0,145.0,48.7,1.6,74.0,4.0,17990
1750,Skoda, Citigo,Manual,Petrol,2019.0,4847.0,,65.7,1.0,72.0,0.0,9399
-451,Toyota, Aygo,Manual,petrol,2018.0,6500.0,145.0,56.5,1.0,95.0,2.0,7995
3469,Mercedes,GLA Class,Semi-Auto,Diesel,2019.0,1000.0,145.0,64.2,2.1,37.0,4.0,24999
1799,VW, Tiguan,Manual,Petrol,2017.0,21507.0,145.0,48.7,1.4,54.0,1.0,17790
338,Ford, EcoSport,Manual,Diesel,2016.0,10218.0,30.0,,1.5,61.0,1.0,9695
215,Ford, Fiesta,Manual,Petrol,2019.0,4293.0,,60.1,1.0,81.0,0.0,15500
1341,Ford, Kuga,,Diesel,2017.0,32849.0,145.0,54.3,2.0,83.0,2.0,17499
11,Hyundai, I30,Automatic,Petrol,2007.0,51279.0,200.0,40.9,1.6,70.0,3.0,3299
1520,VW, Polo,Manual,Petrol,2018.0,10100.0,,48.7,1.0,39.0,0.0,11989
3334,VW, T-Roc,Semi-Auto,Petrol,2018.0,6532.0,145.0,41.5,2.0,58.0,1.0,23799
3197,Opel, Antara,Manual,Diesel,2013.0,62000.0,240.0,44.1,2.2,67.0,2.0,6599
3004,Mercedes, C Class,Automatic,Petrol,2015.0,26400.0,125.0,52.3,2.0,89.0,0.0,15990
2864,VW, T-Roc,Manual,Petrol,2018.0,22930.0,145.0,53.3,1.5,50.0,2.0,18900
3115,Mercedes, B Class,Semi-Auto,Petrol,2019.0,10713.0,145.0,45.6,1.3,79.0,2.0,20998
3483,Toyota, Aygo,Manual,Petrol,2018.0,27111.0,145.0,68.9,1.0,31.0,3.0,7995
2322,Skoda, Superb,Automatic,Petrol,2020.0,4433.0,145.0,,2.0,,3.0,26990
2571,Skoda, Superb,Semi-Auto,Petrol,2020.0,42.0,150.0,36.7,1.5,44.0,0.0,22995
2913,VW, Tiguan,Automatic,Diesel,2019.0,14379.0,145.0,,2.0,56.0,3.0,30230
101,BMW, 1 Series,Semi-Auto,Petrol,2017.0,23157.0,145.0,54.3,1.5,35.0,2.0,15798
3700,VW, Golf,Automatic,Diesel,2019.0,10000.0,145.0,49.6,2.0,88.0,1.0,26495
171,Ford, Fiesta,Manual,Petrol,2018.0,15261.0,145.0,65.7,1.0,70.0,4.0,10797
107,Ford,Fiesta,Automatic,Petrol,2010.0,55000.0,195.0,42.8,1.4,92.0,4.0,5995
3630,Ford, Focus,Manual,Petrol,2018.0,19388.0,145.0,60.1,1.0,90.0,2.0,16800
-592,Ford, Fiesta,manual,Petrol,2017.0,4262.0,0.0,65.7,1.0,78.0,3.0,11798
3788,Audi, A5,Automatic,Diesel,2019.0,3306.0,145.0,51.4,2.0,83.0,3.0,32450
3443,Ford, Tourneo Custom,Manual,Diesel,2018.0,2500.0,145.0,32.5,2.0,88.0,0.0,19995
-201,Ford, Focus,Automatic,etrol,2019.0,7886.0,,,1.0,51.0,0.0,17610
3508,Audi, A3,Semi-Auto,Petrol,2019.0,3188.0,145.0,42.2,1.5,77.0,0.0,23237
3652,Opel, Corsa,Manual,Petrol,2017.0,37273.0,145.0,54.3,1.4,74.0,2.0,7998
3869,Mercedes, GLA Class,Semi-Auto,Diesel,2017.0,26850.0,150.0,58.9,2.1,34.0,1.0,19480
-18,Mercedes, C Class,Automatic,Petrol,2018.0,-50755.21022990481,145.0,31.7,4.0,69.0,3.0,47099
-270,Opel, Corsa,Manual,PETROL,2016.0,59282.0,30.0,55.4,1.4,,4.0,7000
1040,Opel, Astra,Semi-Auto,Petrol,2017.0,15500.0,125.0,51.4,1.4,82.0,1.0,12495
3611,Audi, Q2,Automatic,Petrol,2017.0,26821.0,145.0,52.3,1.4,98.0,1.0,19790
2760,Hyundai, Santa Fe,Automatic,Diesel,2020.0,2885.0,145.0,39.2,2.2,78.0,0.0,36999
2120,Skoda, Fabia,Manual,Petrol,2019.0,7927.0,145.0,50.4,1.0,81.0,4.0,8995
1524,Ford, Fiesta,Manual,Petrol,2017.0,8676.0,,65.7,1.0,47.0,0.0,8450
153,Mercedes, C Class,Automatic,Petrol,2019.0,10027.0,145.0,,3.0,71.0,2.0,42490
2248,Opel, Corsa,Manual,,2017.0,25056.0,30.0,55.4,1.4,70.0,0.0,6991
481,Ford, Grand C-MAX,Manual,Diesel,2017.0,27070.0,150.0,64.2,1.5,77.0,4.0,11498
-278,Opel, Zafira,manual,Petrol,2017.0,23339.0,200.0,41.5,1.4,67.0,6.233082169469183,11750
3813,Skoda, Superb,Automatic,Diesel,2019.0,12700.0,145.0,61.4,2.0,47.0,1.0,21495
3570,Mercedes, X-CLASS,Automatic,Diesel,2018.0,21000.0,260.0,35.8,2.3,59.0,2.0,27995
1762,Mercedes, S Class,Semi-Auto,Diesel,2019.0,11876.0,145.0,52.3,3.0,79.0,4.0,47599
750,Ford, KA,Manual,Petrol,2015.0,82584.13442011928,30.0,57.7,1.2,57.0,0.0,5192
1785,Ford, Kuga,Manual,Diesel,2017.0,21181.0,150.0,54.3,2.0,80.0,2.0,18500
3578,Hyundai,,Manual,Petrol,2017.0,6200.0,145.0,60.1,1.0,57.0,1.0,7995
3989,Ford, Focus,Manual,Petrol,2017.0,19086.0,20.0,61.4,1.0,40.0,2.0,10500
405,Ford, Focus,Manual,Petrol,2017.0,14842.0,,57.7,1.0,,1.0,12950
757,VW, Golf,Manual,Petrol,2019.0,14953.0,145.0,,1.0,39.0,0.0,15480
2711,Ford, Kuga,Manual,Diesel,2016.0,31810.0,125.0,60.1,2.0,67.0,4.0,11000
2670,Audi, A3,Manual,Petrol,2008.0,93000.0,160.0,43.5,1.4,99.0,2.0,4590
-216,Ford, EcoSport, Manual ,Petrol,2018.0,29357.0,150.0,54.3,1.0,55.0,0.0,13000
97,Skoda, Octavia,Semi-Auto,Diesel,2016.0,33836.0,125.0,56.5,2.0,94.0,1.0,15750
1333,Ford, EcoSport,Manual,Petrol,2017.0,21420.0,125.0,53.3,1.0,70.0,2.0,10298
-101,yundai, Tucson,Manual,Diesel,2016.0,12800.0,30.0,61.7,1.7,66.0,0.0,11490
2791,VW, Polo,Manual,Petrol,2016.0,45000.0,20.0,60.1,1.2,54.0,4.0,8499
2854,Opel, Mokka X,Manual,Diesel,2016.0,47256.0,,68.9,1.6,78.0,2.0,8991
186,Toyota, C-HR,Automatic,,2017.0,16990.0,135.0,74.3,1.8,37.0,1.0,20495
3408,Ford, Focus,Manual,Petrol,2018.0,14034.0,145.0,58.9,1.0,67.0,4.0,15295
-74,Mercedes, C Class,Semi-Auto,Diesel,2016.0,45588.0,-56.19320153940018,,2.1,44.0,4.0,16680
2058,Opel, Crossland X,Manual,Diesel,2020.0,10.0,145.0,61.4,1.5,78.0,4.0,16490
3992,Audi, Q5,Automatic,Diesel,2019.0,10301.0,,39.2,2.0,82.0,4.0,30750
148,Mercedes, A Class,Manual,Petrol,2020.0,2006.0,145.0,28.5,1.3,35.0,2.0,23900
28,Mercedes, B Class,Automatic,Diesel,2014.0,10200.0,20.0,68.9,1.5,76.0,2.0,11500
3532,Toyota, Verso,Manual,Petrol,2016.0,28212.0,200.0,41.5,1.6,64.0,2.0,11690
3395,Audi, A3,Manual,Diesel,2020.0,100.0,,52.3,1.6,86.0,0.0,26500
692,VW, Gol,,Petrol,2018.0,31190.0,,58.9,1.0,73.0,0.0,14578
2866,Ford, KA,Manual,Petrol,2014.0,40770.0,30.0,57.7,1.2,93.0,3.0,4340
1386,Toyota, Yaris,Automatic,Hybrid,2016.0,23550.0,0.0,78.0,1.5,42.0,3.0,10995
1845,Opel, Corsa,Manual,Petrol,2015.0,44730.0,125.0,54.3,1.4,74.0,1.0,6290
-358,ord, Focus,Manual,Diesel,2016.0,58898.0,0.0,74.3,1.5,,4.0,7900
3539,VW, Passat,Manual,Diesel,2016.0,42828.0,,,2.0,68.0,1.0,11150
1599,Ford, Kuga,Manual,Petrol,2019.0,12759.0,145.0,35.3,1.5,84.0,,19700
3868,Ford, Fiesta,Manual,Petrol,2019.0,10248.0,145.0,58.9,1.0,98.0,4.0,13498
701,VW, Golf,Semi-Auto,Petrol,2015.0,45743.0,30.0,56.5,1.4,95.0,4.0,10990
3028,BMW, 3 Series,Manual,Diesel,,101930.0,20.0,,2.0,74.0,3.0,8695
2969,Opel, Crossland X,Manual,Petrol,2019.0,11756.0,145.0,46.3,1.2,93.0,3.0,10999
1708,Audi, Q3,Semi-Auto,Diesel,2019.0,5447.0,145.0,47.1,2.0,94.0,1.0,28691
2953,VW,Sharan,Semi-Auto,Diesel,2019.0,1694.0,,41.5,2.0,84.0,3.0,28000
454,Ford, Focus,Manual,Diesel,2017.0,25887.0,0.0,74.3,1.5,52.0,4.0,9940
2868,BMW, 3 Series,Automatic,Diesel,2018.0,20461.0,145.0,60.1,2.0,98.0,1.0,17620
2040,Mercedes, C Class,,Diesel,2016.0,38000.0,30.0,64.2,,37.0,1.0,17850
3615,Skoda,Superb,Automatic,Diesel,2017.0,57254.0,,61.4,2.0,72.0,4.0,14495
2315,Opel, Mokka X,Manual,Petrol,2019.0,5044.0,150.0,39.2,1.4,58.0,3.0,13498
609,BMW, 3 Series,Semi-Auto,Diesel,2017.0,51983.0,145.0,62.8,2.0,59.0,2.0,17701
167,Mercedes, C Class,Automatic,Petrol,2019.0,11664.0,145.0,47.1,1.5,65.0,3.0,25599
730,Ford, Fiesta,Manual,Petrol,2019.0,1069.0,145.0,,1.1,31.0,3.0,12491
3714,VW, T-Ro,Manual,Petrol,2020.0,10.0,145.0,42.2,1.5,89.0,1.0,31895
2074,Ford, Focus,Manual,Petrol,2017.0,23016.0,145.0,51.4,1.5,51.0,4.0,12295
3423,Opel, Astra,Manual,,2018.0,15044.0,150.0,46.3,1.4,80.0,3.0,13000
1622,Mercedes, C Class,Manual,Diesel,2016.0,19864.0,20.0,70.6,2.1,81.0,0.0,14698
587,BMW, X1,Manual,Diesel,2016.0,25913.0,,58.9,2.0,73.0,2.0,16595
1401,Skoda, Rapid,Manual,Diesel,2017.0,26858.0,20.0,,1.4,54.0,0.0,8995
3045,Skoda, Karoq,Automatic,Diesel,2019.0,4935.0,145.0,62.8,1.6,56.0,1.0,18850
3224,Opel, Mokka X,Manual,Petrol,2019.0,9479.0,145.0,39.2,1.4,60.0,1.0,14000
1700,VW, Tiguan,Manual,Diesel,2017.0,27200.0,125.0,58.9,2.0,72.0,3.0,21700
3088,Skoda, Octavia,Semi-Auto,Petrol,2019.0,2965.0,,46.3,2.0,44.0,3.0,19490
3765,Opel,,Manual,Petrol,2017.0,4067.0,30.0,55.4,1.4,42.0,3.0,8370
2981,Ford, Fiesta,Manual,Petrol,2016.0,35500.0,20.0,62.8,1.0,42.0,0.0,8900
-65,Mercedes,,anual,Petrol,2019.0,9071.0,145.0,53.3,1.3,41.0,2.0,19888
1379,Ford, Fiesta,Manual,Petrol,2016.0,32148.0,0.0,65.7,1.0,66.0,0.0,9000
2089,Audi, Q3,Semi-Auto,Petrol,2017.0,26494.0,145.0,47.9,1.4,71.0,0.0,20995
2175,VW, Polo,Manual,Petrol,2016.0,43600.0,20.0,60.1,1.0,48.0,0.0,10000
3217,, Focus,Manual,Petrol,2013.0,29353.0,30.0,56.5,1.0,73.0,3.0,6991
3858,BMW, X5,Semi-Auto,Diesel,2019.0,9591.0,,37.7,3.0,90.0,4.0,48980
3717,BMW, X3,Automatic,Diesel,2019.0,123.0,145.0,54.3,2.0,87.0,0.0,38900
3358,Opel, Grandland X,Automatic,Diesel,2019.0,5489.0,145.0,53.3,1.5,70.0,2.0,20990
2657,Skoda, Fabia,Manual,Petrol,2017.0,14338.0,20.0,58.9,1.2,42.0,0.0,10490
3180,VW, Up,Manual,Petrol,2017.0,33269.0,,64.2,1.0,86.0,2.0,7290
2076,Toyota, Yaris,Manual,Petrol,2017.0,14150.0,145.0,,1.5,94.0,0.0,11300
441,Mercedes, B Class,Semi-Auto,Petrol,2019.0,10478.0,145.0,45.6,1.3,61.0,2.0,22499
3432,Mercedes, GLA Class,Semi-Auto,Diesel,2018.0,12796.0,145.0,56.5,2.1,,0.0,23512
2051,, A5,Semi-Auto,Diesel,2020.0,1000.0,145.0,47.1,2.0,69.0,3.0,30000
2541,Ford, Fiesta,Manual,Petrol,2017.0,23048.0,125.0,54.3,1.2,43.0,4.0,8999
1301,Ford, Focus,Manual,Petrol,2019.0,8958.0,145.0,,1.0,67.0,3.0,15470
1781,Mercedes, GLE Class,Automatic,Diesel,2019.0,6740.0,,32.5,3.0,65.0,0.0,54890
-430,BMW, 2 Series,Semi-Auto,Petrol,2019.0,5000.0,145.0,40.9,1.5,88.0,-2.3122595321748447,23999
1304,Skoda,,,Diesel,2019.0,5000.0,145.0,,2.0,53.0,3.0,24980
236,VW, Passat,Manual,Diesel,2012.0,63000.0,30.0,11.417267753816397,2.0,89.0,0.0,5990
2599,Audi, Q5,Automatic,Diesel,2019.0,6124.0,145.0,38.2,2.0,47.0,3.0,33650
520,BMW, 3 Series,Manual,Petrol,2016.0,33270.0,150.0,48.7,2.0,67.0,2.0,12400
2573,VW, Tiguan,Manual,Diesel,2019.0,7000.0,150.0,47.9,2.0,60.0,0.0,23495
3280,Ford, Kuga,Manual,Diesel,2019.0,16324.0,145.0,47.9,2.0,95.0,2.0,16900
3186,Hyundai, Tucson,Manual,Diesel,2017.0,36681.0,30.0,,1.7,47.0,4.0,12995
2768,Mercedes, C Class,Semi-Auto,Diesel,2019.0,15838.0,145.0,61.4,2.0,45.0,3.0,24498
735,Toyota, RAV4,Manual,Diesel,2007.0,120870.0,235.0,42.8,2.2,37.0,0.0,2991
-332,Ope, Mokka X,Manual,Petrol,2017.0,19691.0,145.0,47.1,1.4,81.0,2.0,10930
2106,Skoda, Citigo,Manual,Petrol,2017.0,44719.0,20.0,64.2,,97.0,2.0,5275
2679,VW, Polo,Manual,Petrol,2016.0,15947.0,20.0,58.9,1.0,65.0,4.0,9542
3229,VW, Polo,Manual,Petrol,2017.0,9801.0,20.0,58.9,1.0,89.0,2.0,9980
2761,VW, T-Roc,Automatic,Petrol,,3853.0,145.0,39.8,1.5,44.0,2.0,25990
592,Ford, Fiesta,Manual,Petrol,2014.0,35419.0,0.0,65.7,1.0,95.0,3.0,6890
1303,Toyota, Prius,Automatic,Other,2015.0,28254.0,,64.2,1.8,50.0,4.0,21790
1387,Hyundai, Kona,Manual,Petrol,2018.0,16700.0,145.0,44.1,1.0,72.0,0.0,13295
-324,BMW, 1 Series,manual,Diesel,2018.0,14530.0,145.0,51.4,1.5,95.0,4.0,14985
3344,Hyundai, I10,Manual,Petrol,2013.0,,20.0,,1.2,85.0,3.0,3995
3827,BMW,3 Series,Manual,Diesel,2016.0,51379.0,20.0,,2.0,39.0,1.0,12480
2987,Ford, Ka+,Manual,Petrol,2018.0,4799.0,145.0,43.5,1.2,91.0,4.0,9791
-530,V, Golf,Manual,Diesel,2016.0,26317.0,20.0,67.3,2.0,45.0,2.0,16291
3297,Opel, Mokka X,Automatic,Petrol,2017.0,20148.0,,43.5,1.4,80.0,1.0,13900
904,Ford, Fiesta,Manual,Petrol,2019.0,13600.0,145.0,58.9,1.0,52.0,1.0,13895
-244,Skoda, KAROQ,Manual,PETROL,2018.0,8901.0,145.0,43.5,2.0,90.0,0.0,19495
1279,BMW, 5 Series,Semi-Auto,Petrol,2017.0,15856.0,200.0,39.2,3.0,58.0,2.0,25980
933,Audi, A3,Manual,Petrol,2014.0,34250.0,30.0,55.4,1.4,84.0,0.0,10202
-509,VW, Polo,manual,Petrol,2016.0,29605.0,20.0,60.1,1.2,82.0,3.0,9995
2308,VW, Touareg,Semi-Auto,Diesel,2019.0,1638.0,150.0,34.5,3.0,52.0,1.0,41990
1555,Mercedes, A Class,,Diesel,2020.0,4158.0,145.0,65.7,1.5,58.0,3.0,27791
-172,ford, Focus,Manual,Diesel,2018.0,18332.0,145.0,74.3,1.5,91.0,3.0,16479
-31,Mercedes, B Class,Semi-Auto,iesel,2019.0,8612.0,145.0,54.3,2.0,79.0,2.0,26395
-90,Audi, S4,Automatic,Diesel,2020.0,1500.0,145.0,39.2,0.0,37.0,3.0,44888
706,Opel, Adam,Manual,Petrol,2017.0,8854.0,150.0,53.3,1.2,60.0,1.0,8490
-319,Opel,Corsa,anual,Petrol,2018.0,9079.0,150.0,43.5,1.4,70.0,1.0,8361
3070,, A3,Manual,,2017.0,20359.0,30.0,60.1,1.4,37.0,1.0,17498
745,Mercedes, gla class,Semi-Auto,Diesel,2017.0,12501.0,145.0,,2.1,61.0,3.0,20999
1939,Mercedes, A Class,Manual,Diesel,2016.0,52178.0,30.0,65.7,2.1,97.0,4.0,11900
-12,BM, 4 Series,Automatic,Diesel,2019.0,7102.0,145.0,58.9,2.0,71.0,3.0,27940
2862,Ford, Fiesta,Manual,Petrol,2013.0,27413.0,0.0,65.7,1.0,55.0,4.0,7361
3383,Mercedes, C Class,Automatic,Diesel,2016.0,,30.0,64.2,2.1,34.0,4.0,19400
513,BMW, X7,Semi-Auto,Diesel,2019.0,1657.0,145.0,31.4,3.0,37.0,2.0,73990
81,Ford, Focus,Manual,Petrol,2018.0,10306.0,145.0,58.9,1.0,42.0,0.0,14998
-578,BMW, 4 Series,automatic,Diesel,2016.0,89200.0,30.0,65.7,2.0,,2.0,14000
1308,Mercedes, E Class,Semi-Auto,Diesel,2015.0,17167.0,145.0,54.3,3.0,37.0,2.0,19498
-209,BMW, 4 Series,SEMI-AUTO,Diesel,2015.0,,125.0,58.9,2.0,96.0,1.0,16991
914,VW, Passat,Automatic,Diesel,2019.0,8455.0,145.0,,2.0,40.0,1.0,24000
-420,Opel, Mokka X,manual,Petrol,2019.0,16998.0,145.0,39.2,1.4,82.0,4.0,12499
3986,Opel, Corsa,Manual,Petrol,2015.0,44797.0,30.0,55.4,1.4,76.0,2.0,6998
2198,BMW, 3 Series,Semi-Auto,Diesel,2019.0,5600.0,145.0,52.3,2.0,33.0,4.0,27990
774,,,Automatic,Diesel,2019.0,3986.0,145.0,47.1,2.0,98.0,2.0,36990
329,VW, Polo,Manual,Petrol,2019.0,9367.0,145.0,52.3,1.0,96.0,1.0,13490
2054,Ford, Fiesta,Manual,Petrol,2017.0,41069.0,0.0,65.7,1.0,48.0,4.0,8499
2001,Ford, S-MAX,Manual,Diesel,2015.0,53855.0,125.0,56.5,2.0,94.0,4.0,13979
943,Opel, Viva,Manual,Petrol,2018.0,9121.0,,46.3,1.0,79.0,1.0,7995
822,Toyota, GT86,Manual,Petrol,2019.0,995.0,145.0,33.2,2.0,94.0,3.0,23995
-168,W, Sharan,Semi-Auto,Diesel,2017.0,47445.0,150.0,54.3,2.0,78.0,2.0,16391
909,Opel, Grandland X,Manual,Diesel,2019.0,18958.0,,,1.5,98.0,3.0,17871
2516,Skoda, Superb,Manual,Diesel,2019.0,41800.0,145.0,65.7,2.0,47.0,2.0,13980
181,Opel, Corsa,Manual,Petrol,2014.0,44301.0,125.0,51.4,1.4,75.0,0.0,5099
164,Ford,ka+,Manual,Petrol,2019.0,400.0,145.0,43.5,1.2,51.0,0.0,10995
1523,Ford, fiesta,Manual,Petrol,2015.0,33529.0,0.0,65.7,1.0,82.0,1.0,8800
451,Audi, A3,Automatic,Petrol,2019.0,13573.0,150.0,41.5,1.5,39.0,1.0,23500
2538,, Golf,Semi-Auto,Petrol,2019.0,4086.0,145.0,32.8,2.0,57.0,1.0,28799
3484,VW, Polo,Automatic,Petrol,2017.0,20597.0,145.0,60.1,1.2,74.0,2.0,11750
-394,Ford, Focus,Manual,Petrol,2019.0,-42650.45371874818,,,1.0,,3.0,14560
1311,VW, Up,Manual,Petrol,2016.0,13806.0,20.0,,1.0,92.0,4.0,7690
3985,Mercedes, e class,Automatic,Petrol,2019.0,7322.0,145.0,33.7,2.0,66.0,3.0,35660
1111,Opel, Mokka X,Semi-Auto,Petrol,2018.0,14292.0,145.0,37.2,1.4,84.0,0.0,13798
-185,pel, Mokka X,Manual,Petrol,2018.0,19458.0,145.0,47.1,1.4,44.0,4.0,12891
1287,Hyundai, IX20,Manual,Diesel,2014.0,37666.0,30.0,64.2,1.6,74.0,1.0,6190
3778,Opel, Corsa,Manual,Petrol,2013.0,18273.0,125.0,51.4,1.4,87.0,1.0,5590
3867,BMW, 2 Series,Manual,Petrol,2016.0,26089.0,30.0,55.4,1.5,47.0,0.0,11976
3587,VW, Polo,Manual,Petrol,2015.0,24857.0,20.0,60.1,1.2,30.0,1.0,8995
3300,BMW, M3,Semi-Auto,Petrol,2017.0,14894.0,300.0,,3.0,32.0,,38000
3310,BMW, 2 Serie,Semi-Auto,Diesel,2017.0,14500.0,20.0,68.9,2.0,57.0,3.0,14200
-194,Ford, Focus,Manual,Petrol,,20102.0,-45.78061048970173,,1.0,48.0,0.0,9995
3125,Skoda, Fabia,Manual,Petrol,2019.0,12300.0,145.0,57.7,1.0,95.0,3.0,9999
327,VW, Golf,Semi-Auto,Diesel,2019.0,9038.0,145.0,52.3,2.0,,1.0,19478
1790,VW, T-Cros,Manual,Petrol,2019.0,10740.0,145.0,47.9,1.0,79.0,0.0,17704
2490,Toyota, Yaris,Manual,Petrol,2017.0,32498.0,,58.9,1.5,97.0,2.0,8975
2006,Ford, Fiesta,Manual,Petrol,2017.0,22704.0,145.0,64.2,1.1,32.0,2.0,9795
2007,VW, Polo,Manual,Petrol,2019.0,11687.0,145.0,48.7,1.0,66.0,2.0,11425
1858,Mercedes, B Class,Automatic,Diesel,2019.0,11162.0,145.0,53.3,2.0,75.0,3.0,27890
-315,Ford, Focus,anual,Petrol,2018.0,8348.0,,,1.0,79.0,3.0,16990
312,Ford, Kuga,Manual,Diesel,2017.0,35417.0,125.0,60.1,2.0,96.0,3.0,13491
832,Toyota, Auris,Automatic,Hybrid,2015.0,31745.0,0.0,,1.8,45.0,4.0,13600
3079,Audi, A4,Automatic,Petrol,2019.0,6000.0,145.0,40.9,2.0,35.0,2.0,30500
1201,Audi, A7,Semi-Auto,,2017.0,,145.0,52.3,3.0,50.0,0.0,24500
3973,Audi,,Automatic,Petrol,2019.0,2801.0,,47.1,1.0,52.0,1.0,20766
3380,VW, Polo,Manual,Petrol,2015.0,19583.0,20.0,60.1,1.0,88.0,4.0,8432
2134,Skoda, Yeti,Semi-Auto,Petrol,2016.0,5002.0,125.0,51.4,1.2,42.0,1.0,12370
2209,VW, Golf,Manual,Petrol,2018.0,10050.0,145.0,45.6,1.5,53.0,3.0,17896
3983,Audi, q5,Semi-Auto,Diesel,2019.0,9280.0,150.0,38.2,2.0,56.0,2.0,35500
1481,Opel,,Manual,Petrol,2019.0,15009.0,,47.1,1.2,87.0,2.0,10798
777,Ford, Fiesta,Manual,,2018.0,26915.0,145.0,58.9,1.5,96.0,1.0,11060
799,BMW, 5 Series,Semi-Auto,Diesel,2018.0,29482.0,,53.3,3.0,37.0,0.0,27980
54,Ford, Grand C-MAX,Manual,Petrol,2016.0,59478.0,30.0,54.3,,31.0,3.0,9351
2972,Audi, A4,Semi-Auto,Diesel,2016.0,27800.0,125.0,58.9,3.0,49.0,3.0,20950
3335,BMW, 1 Series,Semi-Auto,,2019.0,7500.0,145.0,34.5,2.0,,1.0,30123
1920,Mercedes, GLC Class,Automatic,Petrol,2019.0,5500.0,145.0,,4.0,39.0,1.0,67980
-279,Hyundai, Tucson,Manua,Petrol,2019.0,11133.0,145.0,92.11045520662186,1.6,89.0,1.0,15995
3708,Opel, Mokka X,Manual,Petrol,2019.0,5.0,145.0,,1.4,99.0,1.0,14999
1701,Ford, Fiesta,Manual,Petrol,2018.0,32185.0,,65.7,1.0,30.0,4.0,11320
3293,VW, T-Cross,Manual,Petrol,2019.0,5238.0,145.0,48.7,1.0,85.0,3.0,16750
2161,Mercedes, GLA Class,Semi-Auto,Diesel,2017.0,20969.0,145.0,56.5,2.1,79.0,0.0,19890
1136,Mercedes, C Class,Semi-Auto,Petrol,2016.0,14704.0,150.0,49.6,2.0,50.0,,20990
987,Mercedes, GLA Class,Manual,Petrol,2019.0,20854.0,145.0,40.9,1.6,56.0,2.0,17600
-61,ord, C-MAX,Manual,petrol,2017.0,16176.0,30.0,55.4,1.0,42.0,3.0,10499
3705,Toyota, Auris,Manual,Petrol,2013.0,41959.0,145.0,47.9,1.6,69.0,2.0,6622
3057,Ford, Fiesta,Manual,Petrol,2017.0,13998.0,,65.7,1.0,,3.0,9849
3246,BMW, X5,Automatic,Diesel,2017.0,39593.0,200.0,47.1,3.0,38.0,2.0,32990
1394,Hyundai, I10,Manual,Petrol,2018.0,8878.0,145.0,60.1,1.0,95.0,2.0,8095
2637,Audi, A,Manual,Petrol,2017.0,27937.0,30.0,,1.4,56.0,3.0,13991
768,Audi, A3,Semi-Auto,Hybrid,2015.0,48954.0,0.0,176.6,1.4,57.0,2.0,16000
-331,Opel, Mokka X,Manual,Diesel,2017.0,16383.0,30.0,65.7,1.6,61.0,6.233082169469183,11348
3090,Ford, Ka+,Manual,Petrol,2019.0,255.0,145.0,47.9,1.2,38.0,4.0,12000
3215,VW, Passat,Manual,Diesel,2019.0,16482.0,145.0,53.3,2.0,56.0,2.0,14990
285,Ford, Fiesta,Manual,Petrol,2019.0,6164.0,145.0,58.9,1.0,91.0,0.0,15299
-541,VW, Sharan,Automatic,Diese,2016.0,30000.0,145.0,54.3,2.0,56.0,2.0,16990
428,VW, Arteon,Manual,Diesel,2019.0,40.0,150.0,52.3,2.0,70.0,3.0,27498
-448,Audi, A3,semi-auto,Petrol,2018.0,23860.0,145.0,60.1,1.0,34.0,0.0,16985
2332,VW, Polo,Manual,Petrol,2018.0,14641.0,145.0,60.1,1.2,35.0,4.0,10995
2717,BMW, 1 series,Manual,Diesel,2019.0,999.0,,72.4,1.5,64.0,1.0,19888
2079,VW, Polo,Semi-Auto,Petrol,2016.0,19000.0,,60.1,1.2,64.0,2.0,12500
3389,Skoda, Karoq,Manual,Petrol,2018.0,14667.0,145.0,53.3,1.0,87.0,,16490
722,Audi, A4,Semi-Auto,Petrol,2019.0,5987.0,145.0,38.2,2.0,57.0,2.0,25990
951,Audi, Q2,Automatic,Petrol,2019.0,6000.0,145.0,42.2,1.5,48.0,4.0,24444
3928,Mercedes,,Automatic,Diesel,2013.0,42742.0,125.0,57.7,2.1,43.0,1.0,13300
2262,Opel, Insignia,Manual,Diesel,2015.0,102000.0,0.0,74.3,1.6,94.0,4.0,5792
989,Mercedes, C Class,Semi-Auto,Diesel,2019.0,13.0,,64.2,2.0,72.0,2.0,31000
3212,Toyota, Yaris,Manual,Petrol,2017.0,19680.0,145.0,58.9,1.5,34.0,2.0,8998
1759,Opel, Corsa,Manual,Petrol,2019.0,7900.0,145.0,43.5,1.4,83.0,0.0,9499
3485,VW, Golf,Semi-Auto,Petrol,2019.0,4019.0,145.0,37.7,2.0,71.0,1.0,26202
326,Mercedes, CL Class,Manual,Petrol,2015.0,15557.0,125.0,50.4,1.6,63.0,3.0,17498
2608,Mercedes, A Class,Manual,Diesel,2017.0,12279.0,20.0,68.9,1.5,58.0,1.0,15999
1383,Opel, Insignia,Manual,Diesel,2019.0,5559.0,,51.4,2.0,39.0,3.0,19250
1724,Opel, Mokka X,Manual,Diesel,2019.0,15000.0,145.0,50.4,1.6,86.0,2.0,15900
1086,Ford, Fiesta,Manual,Petrol,2018.0,16110.0,145.0,55.4,1.1,32.0,1.0,9695
2523,BMW, X3,Automatic,Diesel,2017.0,17504.0,145.0,54.3,2.0,96.0,4.0,19450
341,Opel, Corsa,Manual,Petrol,2019.0,12969.0,,43.5,1.4,67.0,3.0,10000
147,VW, Touran,Manual,Diesel,2019.0,30.0,145.0,61.4,2.0,63.0,3.0,26298
-14,hyundai,I30,Manual,Petrol,2018.0,-36635.04269690733,150.0,57.7,1.0,61.0,2.0,10349
1107,Mercedes, CL Class,Automatic,Petrol,,48387.0,200.0,42.8,2.0,79.0,2.0,19024
848,Skoda, rapid,Semi-Auto,Petrol,2016.0,49000.0,30.0,58.9,1.4,85.0,4.0,7790
966,Opel, Grandland X,Automatic,Diesel,2018.0,15885.0,,65.7,1.6,30.0,1.0,14295
-356,Audi, A3,Manual,iesel,2014.0,48030.0,0.0,74.3,1.6,67.0,2.0,12239
1492,Opel, Corsa,Manual,Petrol,2019.0,4811.0,145.0,43.5,1.4,74.0,4.0,8630
2203,Audi, A5,Semi-Auto,Diesel,2020.0,1959.0,145.0,51.4,2.0,58.0,4.0,30299
3812,Audi, Q7,Semi-Auto,Diesel,2020.0,,145.0,33.2,3.0,72.0,3.0,62990
661,BMW, 1 Series,Manual,Diesel,2013.0,73919.0,30.0,65.7,2.0,76.0,3.0,7131
1002,Ford, Fiesta,Manual,Diesel,2017.0,19059.0,145.0,88.3,1.5,45.0,4.0,10399
-19,Ford, Focus,Manual,Diesel,2018.0,-42650.45371874818,150.0,67.3,2.0,83.0,1.0,18998
284,Opel, Vivaro,Manual,Diesel,2018.0,13585.0,145.0,50.4,1.6,86.0,1.0,19998
-23,Mercedes, C Class,Automati,Diesel,2016.0,70000.0,,,2.1,44.0,1.0,16450
-335,Aud, A3,Semi-Auto,Petrol,2010.37154645612,9101.0,145.0,44.1,2.0,87.0,2.0,27292
1879,Mercedes, A Class,Automatic,Diesel,2018.0,27590.0,145.0,,1.5,42.0,3.0,16990
-468,Ford, Fiesta,Manual,PETROL,2017.0,25000.0,150.0,65.7,1.0,58.0,2.0,9890
1203,Skoda, Kamiq,Semi-Auto,Diesel,2019.0,563.0,145.0,52.3,1.6,79.0,1.0,21990
1990,Toyota, Yaris,Automatic,Hybrid,,49682.0,0.0,78.0,1.5,75.0,2.0,11495
24,BMW, X1,Semi-Auto,Petrol,2019.0,6744.0,150.0,39.2,2.0,3.140370457788869,0.0,26980
-465,ercedes, C Class,Semi-Auto,Diesel,2015.0,38671.0,,,2.1,44.0,2.0,14998
3478,VW, Gol,Semi-Auto,Diesel,2019.0,15773.0,145.0,54.3,1.6,74.0,4.0,15995
3585,Toyota, Yaris,Manual,Petrol,2019.0,6903.0,145.0,47.9,1.5,90.0,4.0,11811
3953,VW, Polo,Manual,Petrol,2017.0,6741.0,150.0,58.9,1.0,77.0,4.0,11290
875,Hyundai, Tucson,Manual,Diesel,2017.0,9146.0,150.0,61.7,1.7,32.0,0.0,14498
-368,mercedes, B Class,Automatic,Diese,2019.0,10101.0,145.0,60.1,1.5,42.0,2.0,22749
938,Opel, Zafira,Automatic,Petrol,2016.0,22085.0,200.0,40.9,1.4,68.0,4.0,11611
2687,Opel, Astra,Manual,Diesel,2019.0,8000.0,145.0,85.6,1.6,46.0,1.0,16999
2394,Ford, Fiesta,Manual,Petrol,2018.0,11377.0,145.0,64.2,1.1,64.0,2.0,10000
-205,AUDI, A5,Semi-Auto,Diesel,2020.0,4951.0,145.0,51.4,2.0,30.0,0.0,27495
-582,Toyota, Yaris,Manual,Petrol,2010.2686347275303,25.0,-91.12163047754362,47.9,1.5,37.0,3.0,12990
3511,Toyota, Verso,Manual,Petrol,2016.0,9000.0,200.0,41.5,1.6,48.0,1.0,11495
385,Ford, Mondeo,Manual,Diesel,2013.0,43441.0,125.0,57.7,2.0,64.0,4.0,6399
3942,Opel, Crossland X,Manual,Diesel,2018.0,9730.0,145.0,,1.6,96.0,4.0,11500
-207,pel, INSIGNIA,Automatic,Diesel,2018.0,39201.0,145.0,55.4,1.6,94.0,3.0,11990
3780,VW, Golf,Semi-Auto,,2019.0,1302.0,145.0,52.3,2.0,84.0,4.0,20980
2291,Mercedes, C Class,Automatic,Diesel,2017.0,37000.0,30.0,64.2,,82.0,4.0,17990
-125,Ford, Fiesta,manual,Diesel,2017.0,63998.0,0.0,78.5,1.5,68.0,2.0,6760
936,Hyundai, I30,Semi-Auto,Petrol,2020.0,2083.0,145.0,,1.4,43.0,1.0,19890
-275,mercedes, C Class,SEMI-AUTO,Diesel,2016.0,35459.0,,,2.1,45.0,2.0,16499
2360,Opel, Astra,Manual,Petrol,2016.0,15137.0,125.0,51.4,1.4,80.0,2.0,8760
201,Toyota, YARIS,Automatic,Hybrid,2017.0,23802.0,0.0,86.0,1.5,74.0,4.0,10995
3208,Hyundai, Kona,Manual,Petrol,2018.0,8906.0,145.0,,1.0,90.0,4.0,13499
1332,Opel, Astra,Manual,Petrol,2013.0,43484.0,125.0,51.4,1.4,67.0,1.0,5498
3016,VW, Tiguan,Semi-Auto,Petrol,2017.0,15484.0,145.0,38.2,2.0,1.7694736373257314,3.0,25999
2708,VW, Polo,Semi-Auto,Petrol,2018.0,22923.0,145.0,47.9,2.0,69.0,1.0,16999
1934,Skoda, Rapid,Manual,Diesel,2017.0,32657.0,0.0,,1.6,43.0,3.0,8485
935,Audi, A4,Manual,Diesel,2017.0,72816.0,0.0,74.3,2.0,84.0,1.0,12898
2418,Ford, Fiesta,,Petrol,2017.0,11200.0,0.0,,1.0,33.0,0.0,9995
566,Hyundai, i30,Manual,Petrol,2019.0,2342.0,145.0,41.5,1.4,68.0,0.0,15750
1854,Hyundai, I40,Manual,Diesel,2019.0,10.0,145.0,52.3,1.6,93.0,2.0,16500
-308,Ford, Kuga, Manual ,Diesel,2017.0,82584.13442011928,125.0,,2.0,43.0,1.0,16798
2872,, Q3,Semi-Auto,Petrol,2017.0,10255.0,145.0,40.4,2.0,74.0,1.0,25444
3030,Opel,,Manual,Diesel,2019.0,3251.0,145.0,60.1,1.5,99.0,0.0,15299
1205,Opel, Corsa,Manual,Petrol,2016.0,33592.0,30.0,55.4,1.4,86.0,3.0,6199
2467,Ford, Kuga,Manual,Diesel,2017.0,28073.0,145.0,60.1,2.0,87.0,4.0,17000
1645,Mercedes, A Class,Semi-Auto,Petrol,2020.0,1000.0,145.0,53.3,1.3,55.0,4.0,25879
3417,VW, Golf,Manual,Diesel,2020.0,2500.0,145.0,57.7,1.6,79.0,4.0,19990
3476,Ford, Fiesta,Manual,Petrol,2018.0,18447.0,299.473503908807,65.7,1.0,56.0,3.0,11110
3659,BMW, 4 Series,Manual,Petrol,2018.0,17024.0,145.0,,2.0,78.0,,18280
2861,Ford, Grand C-MAX,Automatic,Diesel,2016.0,19525.0,299.473503908807,56.5,2.0,49.0,4.0,13499
1792,VW, Golf,Semi-Auto,Petrol,2019.0,6218.0,145.0,45.6,1.0,81.0,0.0,15298
1430,Ford, Fiesta,Manual,Petrol,2018.0,24813.0,145.0,56.5,1.0,56.0,4.0,11000
2826,Opel,,Manual,Diesel,2017.0,34875.0,20.0,68.9,1.6,72.0,1.0,10990
3368,BMW,1 Series,Manual,Diesel,2016.0,71603.0,20.0,70.6,1.5,94.0,1.0,9990
3367,Skoda, Yeti Outdoor,Manual,Diesel,2016.0,19212.0,30.0,62.8,2.0,58.0,0.0,11498
3100,VW, Polo,Manual,Petrol,2018.0,4702.0,145.0,64.2,1.0,77.0,4.0,12990
3981,Skoda, Rapid,Manual,Petrol,2016.0,14474.0,20.0,57.7,1.2,96.0,0.0,8295
1013,Mercedes, A Class,Semi-Auto,Diesel,2018.0,14909.0,145.0,65.7,1.5,53.0,1.0,16980
1928,, Superb,Semi-Auto,Petrol,2019.0,14502.0,,36.7,1.5,34.0,1.0,18900
3449,Toyota, yaris,Manual,Petrol,2019.0,4416.0,145.0,47.9,1.5,89.0,3.0,11990
3862,Opel, Ada,Manual,Petrol,2018.0,27704.0,145.0,53.3,1.2,66.0,3.0,8799
3056,Mercedes, GLA Class,Semi-Auto,Diesel,2017.0,29057.0,,67.3,2.1,,2.0,17990
3916,VW, Tiguan,Manual,Diesel,2017.0,21451.0,145.0,58.9,2.0,62.0,0.0,22494
126,Opel, Adam,Manual,Petrol,2016.0,29229.0,30.0,57.6,1.0,53.0,3.0,8495
3610,Mercedes, GLA Class,Semi-Auto,Diesel,2018.0,11370.0,145.0,56.5,2.1,90.0,3.0,20799
2935,BMW, 3 Series,Automatic,Diesel,2017.0,28140.0,160.0,51.4,3.0,71.0,3.0,19600
3204,Ford, Fiesta,Manual,Petrol,2014.0,18358.0,0.0,65.7,,67.0,3.0,8495
1347,Toyota, C-HR,Automatic,Hybrid,2018.0,28414.0,135.0,74.3,1.8,80.0,3.0,17498
3055,VW, Polo,Manual,Petrol,2017.0,28994.0,20.0,60.1,1.0,98.0,0.0,9495
355,Audi, A3,Manual,Petrol,2018.0,15215.0,150.0,55.4,1.5,52.0,3.0,19990
-288,Hyundai, I30,Manual,Petrol,2018.0,12933.0,294.8434093252618,57.7,1.0,125.18872875992906,2.0,8825
2730,, Crossland X,Manual,Petrol,2017.0,31222.0,150.0,58.9,1.2,71.0,1.0,9798
827,Toyota, Aygo,Manual,Petrol,,12844.0,145.0,68.9,1.0,41.0,1.0,7490
1639,Ford, Fiesta,Manual,Petrol,2018.0,11097.0,145.0,62.8,1.0,84.0,0.0,13295
3040,Ford, B-MAX,Manual,Diesel,2017.0,15999.0,0.0,74.4,1.5,66.0,1.0,8990
984,Ford, Fiesta,Manual,Petrol,2018.0,26629.0,145.0,56.5,1.0,43.0,0.0,10060
3281,Toyota, Aygo,Semi-Auto,Petrol,2016.0,15999.0,0.0,67.0,1.0,90.0,2.0,7440
-573,ford, Focus,Manual,Petrol,2017.0,17000.0,,,2.0,38.0,4.0,18200
2188,Skoda, Superb,Automatic,Diesel,2019.0,2022.0,145.0,47.1,2.0,,3.0,28490
-247,Opel, Combo Life,Manual,petrol,2019.0,9000.0,145.0,42.2,1.2,61.0,3.0,15760
2443,VW, Polo,Manual,Petrol,2017.0,18686.0,,60.1,1.2,54.0,4.0,10692
362,VW, T-Cross,Manual,Petrol,2019.0,3596.0,145.0,47.9,1.0,72.0,3.0,17295
2349,BMW, X4,Manual,Diesel,2015.0,39824.0,,52.3,2.0,82.0,,19500
345,Mercedes, E Clas,Semi-Auto,Diesel,2019.0,15426.0,145.0,100.9989430231214,2.0,39.0,4.0,25780
3551,Hyundai, Tucson,Manual,Diesel,2017.0,15804.0,30.0,61.7,1.7,63.0,0.0,14798
-243,Skoda, Octavia,Semi-Auto,Diese,2017.0,17704.0,30.0,64.2,2.0,88.0,1.0,13490
711,VW, Tiguan,Semi-Auto,Diesel,2016.0,46087.0,160.0,49.6,2.0,94.0,2.0,21490
3205,Hyundai, I30,Manual,Petrol,2015.0,20662.0,,,1.4,51.0,1.0,8498
3677,BMW, X1,Automatic,,2019.0,1100.0,145.0,60.1,2.0,56.0,1.0,25999
-411,, Focus,Manual,etrol,2018.0,11856.0,,,1.0,70.0,3.0,13231
3557,VW, Gol,Manual,Diesel,2019.0,15222.0,145.0,57.7,1.6,86.0,0.0,14650
3325,Audi, A4,Automatic,Diesel,,4983.0,145.0,48.7,2.0,39.0,3.0,27490
10,Toyota, Auris,Automatic,Hybrid,2016.0,28609.0,0.0,78.5,1.8,42.0,3.0,12500
1683,Opel, Mokka X,Manual,Petrol,2016.0,11720.0,145.0,47.1,1.4,53.0,2.0,10881
2116,Skoda, fabia,Semi-Auto,Petrol,2017.0,18865.0,145.0,60.1,1.2,61.0,1.0,11990
-361,Ford, Focus,unknown,Diesel,2018.0,8000.0,145.0,74.3,1.5,54.0,1.0,15999
1834,BMW, 3 Series,Semi-Auto,Petrol,2018.0,19620.0,145.0,48.7,2.0,97.0,,20498
793,Mercedes, B Class,Automatic,,2019.0,12819.0,145.0,45.6,1.3,64.0,1.0,20900
3363,Opel, Mokka X,Manual,Petrol,2019.0,9495.0,145.0,39.2,1.4,37.0,0.0,14500
-549,Ford, Focus,Manual,DIESEL,2019.0,10812.0,,,1.5,99.0,2.0,14698
2802,Opel, Astra,Manual,Petrol,2015.0,61779.0,,48.7,1.4,44.0,2.0,5991
2674,Toyota, Yaris,Manual,Petrol,2013.0,76920.0,125.0,58.9,1.3,93.0,2.0,4698
94,Mercedes, GLC Class,Automatic,Diesel,2015.0,37322.0,125.0,56.5,2.1,50.0,0.0,23472
3566,Skoda, Octavia,Manual,Petrol,2016.0,,30.0,,1.4,59.0,3.0,9377
129,Opel, Astra,Automatic,Petrol,2016.0,39954.0,120.0,51.4,1.4,99.0,4.0,10100
2891,Opel, Astra,Manual,Petrol,2015.0,41585.0,,51.4,1.4,54.0,4.0,7399
2371,Mercedes, A Class,,Petrol,2020.0,1499.0,,,1.3,85.0,4.0,27990
3978,Toyota, C-HR,Automatic,Hybrid,2017.0,11499.0,135.0,74.3,1.8,85.0,2.0,21995
3783,Opel, Mokka X,Manual,Petrol,2017.0,17000.0,145.0,47.1,1.4,32.0,4.0,10990
3332,Toyota, Yaris,Automatic,,2018.0,10142.0,140.0,76.3,1.5,54.0,4.0,13900
3228,Opel, Insignia,Manual,Diesel,2015.0,73667.0,290.4867850792564,62.8,2.0,76.0,,7200
-526,Mercedes, GL Class,semi-auto,Diesel,2016.0,29810.0,325.0,36.2,3.0,33.0,3.0,33037
2995,VW, Tiguan,Semi-Auto,Diesel,2017.0,25318.0,160.0,49.6,2.0,86.0,1.0,22990
2263,Toyota, RAV4,Automatic,Hybrid,2019.0,9000.0,140.0,49.6,2.5,88.0,4.0,32995
1900,Ford, Fiesta,Manual,Petrol,2020.0,4000.0,145.0,55.4,1.1,46.0,3.0,12995
3768,Toyota, RAV4,,Hybrid,2017.0,28486.0,,55.4,0.1628659545028228,61.0,0.0,22995
814,Opel, Corsa,Manual,Petrol,2019.0,10.0,145.0,43.5,1.4,31.0,2.0,10494
3230,BMW, 3 Series,Automatic,Hybrid,2016.0,22317.0,,134.5,2.0,77.0,2.0,19399
1932,Audi, A4,Manual,Diesel,2016.0,83020.0,30.0,64.2,2.0,71.0,4.0,13995
3797,BMW, 3 Series,Semi-Auto,Diesel,2019.0,13957.0,150.0,52.3,2.0,56.0,3.0,24998
3694,Audi, A5,Automatic,Petrol,2019.0,2913.0,145.0,39.8,2.0,90.0,3.0,28450
2912,Mercedes, C Class,Semi-Auto,Petrol,2019.0,2000.0,145.0,44.1,1.5,79.0,3.0,24389
1865,Audi, A4,Manual,Petrol,2018.0,14017.0,150.0,51.4,1.4,81.0,3.0,17300
1658,Skoda, Scala,Semi-Auto,Petrol,2019.0,2742.0,145.0,45.6,1.5,81.0,1.0,17495
516,Mercedes, GLC Class,Automatic,Diesel,2017.0,26968.0,125.0,56.5,2.1,92.0,4.0,24500
1857,BMW, X4,Semi-Auto,Diesel,2019.0,4231.0,,42.8,2.0,54.0,2.0,33998
2645,Mercedes, CLA Class,Manual,Petrol,2017.0,22171.0,145.0,51.4,1.6,32.0,2.0,15600
2243,Ford, Fiesta,Manual,Petrol,2019.0,5166.0,145.0,58.9,1.0,49.0,0.0,13120
1277,Ford, Ka+,Manual,Petrol,2019.0,4413.0,150.0,47.9,1.2,68.0,2.0,9800
2336,Toyota, Aygo,Manual,Petrol,2017.0,20741.0,0.0,69.0,1.0,91.0,0.0,6191
950,Ford, Fiesta,Manual,Petrol,2018.0,19277.0,145.0,56.5,1.0,35.0,4.0,10991
3482,VW, Polo,Semi-Auto,Petrol,2019.0,2225.0,,46.3,1.0,49.0,3.0,19849
-529,Ford, Focus,Manual,DIESEL,2018.0,6000.0,145.0,80.7,1.5,67.0,3.0,15995
3068,Opel, Astra,Manual,Petrol,2018.0,14400.0,145.0,45.6,1.6,70.0,1.0,12295
1120,Ford, Ka+,Manual,Petrol,2018.0,,145.0,47.9,1.2,95.0,1.0,8616
-100,Opel, Mokka X,Semi-Auto,Petrol,2017.0,11917.0,165.0,43.5,1.4,35.0,6.233082169469183,12990
2597,VW, Polo,Manual,Petrol,2016.0,18587.0,20.0,60.1,1.2,47.0,4.0,10222
2204,Ford, Fiesta,Manual,Petrol,,10307.0,0.0,65.7,1.0,77.0,2.0,11211
419,Opel, Insignia,Manual,Diesel,2018.0,14250.0,145.0,65.7,1.6,89.0,1.0,12995
922,VW, Golf,,Diesel,2016.0,33500.0,20.0,68.9,2.0,45.0,1.0,13995
3785,BMW, 3 Series,,,2019.0,4400.0,145.0,52.3,2.0,91.0,2.0,31630
477,BMW, 3 Series,Manual,Petrol,2007.0,130000.0,200.0,44.8,2.0,41.0,1.0,3495
2035,Audi, Q5,Semi-Auto,Petrol,,16022.0,,34.0,3.0,52.0,4.0,37990
-226,toyota, Auris,Manual,Petrol,2015.0,12896.0,125.0,51.4,1.3,62.0,0.0,8998
1692,Ford, Focus,Manual,Petrol,2017.0,51378.0,145.0,,1.0,37.0,0.0,8000
3954,BMW, X3,Semi-Auto,Diesel,2013.0,47111.0,160.0,50.4,2.0,54.0,0.0,14000
3794,Ford, Fiesta,Manual,Diesel,2016.0,27580.0,0.0,78.5,1.5,65.0,4.0,9795
3571,VW, Scirocco,Manual,Diesel,2017.0,15063.0,145.0,55.4,2.0,74.0,4.0,15190
1471,Audi, a3,Manual,Diesel,2014.0,81000.0,0.0,74.3,1.6,45.0,3.0,7499
2601,Mercedes, A Class,Automatic,Diesel,2017.0,40381.0,20.0,74.3,1.5,52.0,3.0,16499
1202,Ford, Fiesta,Manual,Petrol,2018.0,28297.0,145.0,62.8,1.0,31.0,0.0,10799
2438,Ford, Fiesta,Manual,Petrol,2017.0,29491.0,150.0,65.7,1.0,95.0,1.0,8291
2626,VW, Golf,Manual,Petrol,2019.0,12392.0,145.0,49.6,1.0,32.0,2.0,12289
1669,Hyundai, Tucson,Manual,Diesel,2017.0,25661.0,30.0,61.7,1.7,66.0,3.0,12298
-434,Ford, Fiesta,MANUAL,Petrol,2019.0,1720.0,145.0,58.9,1.0,80.0,0.0,12290
1970,Audi, A4,Semi-Auto,Diesel,2019.0,5484.0,145.0,44.1,2.0,66.0,4.0,38950
3110,Toyota, Yari,Automatic,Hybrid,2015.0,29852.0,0.0,78.0,1.5,80.0,2.0,10490
2151,Mercedes, C Class,Semi-Auto,Diesel,2019.0,2200.0,145.0,57.7,2.0,87.0,1.0,33699
820,VW, Golf,Semi-Auto,Petrol,2014.0,17200.0,30.0,56.5,1.4,85.0,3.0,11250
1997,Opel, Astra,Manual,Petrol,2017.0,24661.0,,47.1,1.4,85.0,2.0,9998
-502,Ford, Fiesta,Manual,Petro,2018.0,14338.0,150.0,62.8,1.0,89.0,3.0,11200
3054,Ford, Kuga,Manual,Petrol,,12162.0,145.0,39.2,1.5,94.0,0.0,17998
1248,VW, Golf,Manual,Petrol,2017.0,30201.0,,47.1,2.0,66.0,1.0,16998
3779,VW, Polo,Manual,Petrol,2016.0,27408.0,20.0,60.1,1.2,47.0,1.0,9750
2712,Audi, a3,Manual,Petrol,2018.0,17789.0,145.0,54.3,1.5,57.0,1.0,19995
992,Toyota, AYGO,Manual,Petrol,2017.0,26114.0,150.0,69.0,1.0,68.0,3.0,6995
2190,VW, Sharan,Semi-Auto,Diesel,2019.0,21.0,150.0,41.5,2.0,37.0,4.0,24990
-296,BMW, 1 Series,Semi-Aut,Petrol,2017.0,17774.0,200.0,,3.0,30.0,0.0,20990
1046,VW, Tiguan,Semi-Auto,Petrol,2019.0,12581.0,145.0,31.0,,39.0,4.0,28799
1888,Opel, Mokka X,Manual,Diesel,2017.0,24306.0,145.0,60.1,2.0641186347051645,90.0,,12799
2469,BMW, 4 Series,Semi-Auto,Diesel,2019.0,6903.0,145.0,49.6,3.0,64.0,2.0,30804
2847,VW, Tiguan,Manual,Diesel,2020.0,145.0,145.0,42.8,2.0,74.0,3.0,33860
3597,Opel,Corsa,Manual,Petrol,2014.0,42196.0,125.0,54.3,1.4,55.0,2.0,6000
615,BMW, X5,Automatic,Diesel,2017.0,10.0,145.0,47.1,3.0,41.0,4.0,55990
1318,BMW, 3 Series,Automatic,Diesel,2019.0,9850.0,145.0,52.3,2.0,79.0,0.0,31990
1863,Toyota, Aygo,Manual,Petrol,2018.0,9895.0,145.0,68.9,1.0,59.0,3.0,8595
2343,Opel, Corsa,Manual,Petrol,2019.0,4704.0,150.0,43.5,1.4,94.0,4.0,10498
2449,VW, Caravelle,Semi-Auto,Diesel,2019.0,8751.0,150.0,32.8,2.0,71.0,,44494
2136,Hyundai, Tucson,Manual,Petrol,2019.0,8.0,145.0,34.9,1.6,88.0,3.0,18495
1065,Mercedes, C Class,Semi-Auto,,2017.0,16323.0,145.0,61.4,2.1,73.0,0.0,18896
1772,Mercedes, C Class,Automatic,Diesel,2018.0,7140.0,145.0,54.3,2.0,61.0,3.0,28750
-563,VW, Passat,Manual,Diese,2015.0,43582.0,20.0,70.6,1.6,36.0,4.0,9200
131,Hyundai, I30,Manual,Petrol,2019.0,1000.0,,34.0,2.0,32.0,2.0,26970
3707,Mercedes, CLS Class,Semi-Auto,Diesel,2015.0,40912.0,125.0,57.7,2.1,51.0,3.0,19298
3481,Opel, Crossland X,Manual,Petrol,2020.0,628.0,145.0,47.1,1.2,31.0,1.0,17490
77,Opel, Mokka X,Manual,Petrol,2019.0,10986.0,145.0,,1.4,43.0,1.0,14000
3450,Skoda, Fabia,Manual,Petrol,2019.0,7770.0,145.0,60.1,1.0,99.0,2.0,12998
2898,Opel, Mokka X,Manual,Petrol,2017.0,33852.0,150.0,47.1,1.4,36.0,1.0,10991
2052,Ford, Fiesta,Manual,Petrol,2018.0,15405.0,150.0,65.7,1.0,59.0,0.0,13000
-284,BMW, 2 Series,SEMI-AUTO,Diesel,2015.0,55001.0,20.0,,2.0,94.0,4.0,13521
724,Opel, Adam,Manual,Petrol,2015.0,18996.0,125.0,53.3,1.2,83.0,1.0,6979
1314,Toyota, Yaris,Manual,Petrol,2017.0,23827.0,30.0,58.0,1.3,95.0,1.0,8491
3931,Mercedes, C Class,Automatic,Diesel,2013.0,64498.0,150.0,56.5,2.1,64.0,2.0,10490
1851,VW, Tiguan,Manual,Diesel,2019.0,10.0,145.0,47.9,2.0,69.0,2.0,25498
2317,Opel, Astra,Semi-Auto,Petrol,2017.0,42000.0,145.0,51.4,1.4,83.0,2.0,11295
3945,Skoda, Superb,Automatic,Diesel,2019.0,4990.0,145.0,47.1,2.0,59.0,4.0,28000
872,BMW, 3 Series,,Hybrid,2019.0,8680.0,135.0,8.8,2.0,83.0,0.0,33999
1372,BMW, 1 Series,Manual,Petrol,2019.0,8464.0,145.0,44.1,1.5,67.0,4.0,20875
1855,BMW, 1 Series,Manual,Diesel,2017.0,40461.0,,62.8,2.0,85.0,0.0,12400
2965,Audi, A3,Manual,Petrol,2015.0,39522.0,20.0,60.1,1.4,76.0,2.0,14990
3754,Opel, Mokka X,Semi-Auto,Petrol,2017.0,26916.0,160.0,43.5,1.4,99.0,2.0,12655
1319,Mercedes, E Class,Automatic,Diesel,2016.0,36210.0,,58.9,2.1,90.0,4.0,15599
2560,Audi, RS5,Automatic,Petrol,2019.0,1000.0,145.0,29.7,2.9,73.0,2.0,63950
-506,Audi, Q3,Manual,petrol,2016.0,20871.0,150.0,49.6,1.4,75.0,2.0,18800
2635,Opel, Insigni,Manual,Diesel,2019.0,7405.0,145.0,61.4,1.6,97.0,2.0,16190
3731,Audi, A4,Semi-Auto,Petrol,2020.0,20.0,145.0,40.9,2.0,43.0,1.0,32000
3530,Ford, Fiesta,Manual,Petrol,2017.0,19043.0,0.0,65.7,1.0,60.0,2.0,8902
375,Mercedes, A Class,Semi-Auto,Diesel,2017.0,7919.0,145.0,68.9,,30.0,0.0,18298
1908,Ford, Focus,Manual,Petrol,2017.0,28543.0,125.0,,1.5,54.0,1.0,11695
333,BMW, 5 Series,Automatic,Diesel,2017.0,39728.0,125.0,60.1,2.0,64.0,3.0,16400
3870,VW, T-Roc,Manual,Petrol,2018.0,15000.0,,55.4,1.0,82.0,4.0,17999
-93,MERCEDES, A Class,Automatic,Petrol,2019.0,1550.0,145.0,35.3,2.0,43.0,2.0,33995
2365,VW, Polo,Manual,Petrol,2016.0,30996.0,20.0,58.9,1.0,44.0,2.0,9289
1604,Toyota, Yaris,Manual,Petrol,2017.0,26313.0,145.0,56.5,1.5,92.0,0.0,9664
1118,VW, Polo,Manual,Petrol,2014.0,27896.0,145.0,47.9,1.4,93.0,3.0,7290
3490,Ford, Focus,Manual,Petrol,2018.0,8968.0,145.0,60.1,1.0,94.0,4.0,12799
-517,Ford,Fiesta,manual,Diesel,2019.0,19309.0,145.0,88.3,,95.0,3.0,11990
3621,Opel, Mokka X,Manual,Petrol,2018.0,5547.0,145.0,,1.4,38.0,2.0,11800
1943,VW, Touran,Manual,Diesel,2016.0,44601.0,30.0,61.4,1.6,90.0,2.0,14790
2958,Audi, A3,Manual,Petrol,2017.0,8763.0,30.0,60.1,1.4,34.0,3.0,18698
3885,Skoda, Octavia,Manual,Petrol,2018.0,9886.0,145.0,55.4,1.5,61.0,0.0,15774
-558,Ford, Ka+,Manual,Petro,2016.0,13865.0,30.0,,1.2,54.0,4.0,7250
3906,BMW, X1,Semi-Auto,Diesel,2015.0,10258.0,30.0,,2.0,52.0,0.0,17990
2376,Ford, Fiesta,Automatic,Petrol,2011.0,29475.0,200.0,42.8,1.4,69.0,1.0,5799
-454,Ford, Fiesta,anual,Petrol,2016.0,16954.0,125.0,54.3,1.2,34.0,3.0,9500
1342,Opel, Viva,Manual,Petrol,2018.0,11876.0,,46.3,1.0,86.0,2.0,6290
320,Audi, A5,Manual,Petrol,2018.0,27601.0,145.0,48.7,2.0,99.0,4.0,23950
1619,Toyota, Yaris,Manual,Petrol,2017.0,24117.0,30.0,55.0,1.3,76.0,2.0,9995
-148,VW, CC,manual,Diesel,2014.0,81267.0,30.0,60.1,2.0,39.0,2.0,7991
2060,Opel, Astra,Manual,Petrol,2017.0,14229.0,150.0,51.4,1.4,43.0,3.0,9700
2945,Ford, Focus,Manual,Petrol,2016.0,34887.0,20.0,,1.0,98.0,1.0,8249
2219,Opel, Corsa,Manual,,2019.0,7736.0,145.0,43.5,1.4,60.0,0.0,9471
1673,Ford, Kuga,Automatic,Diesel,2019.0,23796.0,145.0,47.9,2.0,36.0,4.0,18390
1942,Audi, Q7,Automatic,Diesel,,2402.0,145.0,33.2,3.0,40.0,0.0,60950
260,Ford, Focus,Manual,Petrol,2014.0,23800.0,30.0,56.5,1.0,78.0,0.0,8500
-38,Ford, Focus, Manual ,Diesel,2016.0,52570.0,,,1.5,57.0,2.0,7897
2039,VW, Up,Manual,Petrol,2014.0,43416.0,20.0,60.1,1.0,75.0,3.0,6495
689,Ford, Focus,Manual,Diesel,2016.0,106000.0,20.0,70.6,2.0,84.0,2.0,7793
901,Audi, A6,Automatic,Diesel,,80232.0,,61.4,2.0,94.0,2.0,15799
2306,VW, Golf,Manual,Diesel,2019.0,1500.0,145.0,57.7,1.6,59.0,3.0,16750
2026,Mercedes, CL Class,Semi-Auto,Diesel,2015.0,31729.0,20.0,67.3,2.1,45.0,0.0,17042
2892,Toyota, Aygo,Manual,Petrol,2015.0,31234.0,0.0,69.0,1.0,79.0,2.0,6460
-432,Ford, Focus,MANUAL,Petrol,2018.0,18053.0,145.0,57.7,1.0,97.0,0.0,12499
138,Ford, Focus,Manual,Diesel,2007.0,78000.0,125.0,58.9,1.6,50.0,,2495
1917,Skoda, Fabia,Manual,Petrol,2018.0,18612.0,145.0,57.7,1.0,55.0,1.0,8995
1828,BMW, X5,Semi-Auto,Diesel,2019.0,4729.0,145.0,37.7,3.0,95.0,,50990
1573,Ford, mustang,Semi-Auto,Petrol,2019.0,1780.0,145.0,22.1,5.0,80.0,2.0,38000
319,Skoda, Fabia,Manual,Petrol,2019.0,6481.0,145.0,57.7,1.0,56.0,0.0,10295
653,Toyota, Aygo,Manual,Petrol,2017.0,9697.0,145.0,,1.0,77.0,0.0,6950
2137,Mercedes, A Class,Semi-Auto,Diesel,2017.0,43865.0,145.0,68.9,2.1,91.0,2.0,16250
3982,Audi, Q5,Semi-Auto,Diesel,2016.0,40787.0,200.0,45.6,3.0,87.0,0.0,21990
558,Audi, A5,Automatic,Petrol,2019.0,1500.0,145.0,39.2,2.0,76.0,4.0,30444
2187,Ford, Fiesta,Manual,Petrol,2018.0,29163.0,145.0,65.7,1.0,37.0,2.0,9650
112,Skoda, Fabia,Manual,Petrol,2016.0,21204.0,20.0,,1.2,76.0,4.0,8450
531,Skoda, Yeti Outdoor,Semi-Auto,Petrol,2016.0,16412.0,125.0,51.4,1.2,49.0,3.0,12495
224,Mercedes, GLA Class,Semi-Auto,Petrol,2020.0,266.0,145.0,,1.6,94.0,1.0,26400
723,Ford, Kuga,Semi-Auto,Diesel,2017.0,28556.0,145.0,54.3,2.0,92.0,3.0,16500
-129,VW,Tiguan,Manual,Petrol,2010.7464032037276,11944.0,145.0,46.3,1.4,56.0,0.0,18999
2883,Hyundai, I20,Manual,Petrol,2014.0,43911.0,30.0,57.6,1.2,,4.0,5950
1141,BMW, X5,Semi-Auto,,2019.0,5849.0,150.0,37.7,3.0,,3.0,51990
1433,Opel, Zafira,Manual,Petrol,2016.0,17831.0,200.0,42.2,1.4,47.0,0.0,10998
2373,Ford, Fiesta,Manual,Petrol,2015.0,52080.0,0.0,65.7,1.0,47.0,3.0,6990
3998,Toyota, Yaris,Automatic,Hybrid,2014.0,21661.0,0.0,80.7,1.5,94.0,2.0,11290
3371,Skoda, Yeti,Manual,Diesel,2017.0,36078.0,,62.8,2.0,30.0,0.0,10500
2220,Audi, A3,Automatic,Petrol,2018.0,27928.0,145.0,56.5,1.5,65.0,4.0,21490
1458,Skoda, Rapid,Manual,Petrol,2016.0,45895.0,30.0,57.7,1.2,83.0,2.0,7795
3097,Audi, Q3,Semi-Auto,Diesel,2013.0,34925.0,200.0,47.9,2.0,32.0,1.0,13950
1415,Audi, A1,Automatic,Petrol,2017.0,30658.0,30.0,56.5,1.4,51.0,3.0,14990
2762,Toyota, Yaris,Manual,Petrol,2019.0,3900.0,145.0,47.9,1.5,62.0,2.0,12933
846,Ford, Kuga,Manual,Diesel,2016.0,24326.0,125.0,60.1,2.0,90.0,2.0,11490
193,Opel, Insignia,Manual,Diesel,2016.0,86980.0,20.0,68.9,1.6,65.0,4.0,7249
1464,Ford, Fiesta,Manual,Petrol,2019.0,1183.0,,58.9,1.0,96.0,0.0,14950
2621,Hyundai, Tucson,Manual,Diesel,2017.0,,30.0,61.7,1.7,36.0,3.0,11290
946,VW, tiguan allspace,Manual,Diesel,2020.0,407.0,,46.3,0.1864248827577972,31.0,1.0,25950
2021,VW, Polo,Automatic,Petrol,2017.0,14134.0,145.0,60.1,1.2,90.0,3.0,12499
2551,Skoda, Octavia,Manual,Diesel,2018.0,21831.0,150.0,68.9,1.6,66.0,0.0,11998
1629,Opel, Corsa,Manual,Petrol,2017.0,26900.0,30.0,54.3,1.4,34.0,2.0,7895
2928,Skoda, Rapid,Manual,Diesel,2017.0,36562.0,150.0,74.3,1.4,42.0,0.0,8390
117,VW, Touareg,Automatic,Diesel,2018.0,8455.0,145.0,34.0,3.0,,4.0,38490
645,VW, Golf,Semi-Auto,Hybrid,2020.0,1000.0,145.0,44.8,1.5,98.0,1.0,24000
1870,Audi, A5,Automatic,Diesel,2014.0,61346.0,160.0,49.6,3.0,36.0,2.0,14939
3,Hyundai, I20,Manual,Petrol,2017.0,12814.0,145.0,58.9,1.2,73.0,,8691
74,VW, Golf,Manual,Petrol,2019.0,8925.0,,47.1,1.5,44.0,2.0,17298
1755,VW, Passa,Semi-Auto,Petrol,2020.0,6142.0,145.0,36.7,2.0,78.0,2.0,28151
467,Mercedes, GLC Class,Semi-Auto,Petrol,2019.0,7683.0,145.0,34.0,3.0,92.0,3.0,46495
3393,Mercedes, A Class,Manual,Diesel,2016.0,62528.0,30.0,64.2,2.1,35.0,1.0,10500
5,Ford, GRAND C-MAX,Manual,Diesel,2014.0,35013.0,125.0,60.1,1.6,49.0,1.0,8498
1246,Hyundai, I40,Manual,Diesel,2016.0,38259.0,30.0,65.7,1.7,56.0,2.0,9698
919,VW, Passat,Manual,Petrol,2018.0,18400.0,,54.3,1.4,40.0,2.0,19490
2595,Opel, Astra,Manual,Petrol,2017.0,35500.0,125.0,,1.4,,3.0,9995
228,Mercedes, C Class,Semi-Auto,Petrol,2019.0,6184.0,,45.6,1.5,37.0,0.0,25699
1063,Opel, CORSA,Manual,Petrol,2019.0,4261.0,145.0,43.5,1.4,62.0,1.0,9600
2590,Ford, Fiesta,Manual,Petrol,2017.0,10343.0,125.0,54.3,1.2,49.0,4.0,10200
242,BMW, 3 Series,Automatic,Diesel,2015.0,61980.0,125.0,57.6,2.0,91.0,0.0,15500
2946,Ford, ecosport,Manual,,2018.0,10017.0,150.0,54.3,1.0,76.0,0.0,12291
3917,BMW, 3 Series,Semi-Auto,Diesel,2015.0,33836.0,,60.1,2.0,35.0,0.0,15981
1160,Audi, A4,Automatic,Diesel,2016.0,40568.0,20.0,70.6,2.0,54.0,3.0,13899
-5,hyundai,I10,Manual,Petrol,2018.0,8000.0,150.0,60.1,1.0,32.0,0.0,9499
1630,Ford, EcoSport,Manual,Petrol,2016.0,16942.0,125.0,52.3,1.0,74.0,3.0,9790
3838,BMW, M3,Manual,Petrol,2009.0,65000.0,580.0,21.9,4.0,31.0,3.0,16950
3517,Audi, A6,Automatic,Diesel,2016.0,71311.0,30.0,61.4,2.0,96.0,0.0,12000
2890,BMW, 2 Series,Semi-Auto,Petrol,2020.0,13.0,145.0,47.9,2.0,31.0,2.0,22990
3421,Ford, S-MAX,Automatic,Petrol,2016.0,,260.0,35.8,2.0,82.0,2.0,18395
2563,VW, Passat,Manual,Diesel,,51000.0,20.0,68.9,2.0,39.0,2.0,9995
2671,Mercedes, cls class,Semi-Auto,Petrol,2018.0,8673.0,145.0,36.2,3.0,90.0,3.0,41112
1526,Mercedes, C Class,Automatic,Diesel,2020.0,6000.0,145.0,64.2,2.0,61.0,1.0,30990
1605,Skoda, Kodiaq,Automatic,Diesel,2018.0,20554.0,145.0,49.6,2.0,69.0,1.0,24990
-443,mercedes, A Class,Semi-Auto,Petrol,2019.0,1000.0,145.0,22.1,,37.0,4.0,139559
2324,BMW, 5 series,Automatic,Hybrid,2017.0,5336.0,135.0,156.9,2.0,46.0,4.0,24999
2709,Audi, TT,Automatic,Petrol,2019.0,1791.0,145.0,34.9,2.0,57.0,3.0,31750
3995,, Pol,Automatic,Petrol,2016.0,10548.0,20.0,60.1,1.2,51.0,0.0,12300
1312,VW, Passat,Semi-Auto,,2019.0,22495.0,145.0,40.4,2.0,42.0,4.0,22990
3448,Ford, Fiesta,Manual,Petrol,2017.0,2942.0,145.0,65.7,1.0,32.0,1.0,11199
1989,Opel, Mokka X,Manual,Petrol,2017.0,47868.0,145.0,47.1,1.4,73.0,0.0,11098
-33,Mercede, C Class,Semi-Auto,Petrol,2019.0,5542.0,145.0,42.2,1.6,75.0,4.0,24290
2362,BMW, 3 Series,Semi-Auto,Diesel,2018.0,33188.0,150.0,53.3,3.0,74.0,3.0,22895
1975,BMW, 3 Series,Semi-Auto,Petrol,2019.0,11454.0,145.0,,2.0,97.0,3.0,23685
3514,Opel, Astra,Manual,Diesel,2016.0,26737.0,20.0,72.4,1.6,81.0,3.0,9499
1761,Skoda, Superb,Semi-Auto,Petrol,2019.0,11978.0,,38.2,2.0,,3.0,23485
3391,VW,,Semi-Auto,Petrol,2017.0,17500.0,150.0,55.4,1.4,99.0,0.0,13995
1305,Opel, Viva,Manual,Petrol,2017.0,8242.0,150.0,62.8,1.0,98.0,3.0,5995
2739,BMW, 4 Series,Semi-Auto,Diesel,2017.0,26814.0,,55.4,3.0,85.0,1.0,20480
1541,BMW, 3 Series,Semi-Auto,Diesel,2016.0,36764.0,145.0,54.3,3.0,70.0,1.0,17698
-290,W, Tiguan,unknown,Diesel,2016.0,25400.0,160.0,50.4,,55.0,3.0,19990
2472,BMW, 5 Series,Semi-Auto,Petrol,2019.0,2135.0,145.0,48.7,2.0,91.0,0.0,30875
3625,Ford, Ka+,Manual,Petrol,2017.0,14401.0,145.0,57.7,1.2,93.0,3.0,7299
2642,VW, scirocco,Automatic,Diesel,2016.0,28902.0,125.0,53.3,2.0,39.0,4.0,13800
2795,Hyundai, Tucson,Semi-Auto,Diesel,2017.0,30345.0,125.0,57.6,1.7,90.0,3.0,17180
-111,Mercede, A Class,,Diesel,2019.0,2314.0,145.0,62.8,1.5,46.0,4.0,22599
622,Ford, Fiesta,Manual,Petrol,2018.0,37960.0,145.0,65.7,1.0,91.0,3.0,9680
3972,BMW, X4,Semi-Auto,Diesel,2020.0,117.0,145.0,40.9,3.0,98.0,0.0,53630
1493,Ford, Fiesta,Manual,Petrol,2018.0,30940.0,145.0,56.5,1.0,60.0,1.0,10780
110,Toyota, Auris,Manual,Petrol,2016.0,19252.0,30.0,58.9,1.2,38.0,4.0,10995
2275,Ford, Edge,Manual,Diesel,2017.0,19027.0,145.0,48.7,2.0,79.0,1.0,19600
3891,Toyota, RAV4,Automatic,Hybrid,2017.0,30096.0,135.0,57.6,2.5,85.0,3.0,20870
1169,Ford, Focus,Manual,Petrol,2018.0,21443.0,145.0,41.5,2.0,97.0,2.0,17995
-158,Ford, Fiesta,MANUAL,Petrol,2013.0,56497.0,30.0,54.3,1.2,57.0,0.0,5000
232,Mercedes, A Class,Manual,Diesel,2016.0,16984.0,30.0,62.8,2.1,70.0,2.0,16500
66,Skoda, Scala,Semi-Auto,Petrol,2020.0,1000.0,145.0,45.6,1.5,32.0,0.0,19995
-493,hyundai, Tucson,Manua,Diesel,2017.0,45726.0,150.0,61.7,1.7,56.0,1.0,14298
1603,Ford, Fiesta,Manual,Petrol,2017.0,21149.0,125.0,54.3,1.2,66.0,0.0,8699
2072,Mercedes,,Automatic,Diesel,2016.0,35581.0,,58.9,2.1,68.0,2.0,17500
3283,Audi, TT,Manual,Petrol,2016.0,27203.0,165.0,46.3,1.8,67.0,3.0,17900
3596,Skoda, Citigo,Manual,Petrol,2017.0,18637.0,20.0,64.2,1.0,33.0,4.0,6790
2192,Hyundai, Tucson,Manual,Hybrid,2019.0,,145.0,51.4,1.6,45.0,4.0,21498
536,Hyundai, IX35,Manual,Diesel,2013.0,80465.0,145.0,53.3,1.7,87.0,2.0,6998
2859,Ford, Fiesta,Manual,Petrol,2019.0,3557.0,145.0,55.4,1.0,81.0,0.0,16000
125,BMW, 1 Series,Manual,Diesel,2019.0,7169.0,145.0,72.4,1.5,45.0,3.0,16450
3545,Ford, Ka+,Manual,Petrol,2017.0,16910.0,145.0,57.7,1.2,,4.0,7850
2133,Toyota, Yaris,Manual,Petrol,2016.0,29395.0,30.0,55.0,1.3,47.0,2.0,8985
1254,Skoda, Octavia,Automatic,Petrol,2019.0,34.0,145.0,47.9,2.0,58.0,1.0,22499
1296,Ford, Focus,Semi-Auto,Diesel,2017.0,44800.0,150.0,67.3,,81.0,4.0,10999
1976,Ford, Focus,Manual,Petrol,2017.0,17028.0,145.0,57.7,1.0,47.0,1.0,12369
-159,ford, Fiesta,Automatic,Petrol,2014.0,26358.0,145.0,47.9,1.6,60.0,3.0,8000
3990,Mercedes, GLA Class,Semi-Auto,Diesel,2019.0,13136.0,145.0,67.3,2.1,51.0,0.0,23149
2075,VW, T-Cross,Manual,Diesel,2019.0,4774.0,145.0,52.3,1.6,88.0,3.0,18990
484,Toyota, Aygo,Manual,Petrol,2013.0,35969.0,0.0,65.7,1.0,73.0,0.0,4750
1654,Skoda, Octavia,Manual,Diesel,2017.0,52700.0,125.0,58.9,2.0,33.0,4.0,12490
1215,VW, Touareg,Automatic,Diesel,2017.0,20786.0,,94.786380415261,3.0,31.0,0.0,23750
3086,Ford, C-MAX,Semi-Auto,Diesel,2016.0,25356.0,20.0,64.2,1.5,32.0,0.0,10498
3892,VW, Polo,Manual,Petrol,2016.0,33069.0,20.0,60.1,1.2,,4.0,8995
-189,VW, Arteon,Automati,Petrol,2019.0,1555.0,145.0,40.4,1.5,83.0,3.0,22500
3935,Mercedes, SL CLASS,Semi-Auto,,2019.0,7950.0,145.0,47.1,2.0,45.0,2.0,29649
-167,Mercedes,,Semi-Auto,Diesel,2018.0,11810.0,145.0,61.4,2.1,58.0,6.258370664185211,19490
3345,Skoda, Fabia,Manual,Petrol,2017.0,33988.0,145.0,58.9,1.2,35.0,3.0,10491
-112,Mercedes, GLC Class,semi-auto,Diesel,2019.0,11240.0,145.0,56.5,2.1,77.0,0.0,29260
1774,Skoda, Fabia,Manual,Petrol,2017.0,24000.0,150.0,58.9,1.2,89.0,1.0,10995
2410,VW,,Manual,Diesel,2019.0,5000.0,145.0,47.9,2.0,51.0,3.0,25950
2797,Mercedes, V Class,Automatic,Diesel,2018.0,15232.0,,48.7,2.1,97.0,0.0,19750
918,Hyundai, I10,Manual,Petrol,,9932.0,145.0,60.1,1.0,69.0,4.0,8470
1646,BMW, 4 Series,Semi-Auto,Diesel,2015.0,44800.0,145.0,53.3,3.0,89.0,3.0,17995
1026,Mercedes, A Class,Manual,Petrol,2017.0,33000.0,150.0,51.4,1.6,72.0,0.0,13495
1030,BMW,,Semi-Auto,,2019.0,11.0,145.0,65.7,2.0,,3.0,23450
882,Audi, Q3,Manual,Petrol,2019.0,6000.0,145.0,40.9,1.5,44.0,,24990
1335,Ford, EcoSport,Manual,Petrol,2015.0,32328.0,125.0,53.3,1.0,49.0,0.0,7652
2746,Audi, A6,Automatic,Diesel,2019.0,100.0,145.0,50.4,2.0,93.0,,30500
3819,VW, T-Roc,Automatic,Petrol,2019.0,5195.0,145.0,32.5,2.0,97.0,3.0,32990
2713,Mercedes, A Class,Automatic,Petrol,2019.0,9460.0,150.0,28.5,1.3,35.0,4.0,22480
364,BMW, 3 Series,Semi-Auto,Diesel,2019.0,15639.0,145.0,52.3,2.0,93.0,3.0,27440
-455,Opel, Crossland X,Manual,Petrol,2019.0,1900.0,145.0,46.3,1.2,98.0,6.233082169469183,13990
3287,Toyota, Aygo,Manual,Petrol,2017.0,14156.0,145.0,69.0,1.0,62.0,0.0,7995
2125,Ford, Fiesta,Manual,Petrol,2017.0,19068.0,145.0,65.7,1.0,32.0,2.0,10191
27,Audi, A6,Automatic,Diesel,2017.0,37973.0,145.0,,2.0,59.0,0.0,21450
473,Skoda, Superb,Semi-Auto,Diesel,2017.0,12369.0,150.0,56.5,2.0,72.0,0.0,19441
525,Mercedes, GLC Class,Semi-Auto,Diesel,2016.0,7917.0,125.0,56.5,2.1,45.0,3.0,27981
725,Ford, Ka+,Manual,Petrol,2018.0,8355.0,145.0,57.7,1.2,49.0,3.0,8750
55,VW, Sharan,Semi-Auto,Diesel,2016.0,11110.0,145.0,54.3,2.0,50.0,3.0,20490
638,Toyota, Aygo,Manual,Petrol,2017.0,13645.0,0.0,110.34497686910323,1.0,70.0,4.0,6000
302,Ford, Fiesta,Manual,Petrol,2018.0,33651.0,145.0,65.7,1.0,99.0,3.0,11994
2766,Toyota, Auris,Manual,Petrol,2016.0,16576.0,125.0,52.3,1.2,38.0,2.0,9998
-293,Ford, Fiesta,Manual,Petro,2016.0,25986.0,20.0,62.8,1.0,49.0,3.0,9950
1276,Mercedes, C Class,Automatic,Diesel,2016.0,26239.0,20.0,64.2,2.1,97.0,4.0,18300
1890,Mercedes, C Class,Semi-Auto,Diesel,2016.0,26205.0,125.0,58.9,2.1,79.0,0.0,20991
624,VW, Polo,Manual,Petrol,,18000.0,20.0,94.786380415261,1.2,75.0,4.0,11995
2055,BMW, 5 Series,Automatic,Diesel,2014.0,42007.0,,68.9,2.0,56.0,3.0,12500
1280,Ford, Fiesta,Manual,Petrol,2017.0,25219.0,145.0,54.3,,67.0,4.0,8000
2851,VW, Golf,Manual,Petrol,2015.0,43417.0,,39.8,2.0,57.0,3.0,16998
1049,BMW, 5 Series,Automatic,Diesel,,101153.3482853059,150.0,55.4,2.0,,1.0,12700
336,Ford,,Manual,Petrol,2017.0,10500.0,0.0,65.7,1.0,54.0,4.0,11698
3644,Audi, A1,Semi-Auto,Petrol,2020.0,5432.0,150.0,44.8,1.5,57.0,4.0,25888
47,Ford, Fiesta,Manual,Petrol,2013.0,15974.0,,,1.0,94.0,0.0,6800
2878,Opel, Corsa,Manual,Petrol,2019.0,50.0,150.0,43.5,1.4,54.0,4.0,11799
106,Ford, Kuga,Manual,Petrol,2017.0,4825.0,150.0,45.6,1.5,64.0,2.0,17000
2397,Mercedes, CLS Class,Semi-Auto,Diesel,2016.0,14466.0,160.0,,3.0,99.0,4.0,22498
1079,Toyota, C-HR,Automatic,Hybrid,2018.0,16809.0,135.0,74.3,1.8,64.0,2.0,23500
2286,BMW, 2 Series,Semi-Auto,Diesel,2017.0,19760.0,150.0,68.9,2.0,30.0,2.0,14999
2261,BMW, 3 Series,Automatic,Hybrid,2016.0,25431.0,0.0,134.5,2.0,52.0,3.0,18299
1144,Opel, Astra,Manual,Diesel,2008.0,99000.0,160.0,48.7,1.9,80.0,2.0,2250
2094,VW, T-Cross,Manual,Diesel,2019.0,4509.0,145.0,52.3,1.6,63.0,4.0,20990
2296,Audi, Q7,Semi-Auto,Diesel,2019.0,2249.0,145.0,33.6,3.0,85.0,0.0,42888
2841,Mercedes, A Class,Semi-Auto,Diesel,2013.0,52214.0,30.0,,1.8,32.0,1.0,10630
3144,VW, Tiguan,Semi-Auto,Diesel,2017.0,20392.0,145.0,49.6,2.0,60.0,0.0,19842
1836,, GLA Class,Semi-Auto,Diesel,2019.0,8845.0,145.0,67.3,2.1,72.0,4.0,21699
1753,BMW, X3,,Diesel,2015.0,37790.0,150.0,54.3,2.0,92.0,2.0,19980
1101,VW, Golf,Manual,Diesel,2016.0,58088.0,20.0,67.3,2.0,74.0,0.0,14290
1968,Mercedes, GLA Class,Semi-Auto,Diesel,2019.0,12836.0,145.0,67.3,2.1,35.0,0.0,23799
3901,Ford, KA+,Manual,Petrol,2017.0,24613.0,30.0,57.7,1.2,83.0,0.0,6800
3117,Ford, Kuga,Manual,Diesel,2017.0,9969.0,145.0,,1.5,36.0,1.0,17495
2393,, Tucson,Manual,Petrol,2018.0,11290.0,145.0,44.8,1.6,65.0,4.0,14751
523,Hyundai, I10,Manual,Petrol,2015.0,25705.0,20.0,60.1,1.0,84.0,1.0,6000
2280,BMW, 4 series,Manual,Diesel,2014.0,81978.0,125.0,60.1,2.0,80.0,1.0,10991
2692,Audi, A3,Semi-Auto,Petrol,2019.0,7898.0,145.0,34.9,2.0,76.0,1.0,31990
-96,Ford, Focus,Manual,Petrol,2018.0,11000.0,,,0.0,86.0,1.0,12999
2885,Toyota, Yaris,Manual,Petrol,2017.0,37521.0,30.0,55.0,1.3,42.0,2.0,9242
1428,BMW, 5 Series,Automatic,Hybrid,2020.0,2500.0,,62.8,2.0,38.0,1.0,35995
2581,Ford, Focus,Manual,Petrol,2018.0,28230.0,145.0,60.1,2.6312004729689877,,4.0,12550
681,Audi, A6,Manual,Diesel,2015.0,89350.0,30.0,62.8,2.0,64.0,4.0,13200
603,VW, Golf,Manual,Diesel,2016.0,34500.0,20.0,67.3,2.0,45.0,1.0,14400
1489,Opel, corsa,Manual,Petrol,2016.0,27504.0,30.0,,1.4,79.0,3.0,7998
-32,Mercedes, C Class,Semi-Auto,Petro,2018.0,7859.0,145.0,40.4,2.0,85.0,0.0,24890
3860,VW, T-Roc,Manual,Diesel,2019.0,10182.0,145.0,,1.6,87.0,2.0,19450
-446,Ford, Kuga,Manual,etrol,2019.0,15581.0,145.0,34.4,1.5,87.0,1.0,15750
3122,Opel, Corsa,Manual,Petrol,2017.0,36234.0,30.0,,1.4,96.0,2.0,7999
-146,Ford, EcoSport,Manual,etrol,2017.0,23259.0,145.0,53.3,1.0,35.0,0.0,9998
60,Audi, A4,Manual,Diesel,2016.0,41443.0,,67.3,2.0,72.0,0.0,16995
1969,Opel, Astra,Manual,Petrol,2017.0,32393.0,145.0,51.4,1.4,,2.0,9691
671,Audi, Q3,Manual,Diesel,2016.0,,145.0,56.5,2.0,62.0,0.0,15700
92,Toyota, PROACE VERSO,Automatic,Diesel,2020.0,1000.0,145.0,38.7,2.0,75.0,1.0,37950
666,Mercedes, C Class,Semi-Auto,Petrol,2017.0,17125.0,145.0,47.1,2.0,87.0,2.0,23000
3876,, E Class,Semi-Auto,Diesel,2019.0,14350.0,145.0,72.4,,63.0,1.0,24535
1887,Audi, TT,Automatic,Petrol,2020.0,150.0,145.0,38.7,2.0,77.0,1.0,32990
3266,Audi, A1,Automatic,Petrol,2019.0,6481.0,150.0,40.9,2.0,31.0,4.0,22450
280,Mercedes,,Automatic,Petrol,2015.0,20750.0,325.0,30.1,4.0,43.0,3.0,59991
1719,Opel, Crossland X,,Diesel,2019.0,6750.0,145.0,60.1,1.5,70.0,4.0,15000
3911,Opel, Corsa,Manual,Petrol,2015.0,81826.0,125.0,52.3,1.2,40.0,4.0,4750
359,BMW, 1 Series,Automatic,Petrol,2017.0,20194.0,150.0,47.9,2.0,96.0,2.0,16450
899,VW, Polo,Manual,Petrol,2016.0,,20.0,61.4,1.4,56.0,2.0,12790
3591,Ford, Fiesta,Manual,,2015.0,21261.0,0.0,65.7,1.0,40.0,4.0,9200
1935,BMW, 5 Series,Automatic,Diesel,2014.0,84816.0,30.0,62.8,2.0,37.0,1.0,11000
-463,ercedes, E Class,Automatic,Diesel,2018.0,32489.0,145.0,72.4,0.3070739443691206,57.0,4.0,19000
1994,Audi, A1,Manual,Diesel,2017.0,24857.0,0.0,76.3,1.6,75.0,1.0,11495
3970,VW, Polo,Manual,Petrol,2017.0,15787.0,20.0,60.1,1.2,64.0,4.0,11492
2895,BMW, 4 Series,Semi-Auto,Diesel,2019.0,5656.0,150.0,50.4,3.0,73.0,0.0,28990
3254,Audi, A3,Manual,Petrol,2013.0,58867.0,125.0,53.3,1.4,94.0,1.0,8498
3734,Skoda, Yeti Outdoor,Semi-Auto,Petrol,2017.0,23470.0,150.0,,1.2,66.0,2.0,13495
760,BMW, 1 Series,Semi-Auto,Petrol,2019.0,2635.0,,54.3,1.5,94.0,3.0,19940
2158,Mercedes,,Automatic,Diesel,2017.0,13398.0,,52.3,3.0,56.0,2.0,22270
1906,BMW, 3 Series,Semi-Auto,Diesel,2016.0,29902.0,145.0,53.3,3.0,55.0,4.0,18980
3823,Toyota, Yaris,Manual,Petrol,2019.0,5931.0,145.0,47.9,1.5,31.0,3.0,12495
42,Audi, A4,Automatic,Diesel,2018.0,95204.18167360188,145.0,70.6,2.0,34.0,0.0,17200
3818,BMW, X5,Automatic,Diesel,2017.0,18000.0,145.0,42.8,3.0,43.0,1.0,41500
2173,Opel, Astra,Manual,Petrol,2017.0,16326.0,125.0,51.4,1.4,45.0,4.0,10998
204,, Q7,Semi-Auto,Diesel,2020.0,582.0,,33.2,3.0,58.0,3.0,56894
1473,VW, Golf,Manual,Petrol,2018.0,19642.0,145.0,54.3,1.4,32.0,4.0,13941
2100,Ford, Fiesta,Manual,Petrol,2018.0,10945.0,,64.2,1.1,63.0,0.0,9000
3845,Ford, FIESTA,Manual,Petrol,2017.0,16782.0,125.0,54.3,1.2,82.0,3.0,7820
2593,Toyota, Auris,Automatic,Hybrid,2015.0,38441.0,0.0,,1.8,59.0,2.0,10888
68,Mercedes, C Class,Semi-Auto,Diesel,2015.0,46000.0,,64.2,2.1,75.0,0.0,14899
3932,Ford, Focus,Manual,Petrol,2019.0,18800.0,145.0,,1.0,72.0,3.0,15695
1875,Audi, Q2,Semi-Auto,Diesel,2018.0,4642.0,145.0,46.3,1.6,87.0,0.0,22890
3579,Toyota, Yaris,Automatic,Hybrid,2015.0,49479.0,0.0,78.0,1.5,41.0,1.0,10995
2832,Ford, Kuga,Manual,Diesel,2016.0,33608.0,,60.1,2.0,79.0,1.0,13999
-86,Ford, Focus,Automatic,Diese,2019.0,2992.0,,,2.0,89.0,4.0,22660
3472,Mercedes, A Class,Automatic,Diesel,2016.0,16479.0,20.0,,2.1,73.0,1.0,17624
2231,Ford, Fiesta,Manual,Petrol,2018.0,11981.0,,65.7,1.0,87.0,4.0,11995
137,Audi, Q2,Automatic,Diesel,2019.0,6500.0,145.0,46.3,2.0,97.0,2.0,27000
2947,BMW, 1 Series,Semi-Auto,Petrol,2016.0,31661.0,316.48718937402634,39.8,3.0,72.0,4.0,19773
796,,Polo,Manual,Petrol,2014.0,30941.0,20.0,60.1,1.2,64.0,0.0,8290
2180,Mercedes, E Class,Automatic,Diesel,2017.0,32080.0,145.0,54.3,3.0,89.0,1.0,21495
2128,Ford, Focus,Automatic,Petrol,2020.0,7.0,,50.4,1.0,45.0,1.0,20999
3634,Opel, Insignia,Manual,Diesel,2016.0,17000.0,20.0,68.9,1.6,76.0,2.0,10995
3177,Mercedes, E Class,Semi-Auto,Hybrid,2019.0,7220.0,135.0,188.3,2.0,53.0,4.0,41399
758,VW, Touareg,Semi-Auto,Diesel,2020.0,8000.0,145.0,34.5,3.0,53.0,1.0,44999
541,Ford, Focus,,Petrol,2012.0,79000.0,155.0,44.1,1.6,82.0,4.0,6495
1019,VW, Polo,Manual,Petrol,2020.0,1000.0,150.0,48.7,1.0,74.0,0.0,15990
3930,Mercedes, A Class,Manual,Diesel,2016.0,13359.0,20.0,68.9,1.5,68.0,1.0,15190
3031,BMW, X5,Automatic,Diesel,2016.0,59000.0,200.0,47.1,3.0,43.0,2.0,26520
3552,BMW, 5 Series,Semi-Auto,Diesel,2015.0,64194.0,165.0,51.4,3.0,92.0,2.0,16000
165,Skoda, Octavia,Semi-Auto,Diesel,2016.0,32539.0,125.0,56.5,2.0,73.0,4.0,15750
248,BMW, X3,Automatic,Diesel,2015.0,110860.0,145.0,54.3,2.0,69.0,0.0,13295
1331,VW, Polo,Manual,Petrol,2017.0,29588.0,20.0,60.1,1.2,93.0,1.0,10495
2017,VW, Touran,Manual,Diesel,2018.0,10162.0,145.0,,1.6,86.0,2.0,20072
446,Ford, FOCUS,Manual,Diesel,2015.0,66992.0,0.0,,1.5,95.0,0.0,6990
2482,Opel, Grandland X,Manual,Petrol,2019.0,7330.0,145.0,44.1,1.2,66.0,1.0,16130
2906,Skoda, Citigo,Manual,Petrol,2015.0,24786.0,0.0,67.3,1.0,68.0,3.0,6195
1358,Ford, Mondeo,Automatic,Petrol,2008.0,70000.0,325.0,30.4,2.3,37.0,1.0,3890
2845,Skoda, Fabia,Manual,Petrol,2017.0,16052.0,150.0,,1.2,87.0,0.0,9990
3921,Opel, Zafira,Manual,Petrol,2017.0,23325.0,145.0,41.5,1.4,84.0,2.0,10798
2145,Opel, Adam,Manual,Petrol,2017.0,12198.0,145.0,53.3,1.2,68.0,4.0,7390
1329,Audi, Q3,Automatic,Diesel,2016.0,33124.0,160.0,50.4,2.0,74.0,3.0,18000
2853,BMW, 1 Series,Manual,Petrol,2019.0,7565.0,145.0,53.3,1.5,40.0,4.0,15199
2785,Opel, Adam,Manual,Petrol,2017.0,21262.0,125.0,52.3,1.4,64.0,1.0,8895
763,BMW, 1 Serie,Manual,Diesel,2012.0,85827.0,30.0,62.8,2.0,84.0,0.0,7899
-63,V, Golf,Manual,Petrol,2019.0,5724.0,145.0,50.4,1.5,31.0,2.0,18781
3493,Ford, Mondeo,Manual,Diesel,2017.0,90190.0,0.0,74.3,1.5,3.2257436177114727,1.0,8295
2150,BMW, 1 Series,Manual,Diesel,2016.0,10.0,20.0,72.4,1.5,88.0,2.0,19490
434,Opel, Mokka X,Manual,Petrol,2019.0,13698.0,,39.2,1.4,93.0,3.0,11994
2122,Toyota, Aygo,Manual,Petrol,2018.0,7995.0,145.0,68.9,1.0,41.0,3.0,7995
577,Ford, Kuga,Automatic,Diesel,2019.0,2348.0,145.0,38.7,2.0,52.0,4.0,24995
2900,Mercedes, B Class,Automatic,Petrol,2012.0,74397.0,145.0,47.9,1.6,53.0,4.0,7899
1252,VW, Polo,Manual,Petrol,2016.0,23359.0,20.0,61.4,1.4,30.0,1.0,11660
3278,Ford, Ka+,Manual,Petrol,2018.0,17554.0,145.0,57.7,1.2,44.0,0.0,9000
2966,Mercedes, C Class,Automatic,Diesel,2016.0,42427.0,125.0,60.1,2.1,30.0,2.0,17100
3374,BMW, 1 series,Manual,Petrol,2013.0,50000.0,145.0,49.6,1.6,,3.0,8000
2814,Mercedes, GL Class,Automatic,Diesel,2013.0,60462.0,325.0,35.3,3.0,71.0,4.0,25998
-406,VW, T-Roc,unknow,Petrol,2020.0,3000.0,145.0,44.1,1.5,95.0,0.0,25500
2448,Toyota, Yaris,Manual,Petrol,2019.0,4228.0,140.0,47.9,1.5,55.0,0.0,11491
1848,Opel, Astra,Manual,Petrol,2009.0,91000.0,200.0,,1.6,81.0,3.0,1995
762,Opel, Corsa,Manual,Petrol,2017.0,13460.0,,55.4,1.4,90.0,3.0,7569
3805,Ford, Fiesta,Manual,Petrol,2017.0,11270.0,145.0,,1.0,82.0,1.0,10399
3037,, GLC Class,Semi-Auto,Diesel,2019.0,9551.0,145.0,56.5,2.1,99.0,0.0,34950
388,VW, Tiguan,Manual,Diesel,2017.0,16000.0,,50.4,2.0,96.0,0.0,18500
235,Ford, focus,Manual,Petrol,2019.0,6889.0,145.0,60.1,1.0,65.0,3.0,15489
1077,Mercedes, C Class,Automatic,Diesel,2017.0,72400.0,145.0,60.1,2.1,37.0,4.0,16000
1984,BMW, X1,Manual,Diesel,2010.0,87300.0,165.0,49.6,2.0,30.0,3.0,6495
267,Skoda, Kamiq,Manual,Petrol,2019.0,2100.0,145.0,,1.0,90.0,0.0,18495
3377,Ford, Grand Tourneo Connect,Automatic,Diesel,2016.0,29000.0,125.0,56.6,1.5,34.0,4.0,13000
770,Opel, Astra,Automatic,Diesel,2014.0,53146.0,200.0,48.7,2.0,31.0,0.0,5800
2165,Ford, Kuga,Semi-Auto,Diesel,,23523.0,150.0,54.3,2.0,35.0,2.0,17200
437,Ford, Kuga,Manual,,2017.0,13000.0,,54.3,2.0,71.0,4.0,17825
673,VW, Golf,Semi-Auto,Petrol,2017.0,,30.0,53.3,1.4,43.0,3.0,13998
249,Ford, Fiesta,Manual,Petrol,2019.0,14839.0,145.0,,1.0,91.0,0.0,13500
2201,Opel, Mokka X,Manual,Petrol,2017.0,17006.0,145.0,47.1,1.4,58.0,3.0,10830
1574,Toyota, C-HR,Automatic,Hybrid,2019.0,7248.0,135.0,74.3,1.8,60.0,3.0,23790
3143,VW, Polo,Manual,Petrol,2016.0,41501.0,20.0,60.1,1.2,84.0,3.0,9250
2142,Mercedes, V Class,Automatic,Diesel,2019.0,500.0,145.0,38.2,2.1,35.0,,27000
3419,BMW, 1 Series,Semi-Auto,,2019.0,13171.0,150.0,67.3,2.0,44.0,3.0,19895
2081,Hyundai, Santa Fe,Automatic,Diesel,2016.0,10317.0,235.0,42.8,2.2,84.0,3.0,19495
1823,Skoda, Karoq,Manual,Diesel,2018.0,17410.0,145.0,92.826899537786,2.0,74.0,1.0,21495
487,Hyundai, I10,Manual,Petrol,2020.0,85.0,145.0,56.5,1.0,82.0,2.0,11795
880,Mercedes, GLA Class,Automatic,Diesel,2015.0,54500.0,30.0,62.8,2.1,,3.0,14500
448,Audi, q2,Semi-Auto,Petrol,2019.0,5000.0,145.0,33.2,2.0,57.0,3.0,28495
1469,Audi, TT,Manual,Diesel,2017.0,25842.0,145.0,62.8,2.0,67.0,3.0,18300
-542,BMW, 2 Series,Automatic,petrol,2017.0,25975.0,150.0,53.3,1.5,81.0,2.0,14400
716,Opel, Grandland X,Manual,Petrol,2018.0,18578.0,145.0,55.4,1.2,65.0,3.0,15250
684,VW, Polo,Manual,Petrol,2017.0,36000.0,20.0,58.9,1.0,93.0,0.0,9000
50,VW, Golf SV,Semi-Auto,Diesel,2015.0,32280.0,125.0,65.7,2.0,36.0,0.0,11290
2048,Toyota, Aygo,Manual,Petrol,2019.0,860.0,145.0,57.7,1.0,39.0,3.0,10000
1901,Opel, Adam,Manual,Petrol,2017.0,25196.0,150.0,53.3,1.2,84.0,1.0,7600
-191,V, Tiguan,Manual,Diesel,2015.0,29112.0,160.0,48.7,2.0,34.0,4.0,12188
3149,VW, Polo,Semi-Auto,Petrol,2019.0,10324.0,145.0,45.6,1.0,43.0,2.0,14290
3156,Toyota, Aygo,Manual,Petrol,2017.0,,145.0,68.9,1.0,59.0,0.0,9295
1168,Hyundai, Ioniq,Automatic,Hybrid,2018.0,19000.0,135.0,78.5,1.6,70.0,3.0,18480
82,Opel, Astra,Manual,Diesel,2017.0,9179.0,145.0,72.4,1.6,75.0,4.0,10899
3529,Mercedes, C Class,Automatic,Petrol,2019.0,6655.0,145.0,44.1,2.0,77.0,1.0,27066
-126,Mercedes, GL Class,AUTOMATIC,Diesel,2015.0,53789.0,125.0,56.5,2.1,53.0,1.0,16499
2724,Mercedes, A Class,Semi-Auto,Diesel,2020.0,1000.0,145.0,67.3,1.5,54.0,1.0,24409
-163,MW, X5,unknow,iesel,2020.0,5656.0,145.0,37.7,3.0,98.0,4.0,48490
3044,Hyundai, I40,Manual,Diesel,2014.0,76531.0,30.0,55.4,1.7,35.0,3.0,8999
3094,Hyundai, Kona,Manual,Petrol,2019.0,17976.0,145.0,44.1,1.0,89.0,2.0,14485
1460,Toyota, C-HR,Automatic,Hybrid,2017.0,16179.0,0.0,74.3,1.8,32.0,4.0,20347
2818,Audi, A4,Semi-Auto,Diesel,2017.0,28500.0,20.0,70.6,2.0,68.0,4.0,16990
1893,, Q3,Manual,Petrol,2019.0,8050.0,150.0,40.9,1.5,35.0,2.0,26022
1668,Mercedes, E Class,Semi-Auto,Diesel,2017.0,18406.0,145.0,65.7,2.0,96.0,1.0,21999
3934,VW, Golf,Automatic,Diesel,2019.0,4407.0,145.0,52.3,2.0,31.0,0.0,20486
2756,Mercedes, V Class,Manual,Diesel,2019.0,22691.0,145.0,46.3,2.1,60.0,1.0,22950
2000,BMW, 3 Series,Automatic,Diesel,2013.0,95000.0,125.0,58.9,2.0,30.0,2.0,10490
475,VW, Polo,Manual,Petrol,2017.0,21401.0,20.0,60.1,1.2,96.0,3.0,9770
517,Ford, Focus,Manual,Diesel,2017.0,17493.0,145.0,67.3,2.0,86.0,0.0,16995
2870,Toyota, Hilux,Automatic,Diesel,2018.0,12255.0,260.0,36.2,2.4,69.0,4.0,24995
404,VW, Tigua,Semi-Auto,Petrol,2020.0,481.0,145.0,35.3,2.0,68.0,4.0,36990
384,Ford, Kuga,Automatic,Petrol,2016.0,24000.0,235.0,38.2,1.5,82.0,2.0,12995
-135,Mercedes, C Class,anual,,2015.0,35223.0,20.0,68.9,2.1,3.2074178424107345,0.0,15480
-342,Ford, Fiesta,Manual,etrol,2019.0,9137.0,145.0,56.5,1.0,80.0,0.0,13940
2152,Toyota, Yaris,Manual,Petrol,2017.0,25582.0,145.0,,1.5,36.0,2.0,9250
1633,Mercedes, C Class,Automatic,Diesel,2019.0,50.0,145.0,54.3,1.6,99.0,3.0,37321
-223,Audi, A5,Semi-Auto,iesel,2016.0,14991.0,160.0,50.4,2.0,99.0,0.0,23998
-497,Ford, Fiesta,anual,Petrol,2017.0,20160.0,150.0,65.7,1.0,46.0,3.0,11975
688,Mercedes, B Class,Automatic,Diesel,2007.0,63787.0,326.028233171514,,2.0,52.0,0.0,3990
2842,Audi, A8,Semi-Auto,Diesel,2018.0,12640.0,150.0,50.4,3.0,91.0,1.0,34500
2874,Audi, A1,Manual,Petrol,2016.0,29627.0,30.0,55.4,1.4,38.0,3.0,12977
3925,BMW, 5 Series,Automatic,Diesel,2019.0,6071.0,,53.3,3.0,67.0,4.0,32896
1240,Ford, Focus,Manual,Petrol,2017.0,8813.0,145.0,,2.0,63.0,0.0,18800
62,BMW, 3 Series,Manual,Petrol,2007.0,,240.0,,2.0,35.0,1.0,2375
3353,VW, Golf SV,Manual,Diesel,2019.0,,145.0,55.4,1.6,33.0,0.0,16750
852,VW, Tiguan Allspace,Automatic,Diesel,2019.0,704.0,,,2.0,65.0,4.0,27495
-410,opel, Astra,Manual,petrol,2016.0,35000.0,125.0,51.4,1.4,88.0,3.0,9295
2224,Mercedes, C Class,Automatic,Petrol,2019.0,7546.0,145.0,44.1,2.0,65.0,1.0,31650
1262,Audi, A3,Semi-Auto,Diesel,2015.0,27869.0,30.0,64.2,2.0,88.0,2.0,14190
223,Opel, Mokka,Manual,Diesel,2013.0,77127.0,125.0,57.6,1.7,87.0,2.0,6417
2193,Opel,GTC,Manual,Diesel,2017.0,18927.0,30.0,64.2,1.6,98.0,3.0,10830
3136,VW, Tiguan,Semi-Auto,Diesel,2016.0,37665.0,,,2.0,31.0,2.0,13498
373,Hyundai, I20,Manual,,2013.0,28448.0,30.0,57.6,1.2,50.0,0.0,4995
1824,Ford, EcoSport,Manual,Petrol,2019.0,15726.0,150.0,53.3,1.0,49.0,2.0,14500
-236,Opel, Corsa, Manual ,Petrol,2018.0,7259.0,150.0,43.5,1.4,92.0,4.0,9443
3190,Audi, Q3,Semi-Auto,Petrol,2020.0,2500.0,145.0,31.4,2.0,69.0,0.0,34750
-503,VW, Polo,manual,Petrol,2015.0,35718.0,,58.9,1.0,87.0,2.0,8190
-286,Ford, c-max,Automatic,iesel,2016.0,33000.0,125.0,56.5,2.0,84.0,4.0,11995
3322,Ford, Kuga,Manual,Diesel,2019.0,7758.0,145.0,47.9,2.0,35.0,3.0,18399
3313,BMW, 1 Series,Semi-Auto,Diesel,2017.0,17988.0,145.0,61.4,2.0,90.0,0.0,17950
797,Hyundai, I10,Manual,Petrol,2018.0,14985.0,145.0,60.1,1.0,47.0,0.0,7281
2871,VW, Golf SV,Manual,Diesel,,5212.0,145.0,55.4,1.6,88.0,3.0,17990
9,VW, Golf,Semi-Auto,Petrol,2019.0,2543.0,145.0,32.8,2.0,44.0,3.0,29890
2497,VW, Touareg,Semi-Auto,Diesel,2015.0,50312.0,240.0,42.8,3.0,64.0,0.0,20995
1944,Ford, Fiesta,Manual,Petrol,2016.0,15140.0,125.0,54.3,1.2,98.0,4.0,7058
1838,Skoda, Superb,Automatic,Petrol,2019.0,12246.0,150.0,30.1,,85.0,3.0,26000
708,Ford, Kuga,Manual,Diesel,2017.0,18990.0,145.0,64.2,1.5,81.0,1.0,14495
255,Toyota, RAV4,Automatic,Hybrid,2019.0,16885.0,135.0,49.6,2.5,67.0,1.0,29900
2930,Opel, Meriva,Manual,Petrol,2009.0,90771.0,160.0,44.1,1.4,49.0,4.0,1795
1617,BMW,3 Series,Manual,Petrol,2017.0,24669.0,145.0,48.7,2.0,91.0,4.0,15916
389,Skoda, Karoq,Manual,Petrol,2019.0,1300.0,145.0,52.3,1.5,77.0,2.0,19499
-151,Toyota, Aygo,Automatic,ther,2017.0,19759.0,145.0,67.3,1.0,37.0,3.0,8995
3618,Toyota, GT86,Automatic,Petrol,2013.0,28335.0,,39.8,2.0,94.0,3.0,11599
1581,Toyota, Aygo,Automatic,Petrol,2016.0,10610.0,0.0,67.0,1.0,33.0,0.0,7758
2956,Ford, EcoSport,Manual,Petrol,2016.0,16602.0,125.0,52.3,1.0,32.0,1.0,10000
924,Toyota, Auris,Automatic,Hybrid,2013.0,34230.0,0.0,72.4,1.8,59.0,1.0,9988
2799,Audi, A1,Manual,Petrol,2016.0,30200.0,30.0,57.6,1.4,96.0,4.0,10250
-67,ford, Focus,Automatic,Petrol,2016.0,8000.0,125.0,51.4,1.0,61.0,,10690
2508,Opel, Corsa,,Petrol,2016.0,27000.0,30.0,54.3,1.4,85.0,1.0,7700
3795,Audi, Q2,Automatic,Petrol,2019.0,7655.0,145.0,40.9,1.5,32.0,1.0,23888
2036,Mercedes, V Class,Automatic,Diesel,2017.0,16000.0,145.0,,2.1,55.0,2.0,31980
-109,MW, 3 Series,Semi-Auto,Petrol,2019.0,8158.0,145.0,42.2,0.3134065828348564,93.0,3.0,25000
1224,Hyundai, Kona,Automatic,Hybrid,2019.0,9500.0,135.0,52.3,1.6,99.0,4.0,23970
3216,VW, Golf,Manual,Petrol,2016.0,25882.0,30.0,53.3,1.4,82.0,2.0,12999
3006,Opel, Mokka X,Manual,Petrol,2018.0,32772.0,150.0,39.2,1.4,90.0,4.0,11900
2549,BMW, 3 Series,Semi-Auto,Diesel,2017.0,26252.0,145.0,51.4,3.0,33.0,2.0,20998
1946,BMW, X1,Manual,Diesel,2014.0,29387.0,160.0,51.4,2.0,75.0,3.0,10422
3775,Hyundai, Kona,Manual,Petrol,2018.0,,145.0,44.1,1.0,,3.0,17495
739,Opel, Mokka X,Semi-Auto,Petrol,2017.0,18600.0,150.0,43.5,1.4,37.0,3.0,12038
40,Mercedes, A Class,Semi-Auto,Diesel,2019.0,2560.0,145.0,65.7,1.5,76.0,2.0,22339
868,VW, Up,Manual,Petrol,2019.0,10.0,145.0,,1.0,37.0,3.0,9790
2779,Ford, Kuga,Manual,,2019.0,11312.0,145.0,,,61.0,4.0,19995
539,Audi, A5,Semi-Auto,Diesel,2019.0,4750.0,145.0,51.4,2.0,43.0,0.0,28950
3249,Hyundai, i10,Manual,Petrol,2017.0,35162.0,150.0,60.1,1.0,62.0,4.0,7259
3387,Audi, A6,Automatic,Diesel,2019.0,9000.0,145.0,47.9,2.0,94.0,1.0,30500
2745,Mercedes, C Class,Semi-Auto,Petrol,2020.0,5000.0,145.0,44.1,1.5,36.0,2.0,39995
-141,Skoda, Fabia,Manual,etrol,2017.0,20378.0,145.0,64.2,1.0,58.0,2.0,8650
89,BMW, 3 Series,Automatic,Diesel,2017.0,28000.0,205.0,49.6,3.0,43.0,4.0,24995
2723,Mercedes, CLA Class,Automatic,Diesel,2019.0,10193.0,145.0,51.4,2.1,75.0,4.0,25440
1371,Mercedes, A Class,Manual,Petrol,2019.0,3099.0,,28.5,1.3,37.0,2.0,20799
1145,Audi, A5,Manual,Diesel,2018.0,7800.0,145.0,68.9,2.0,51.0,1.0,23000
1031,Opel, Mokka X,Manual,Petrol,2017.0,38000.0,,42.2,1.6,78.0,2.0,9699
372,BMW, X5,Semi-Auto,Diesel,2019.0,9415.0,145.0,37.7,3.0,98.0,4.0,47440
667,Skoda, Kodiaq,Semi-Auto,Diesel,2018.0,9262.0,145.0,49.6,2.0,89.0,3.0,25495
3479,Mercedes, E Class,Semi-Auto,Diesel,2018.0,6283.0,145.0,57.7,2.0,57.0,2.0,31480
3019,VW, Golf,Manual,Diesel,2013.0,37164.0,0.0,74.3,1.6,61.0,2.0,7991
357,Toyota, Yaris,Manual,Petrol,2018.0,5771.0,145.0,,1.5,74.0,3.0,11799
967,VW, Arteon,Semi-Auto,Diesel,2019.0,6183.0,145.0,50.4,2.0,43.0,0.0,23795
2831,Audi, A3,Automatic,Diesel,2016.0,57407.0,125.0,57.6,2.0,41.0,3.0,16000
2783,VW, Polo,Manual,Petrol,2014.0,24959.0,20.0,58.9,1.2,35.0,1.0,8997
1353,Opel, Corsa,Manual,Petrol,2013.0,45701.0,125.0,51.4,1.4,64.0,3.0,4998
1035,Mercedes, E Class,Automatic,Diesel,2019.0,3443.0,145.0,67.3,2.0,,1.0,25989
3018,Mercedes, C Class,Semi-Auto,Diesel,2016.0,16723.0,125.0,60.1,2.1,89.0,3.0,21495
-25,BMW, X2,semi-auto,Diesel,2019.0,4161.0,145.0,58.9,2.0,87.0,0.0,28490
470,VW, Tiguan,Manual,Diesel,2019.0,11223.0,145.0,47.9,2.0,75.0,1.0,20798
2703,Ford, Fiesta,Manual,,2018.0,12875.0,145.0,64.2,1.1,82.0,0.0,9890
3330,Ford, Focus,Automatic,Petrol,2019.0,10677.0,145.0,41.5,1.0,74.0,4.0,18295
3957,Skoda, Superb,Semi-Auto,Petrol,2018.0,19455.0,145.0,54.3,1.4,35.0,4.0,15498
3637,Mercedes, C Class,Automatic,Diesel,2016.0,25925.0,145.0,54.3,2.1,87.0,1.0,23950
1396,Opel, Corsa,Manual,Petrol,,19765.0,145.0,55.4,1.4,65.0,4.0,7899
3584,VW, Polo,Manual,Petrol,2017.0,,145.0,60.1,2.9857934392613865,65.0,3.0,9841
-130,Ford, Fiesta,Manua,Petrol,2017.0,9705.0,145.0,64.2,1.1,44.0,0.0,9659
3376,, E Class,Semi-Auto,Diesel,2019.0,7630.0,145.0,48.7,3.0,88.0,0.0,35149
1256,VW, Shara,Automatic,Other,2019.0,6676.0,,41.5,2.0,69.0,0.0,23989
3512,Audi, Q7,Semi-Auto,Diesel,2017.0,28542.0,150.0,47.9,3.0,37.0,2.0,34995
1250,Ford, S-MAX,Automatic,Diesel,2014.0,40000.0,300.0,39.8,2.2,88.0,1.0,10911
-423,Mercedes, C Class,emi-Auto,Hybrid,2016.0,25441.0,,,2.0,42.0,3.0,18790
3284,Skoda,Octavia,Manual,Petrol,2018.0,37130.0,150.0,56.5,1.5,46.0,2.0,12690
2933,VW, Tiguan,Manual,Petrol,2016.0,17992.0,150.0,48.7,1.4,82.0,4.0,18491
1852,Opel, Corsa,Manual,Petrol,2016.0,22397.0,30.0,55.4,1.4,91.0,0.0,7995
-480,Ford, Fiesta,anual,Petrol,2019.0,4520.0,145.0,48.7,1.1,,2.0,12920
2105,Ford, Fiesta,Manual,Petrol,2018.0,5151.0,150.0,58.9,1.0,56.0,1.0,14000
133,BMW, 4 Series,Automatic,Diesel,2016.0,68589.0,,65.7,2.0,47.0,0.0,13800
928,Ford, Ka+,Manual,Petrol,2017.0,7000.0,,57.7,1.2,59.0,0.0,7491
823,BMW, 1 Series,Semi-Auto,Diesel,2019.0,9200.0,145.0,67.3,2.0,57.0,,20330
-181,For, Focus,Manual,PETROL,2015.0,53844.0,20.0,60.1,1.0,30.0,3.0,6495
1531,Opel, Insignia,Manual,Petrol,2017.0,17750.0,,,1.4,43.0,1.0,9989
1214,Ford, Ka+,,Petrol,2018.0,7812.0,145.0,,1.2,30.0,3.0,9250
504,Opel, Astra,Automatic,Petrol,2019.0,8675.0,150.0,,1.4,43.0,2.0,14995
1996,VW, T-Roc,Manual,Petrol,2018.0,12894.0,150.0,44.1,1.0,,3.0,17000
3072,Mercedes, A Class,Automatic,Petrol,2020.0,2983.0,145.0,,1.3,39.0,0.0,25644
1958,VW, Caravelle,Automatic,Diesel,2019.0,2500.0,,,2.0,51.0,2.0,44450
1384,BMW,4 Series,Semi-Auto,Diesel,2019.0,2403.0,145.0,60.1,2.0,76.0,1.0,32990
894,Ford, Fiesta,Manual,Petrol,2017.0,16247.0,145.0,65.7,1.0,36.0,1.0,10020
455,BMW, 3 Series,Automatic,Diesel,2017.0,24000.0,145.0,51.4,3.0,74.0,0.0,21990
-269,VW, Arteon,Manual,diesel,2019.0,7998.0,145.0,52.3,2.0,92.0,3.0,24495
3709,Opel, Grandland X,Automatic,,2019.0,13321.0,145.0,57.7,2.0,81.0,2.0,21495
-252,Ford, Focus,Manual,DIESEL,2019.0,3774.0,145.0,80.7,1.5,89.0,3.0,16999
3522,BMW, 2 Series,Automatic,Petrol,2016.0,48841.0,,46.3,2.0,93.0,,12700
3602,Opel,Astra,Manual,Petrol,2016.0,34886.0,160.0,45.6,1.6,84.0,3.0,10250
713,Opel, Insignia,Manual,Diesel,2015.0,43000.0,20.0,72.4,1.6,32.0,2.0,8550
2214,VW, Polo,Semi-Auto,Petrol,2016.0,13588.0,20.0,60.1,1.2,67.0,1.0,11900
2923,Toyota, Aygo,Manual,Petrol,2017.0,20000.0,145.0,68.9,1.0,57.0,2.0,7490
1810,VW, Golf,Manual,Diesel,2019.0,12500.0,,55.4,1.6,99.0,0.0,16695
3486,BMW, 4 Series,Semi-Auto,Diesel,2019.0,7038.0,150.0,52.3,3.0,99.0,3.0,26592
3141,BMW,2 Series,Automatic,Diesel,2019.0,3890.0,,,2.0,67.0,2.0,25449
1827,Audi, A3,Manual,Diesel,2011.0,,30.0,64.2,2.0,90.0,0.0,5290
1155,Hyundai,,Manual,Petrol,2016.0,15085.0,30.0,58.9,1.0,63.0,2.0,9560
1324,Audi, q7,Automatic,Diesel,2019.0,7511.0,145.0,32.8,3.0,42.0,3.0,48266
510,Audi, A6,Semi-Auto,,2017.0,95204.18167360188,145.0,61.4,2.0,52.0,3.0,19000
1680,Mercedes, B CLASS,Semi-Auto,Petrol,2019.0,12569.0,145.0,45.6,1.3,55.0,3.0,21980
499,Skoda, Fabia,,Petrol,2016.0,43562.0,20.0,60.1,1.0,37.0,3.0,5998
-174,V, Tiguan,Manual,Diesel,2019.0,8793.0,145.0,47.9,2.0,75.0,4.0,22846
1856,BMW, 3 Series,Semi-Auto,Diesel,2017.0,56785.0,145.0,51.4,3.0,84.0,0.0,19498
1388,Audi, A3,Manual,Diesel,2016.0,57000.0,20.0,68.9,1.6,93.0,1.0,11900
3719,Opel, Astra,Manual,Petrol,2019.0,9634.0,145.0,62.8,1.0,62.0,0.0,15796
2386,Ford, Focus,Manual,Petrol,2019.0,14132.0,145.0,58.9,1.0,89.0,0.0,15400
3236,Opel, Insignia,Automatic,Petrol,2018.0,10000.0,145.0,47.1,1.5,77.0,1.0,15490
1540,BMW, 1 Series,Manual,Petrol,2015.0,42000.0,305.0,35.3,3.0,45.0,3.0,17500
1217,Audi, A1,Semi-Auto,Petrol,2020.0,4500.0,145.0,44.8,1.5,88.0,4.0,24000
2681,Ford, Kuga,Manual,Diesel,2017.0,82584.13442011928,30.0,64.2,1.5,32.0,3.0,14490
2993,Audi, Q3,Semi-Auto,Petrol,2020.0,,150.0,40.4,1.5,85.0,4.0,30990
1191,BMW, 3 Series,Automatic,Diesel,2014.0,101153.3482853059,,,3.0,88.0,1.0,12080
1542,VW, Golf,Manual,Diesel,2015.0,62015.0,0.0,74.3,1.6,38.0,0.0,8498
3301,Toyota, Aygo,Manual,Petrol,2019.0,7052.0,150.0,57.7,1.0,48.0,1.0,9700
3324,Ford, Focus,Manual,Petrol,2014.0,78767.0,150.0,47.9,1.6,99.0,3.0,5299
2539,Toyota, Aygo,Manual,Petrol,2018.0,7500.0,145.0,56.5,1.0,36.0,1.0,7991
953,Mercedes, C Class,Automatic,Petrol,2017.0,65891.0,265.0,35.3,3.0,53.0,1.0,25995
732,BMW, 1 Series,Automatic,Petrol,2018.0,38527.0,145.0,,1.5,59.0,2.0,12800
1156,BMW, 4 Series,Semi-Auto,Diesel,2018.0,10990.0,145.0,,2.0,53.0,3.0,22991
3294,Toyota, Prius,Automatic,Hybrid,2014.0,47221.0,0.0,134.5,1.8,74.0,3.0,15995
2982,Opel, INSIGNIA,Manual,Petrol,2017.0,24041.0,20.0,68.9,1.6,54.0,4.0,9995
2156,Audi, A5,Automatic,Diesel,2019.0,,145.0,51.4,2.0,88.0,1.0,31990
1062,BMW, 3 Series,Semi-Auto,Diesel,2017.0,32181.0,,,2.0,31.0,2.0,17980
2616,Skoda, Superb,Manual,Diesel,,39089.0,20.0,92.826899537786,2.0,44.0,1.0,14451
1167,Ford, Fiesta,Manual,Petrol,2017.0,18734.0,145.0,54.3,1.2,40.0,0.0,9000
3222,Opel, Crossland X,Automatic,Petrol,2019.0,392.0,150.0,44.1,1.2,82.0,0.0,16990
3636,Skoda, Fabia,Automatic,Petrol,2019.0,8193.0,150.0,60.1,1.0,46.0,3.0,14000
2938,Ford, Focus,Manual,Petrol,2017.0,32511.0,150.0,41.5,2.0,66.0,0.0,14998
3140,Toyota, Aygo,Manual,Petrol,2018.0,16283.0,145.0,,1.0,61.0,1.0,6995
143,Ford, Fiesta,Manual,Petrol,2019.0,401.0,145.0,,1.0,82.0,2.0,15030
3577,BMW, 1 Series,Manual,Diesel,2017.0,16000.0,145.0,,1.5,34.0,0.0,11490
2782,Mercedes, E Class,Semi-Auto,Diesel,2015.0,54089.0,125.0,56.5,2.1,85.0,2.0,15490
717,BMW, X1,Automatic,Petrol,2018.0,19063.0,145.0,44.8,2.0,43.0,0.0,22500
1819,Mercedes, C Class,Semi-Auto,Diesel,2017.0,33105.0,145.0,64.2,2.1,63.0,3.0,18480
2502,BMW, 3 Series,Automatic,Diesel,2016.0,45000.0,30.0,64.2,2.0,68.0,2.0,13990
395,Mercedes,GLC Class,Semi-Auto,Diesel,2016.0,11562.0,125.0,56.5,2.1,84.0,2.0,27899
-450,bmw, 3 Series,utomatic,Diesel,2017.0,16844.0,145.0,56.5,3.0,90.0,2.0,19047
1365,Audi, A3,Semi-Auto,Petrol,2017.0,48575.0,145.0,,2.0,69.0,4.0,16436
-196,, GLC Class,Automatic,Diese,2018.0,8783.0,145.0,56.5,2.1,69.0,2.0,29400
595,Opel, Mokka X,Manual,Petrol,2017.0,24861.0,200.0,42.2,1.6,49.0,1.0,10299
3952,Opel, insignia,Manual,Diesel,2015.0,36501.0,20.0,,1.6,82.0,3.0,8998
2914,Toyota, Aygo,Manual,Petrol,2015.0,24619.0,0.0,69.0,1.0,80.0,2.0,7200
2326,VW, Golf,Automatic,Petrol,2019.0,1201.0,,32.8,2.0,81.0,4.0,28999
3766,Toyota, Aygo,Manual,,2017.0,28980.0,145.0,68.9,1.0,65.0,0.0,7549
3440,Hyundai, Tucson,Manual,Diesel,2018.0,21642.0,145.0,61.7,1.7,53.0,0.0,12698
3851,Skoda, Fabia,Manual,Petrol,2019.0,7113.0,150.0,52.3,1.0,87.0,,13490
-133,Toyota, Yaris,Automatic,hybrid,2018.0,17306.0,135.0,76.3,1.5,75.0,1.0,13363
-228,Hyundai, I10,manual,Petrol,2017.0,12717.0,145.0,60.1,,81.0,1.0,7500
2143,Ford,Mondeo,Manual,Diesel,2018.0,25659.0,145.0,47.1,2.0,56.0,0.0,12999
1571,VW,,Manual,Petrol,2017.0,13378.0,145.0,60.1,1.2,69.0,2.0,11300
-80,VW, Arteon,Semi-Auto,Petrol,2020.0,-48190.65567291227,150.0,32.8,2.0,83.0,1.0,34000
1122,VW, Tiguan,Semi-Auto,Diesel,2018.0,14406.0,145.0,39.8,2.0,31.0,1.0,23495
2786,Hyundai, IX20,Manual,Petrol,2013.0,42320.0,,45.6,1.4,70.0,1.0,6000
2967,BMW, 4 Series,Semi-Auto,Diesel,2018.0,10948.0,145.0,,2.0,56.0,2.0,22000
2504,Ford, Kuga,Manual,Diesel,2014.0,52681.0,145.0,53.3,2.0,81.0,2.0,9298
3465,VW,,Manual,Petrol,2019.0,3971.0,145.0,38.2,1.5,34.0,3.0,20890
675,Audi, A4,Semi-Auto,Petrol,2018.0,16473.0,145.0,49.6,1.4,71.0,0.0,21498
2808,Toyota, Aygo,Manual,Petrol,2016.0,15023.0,0.0,69.0,1.0,60.0,3.0,6995
3348,Opel, Astra,Manual,Petrol,2016.0,26696.0,125.0,51.4,1.4,89.0,3.0,9298
728,VW, Tiguan,Semi-Auto,Diesel,2017.0,25049.0,150.0,44.1,2.0,89.0,4.0,25990
412,VW, Up,Automatic,Petrol,2017.0,3645.0,150.0,65.7,1.0,62.0,1.0,7895
3146,Ford, Fiesta,Manual,Petrol,2016.0,15635.0,0.0,65.7,,63.0,,8995
1516,VW, Touran,Manual,Diesel,2019.0,11992.0,145.0,51.4,2.0,58.0,4.0,20190
825,, GLC Class,Automatic,Diesel,2016.0,57454.0,125.0,56.5,2.1,98.0,3.0,21000
3267,Toyota, Yaris,Automatic,Hybrid,2016.0,25750.0,,86.0,1.5,68.0,2.0,11000
3974,Toyota, Yaris,Manual,Petrol,2017.0,13420.0,145.0,56.5,1.5,31.0,2.0,10195
616,BMW, 3 Series,Manual,Diesel,2015.0,91246.0,125.0,61.4,2.0,33.0,3.0,10225
114,VW, Golf,Manual,Petrol,2019.0,4133.0,,47.1,1.5,99.0,0.0,18991
417,VW,,Manual,,2017.0,36434.0,145.0,61.4,1.6,79.0,4.0,16380
3069,VW, Polo,Manual,Petrol,2017.0,24341.0,20.0,60.1,1.2,62.0,0.0,10000
1625,Ford, Focus,Manual,Petrol,2017.0,31856.0,,,1.0,48.0,4.0,9989
-553,Ford, Fiesta,Manual,Petro,2019.0,3572.0,145.0,60.1,1.0,72.0,3.0,15899
-186,Skoda, Fabia,Manua,Petrol,2017.0,23902.0,145.0,64.2,1.0,67.0,1.0,8820
2896,Ford, Fiesta,Manual,Petrol,2018.0,7733.0,150.0,65.7,1.0,49.0,1.0,11600
-302,Ford,,Manual,iesel,2016.0,30000.0,125.0,61.4,1.5,38.0,3.0,13995
2082,Ford, Focus,Manual,Diesel,2015.0,31512.0,0.0,74.3,1.5,59.0,3.0,9198
753,Audi, A7,Semi-Auto,Diesel,2019.0,5724.0,145.0,48.7,2.0,46.0,4.0,30950
2546,Ford, Mondeo,Manual,Diesel,2018.0,27206.0,145.0,62.8,2.0,74.0,0.0,14599
3969,Mercedes, GLC Class,Semi-Auto,Diesel,2018.0,15000.0,145.0,,2.1,61.0,0.0,28295
3373,Opel, Mokka X,Manual,Petrol,2018.0,4186.0,150.0,47.1,1.4,83.0,2.0,12915
-108,BMW, 3 Series,Semi-Auto,DIESEL,2020.0,11.0,145.0,49.6,2.0,3.140370457788869,0.0,34995
2444,BMW, 1 Series,Semi-Auto,Diesel,2015.0,45000.0,20.0,72.4,1.5,71.0,0.0,10991
1066,Opel, Corsa,Manual,Petrol,2010.0,,125.0,51.4,1.4,34.0,2.0,3195
3913,Audi, A3,Manual,Diesel,2015.0,63769.0,20.0,68.9,2.0,73.0,1.0,9216
3498,Audi, A4,Automatic,Diesel,2017.0,42156.0,145.0,64.2,3.0,,2.0,18470
2738,VW, Golf,Semi-Auto,Petrol,2018.0,,145.0,,2.0,85.0,3.0,23495
-1,BM, 3 Series,Automatic,Hybrid,2016.0,84252.0,0.0,134.5,2.0,58.0,3.0,15199
1568,VW, Passat,Semi-Auto,Diesel,2017.0,18707.0,145.0,57.6,2.0,63.0,1.0,20990
2427,Ford, Edge,Manual,Diesel,2017.0,9975.0,145.0,48.7,2.0,3.2257436177114727,0.0,21333
3746,Mercedes, C Class,Automatic,Diesel,2016.0,32044.0,20.0,64.2,2.1,79.0,3.0,17699
-272,Hyundai, I10,Manual,etrol,2017.0,16403.0,20.0,60.1,1.0,91.0,2.0,6760
1687,VW, Tiguan,Automatic,Diesel,2017.0,36851.0,145.0,57.6,2.0,81.0,1.0,16425
851,Audi, A1,Manual,Petrol,2017.0,16434.0,145.0,70.6,1.4,51.0,4.0,15698
3546,BMW, 5 Series,Semi-Auto,Diesel,2019.0,101.0,145.0,60.1,2.0,54.0,2.0,30750
895,Audi, Q2,Semi-Auto,Petrol,2019.0,3049.0,150.0,43.5,1.5,78.0,,22995
335,Mercedes, GLC Class,Semi-Auto,Diesel,2019.0,1000.0,145.0,44.8,2.0,92.0,3.0,32749
2839,Hyundai, Tucson,Manual,Diesel,2017.0,34559.0,145.0,58.9,2.0,81.0,1.0,13690
3087,Ford, Focus,Manual,Petrol,2017.0,14724.0,,60.1,1.0,68.0,4.0,12300
1348,Ford, Kuga,Semi-Auto,Diesel,2017.0,10783.0,145.0,54.3,2.0,98.0,,16498
1015,Ford, fiesta,Semi-Auto,Petrol,2018.0,27301.0,145.0,54.3,1.0,46.0,0.0,11200
2816,Mercedes, GLC Class,Semi-Auto,Diesel,2020.0,1000.0,145.0,40.9,2.0,50.0,3.0,37189
1631,Ford, GALAXY,Manual,Diesel,2016.0,85259.0,125.0,56.5,2.0,38.0,3.0,12940
2489,Audi, A3,Manual,Petrol,2016.0,35694.0,20.0,60.1,1.0,41.0,3.0,12990
3730,Opel, Corsa,Manual,Petrol,2019.0,2378.0,145.0,43.5,1.4,56.0,1.0,9490
3251,VW, T-Roc,Semi-Auto,Petrol,2019.0,2860.0,145.0,39.8,1.5,70.0,0.0,22495
-267,Ford, Focus,anual,Petrol,2007.0,61000.0,200.0,40.4,1.6,63.0,4.0,2695
2070,Ford, Fiesta,Manual,Petrol,2018.0,5418.0,145.0,,1.0,94.0,1.0,12589
-492,W, Golf, Manual ,Petrol,2014.0,44000.0,30.0,53.3,1.4,57.0,4.0,10995
1635,VW, Tiguan,Semi-Auto,Petrol,2020.0,9.0,145.0,30.1,2.0,72.0,1.0,35480
2479,VW, Polo,Manual,Petrol,2015.0,49675.0,20.0,60.1,1.0,1.7694736373257314,0.0,7440
2265,Mercedes, C Class,Semi-Auto,Diesel,2014.0,35700.0,30.0,64.2,2.1,92.0,3.0,16499
2959,Ford, Fiesta,Manual,Petrol,2015.0,25449.0,30.0,54.3,1.2,74.0,2.0,5795
3059,Ford, Focus,Manual,Diesel,2013.0,30869.0,20.0,67.3,1.6,56.0,3.0,6490
2141,VW, Golf,Manual,Diesel,2017.0,36036.0,,61.4,1.6,74.0,2.0,12700
3118,Ford, Focus,Manual,Petrol,2015.0,20018.0,20.0,60.1,1.0,51.0,3.0,9495
-354,Hyundai, Tucson,emi-Auto,Diesel,2018.0,9292.0,145.0,57.6,1.7,47.0,0.0,16000
-46,BMW,,semi-auto,Diesel,2019.0,12209.0,145.0,62.8,2.0,94.0,1.0,26000
3356,Ford, Focus,Manual,,2017.0,22344.0,150.0,51.4,1.5,42.0,4.0,11650
2744,Ford, Focus,Manual,Diesel,2014.0,90391.0,20.0,67.3,1.6,42.0,2.0,5298
3506,Opel, Viva,Manual,Petrol,2016.0,18771.0,20.0,62.8,1.0,59.0,3.0,6230
1679,Opel, Adam,Manual,Petrol,2017.0,17412.0,150.0,52.3,1.4,,,8494
-250,mercedes, E Class,Automatic,Diesel,2013.0,82000.0,200.0,47.1,3.0,88.0,4.0,9990
3147,Audi, A3,Manual,Petrol,2016.0,21771.0,20.0,62.8,1.0,48.0,3.0,12800
2294,Toyota, Aygo,Manual,Petrol,2019.0,250.0,150.0,57.7,1.0,84.0,4.0,9500
580,BMW, 2 Series,Manual,Petrol,2019.0,1000.0,145.0,52.3,1.5,88.0,1.0,20980
1470,Audi, R8,Semi-Auto,Petrol,2020.0,2000.0,145.0,21.1,5.2,81.0,4.0,145000
-71,Opel, Astra,Manual,PETROL,2023.2679886733629,19702.0,125.0,52.3,1.4,95.0,2.0,8699
3343,Opel, Astra,Manual,Petrol,2018.0,167.0,145.0,52.3,1.4,72.0,4.0,12795
3672,Audi, Q7,Semi-Auto,Diesel,2018.0,37923.0,145.0,48.7,3.0,78.0,1.0,33075
559,VW, Golf,Manual,Diesel,,58275.0,20.0,68.9,2.0,45.0,1.0,10050
2849,Opel, Zafira,Manual,Petrol,2005.0,88000.0,265.0,35.8,1.6,96.0,,1295
512,VW, Golf,Manual,Petrol,2015.0,53474.0,30.0,53.3,1.4,64.0,3.0,9495
1081,Ford, Fiesta,Manual,Petrol,2018.0,8966.0,,64.2,1.1,31.0,0.0,9520
1664,Ford, Kuga,Automatic,Petrol,2017.0,21845.0,145.0,38.2,,69.0,2.0,15990
1012,Ford, Kuga,Manual,Petrol,2017.0,6318.0,160.0,45.6,1.5,95.0,3.0,12998
1931,Opel, Mokka X,Manual,Petrol,2019.0,19709.0,145.0,,1.4,83.0,0.0,12899
1150,Audi, A1,Manual,Diesel,2015.0,83390.0,0.0,80.7,1.6,33.0,0.0,7895
2838,Audi, A4,Manual,Petrol,2019.0,,145.0,39.2,2.0,56.0,2.0,22490
116,VW, Tiguan Allspace,Semi-Auto,Diesel,2020.0,6000.0,,,2.0,42.0,4.0,36999
740,, Focus,,Petrol,2019.0,12560.0,145.0,41.5,1.0,82.0,0.0,16598
-422,AUDI, A7,Semi-Auto,Diesel,2017.0,49281.0,150.0,54.3,3.0,65.0,0.0,22895
3675,Mercedes, GL Class,Automatic,Diesel,2016.0,36000.0,235.0,42.8,3.0,32.0,2.0,27990
830,BMW, 5 Series,Automatic,Petrol,2019.0,12541.0,145.0,50.4,2.0,3.140370457788869,4.0,21950
119,Toyota, Aygo,Manual,Petrol,2018.0,4515.0,145.0,56.5,1.0,46.0,0.0,8950
-397,VW, Passat,Automatic,Diesel,2020.0,1986.0,145.0,37.2,2.0,48.0,6.2458349512166365,39989
-365,Audi, A1,Semi-Aut,Petrol,2017.0,35903.0,145.0,56.5,1.4,66.0,1.0,14750
635,Toyota, Yaris,Automatic,Petrol,2018.0,16564.0,,47.1,1.5,35.0,1.0,12280
-143,Ford, Focus,anual,Diesel,2017.0,42632.0,150.0,74.3,1.5,73.0,0.0,10999
991,BMW, X3,Semi-Auto,Diesel,2018.0,10488.0,145.0,48.7,3.0,93.0,4.0,32340
876,Ford, C-MAX,Manual,Petrol,2016.0,30608.0,,44.1,1.6,46.0,1.0,9399
4,Audi, RS6,Semi-Auto,Petrol,2017.0,39300.0,145.0,29.4,4.0,94.0,2.0,54490
3051,Ford, Kuga,Automatic,Petrol,2017.0,8800.0,240.0,38.2,1.5,46.0,1.0,14995
3124,VW, Tiguan,Manual,Diesel,2017.0,15000.0,145.0,50.4,2.0,34.0,1.0,18250
2660,Audi, A1,Manual,Petrol,2019.0,4467.0,150.0,46.3,1.5,31.0,3.0,21644
2491,Audi, A5,Automatic,Diesel,2017.0,,150.0,62.8,2.0,45.0,2.0,21490
3854,Mercedes, A Class,Automatic,Petrol,2018.0,,145.0,,1.3,51.0,3.0,19750
1715,Mercedes, GLE Class,Automatic,Petrol,2018.0,16592.0,145.0,23.7,5.5,44.0,4.0,66974
1148,Audi, Q7,Automatic,Diesel,2016.0,41348.0,205.0,47.9,3.0,84.0,4.0,30500
3261,Audi, Q8,Semi-Auto,Diesel,2019.0,2715.0,145.0,9.821461970493658,3.0,45.0,4.0,51950
574,Ford, Fiesta,Manual,Petrol,2019.0,7556.0,145.0,60.1,1.0,34.0,0.0,14699
3769,Opel, Combo Life,Manual,Petrol,,2494.0,150.0,42.2,1.2,72.0,1.0,13999
3736,Hyundai, I10,Manual,Petrol,2017.0,30367.0,145.0,57.7,1.2,79.0,4.0,7000
-147,BMW, X1,automatic,Diesel,2017.0,8000.0,150.0,60.1,2.0,95.0,2.0,20990
853,Ford, Fiesta,Manual,Petrol,2018.0,20498.0,145.0,56.5,1.0,88.0,1.0,10999
1982,Audi, RS3,Semi-Auto,Petrol,2017.0,17889.0,145.0,34.0,2.5,70.0,0.0,36990
2774,Hyundai, I30,Manual,Petrol,2019.0,3750.0,145.0,42.2,1.4,44.0,4.0,17490
1166,Skoda, Superb,Manual,Diesel,2018.0,23733.0,145.0,65.7,2.0,87.0,3.0,16000
971,Mercedes, C Class,Automatic,Diesel,2018.0,37763.0,145.0,61.4,2.1,48.0,2.0,18699
2701,Toyota, Yaris,Manual,Petrol,2019.0,5000.0,145.0,47.9,1.5,85.0,0.0,11795
3847,Audi, A4,Manual,Petrol,2019.0,3000.0,145.0,39.2,2.0,59.0,4.0,28000
2368,Mercedes, SLK,Other,Diesel,2015.0,39000.0,,56.5,2.1,81.0,4.0,12995
-116,Ford, Kuga,Manua,,2017.0,23698.0,150.0,45.6,1.5,52.0,1.0,15200
-132,W, Golf,Semi-Auto,Petro,2018.0,11800.0,150.0,39.8,2.0,38.0,0.0,25980
2950,Toyota, Yaris,Automatic,Hybrid,2016.0,20924.0,0.0,78.0,1.5,46.0,4.0,13290
524,Mercedes, C Class,Semi-Auto,Diesel,2019.0,4615.0,145.0,54.3,2.0,50.0,2.0,31990
2455,Skoda, Superb,Manual,Diesel,2013.0,46000.0,30.0,61.4,2.0,82.0,3.0,8699
1841,VW, Golf,Semi-Auto,Hybrid,2020.0,5.0,135.0,141.3,1.4,45.0,2.0,33000
537,VW, T-Roc,Manual,Diesel,2018.0,6482.0,145.0,50.4,1.6,53.0,4.0,18595
2806,Audi, A4,Automatic,Diesel,2019.0,16500.0,145.0,49.6,2.0,81.0,2.0,24350
3175,BMW,,Semi-Auto,Petrol,2020.0,105.0,145.0,38.7,2.0,65.0,1.0,30990
784,Skoda, Citigo,Manual,Petrol,2016.0,25694.0,20.0,62.8,1.0,75.0,3.0,6995
-58,ercedes, C Class,Semi-Auto,Petrol,2017.0,19000.0,145.0,43.5,2.0,60.0,1.0,24699
1409,Hyundai, I800,Automatic,Diesel,2017.0,23870.0,325.0,33.6,2.5,98.0,4.0,14000
2537,Mercedes, A Class,Manual,Petrol,2018.0,21112.0,150.0,,1.6,39.0,0.0,16000
154,Audi, A1,Semi-Auto,Petrol,2017.0,26200.0,145.0,56.5,1.4,64.0,0.0,15000
3009,Ford, Focus,Manual,Petrol,2018.0,19653.0,145.0,41.5,2.0,84.0,2.0,17989
1686,Mercedes, GLA Class,Automatic,Diesel,2015.0,47851.0,125.0,55.4,2.1,88.0,3.0,16250
2901,Audi, A4,Manual,Diesel,2016.0,37655.0,20.0,68.9,2.0,72.0,0.0,16000
-552,VW, Golf,MANUAL,Diesel,2008.0,88000.0,160.0,49.6,2.0,75.0,0.0,4495
3863,BMW, X1,Semi-Auto,Diesel,2017.0,46622.0,125.0,57.6,2.0,64.0,1.0,16998
2733,BMW, 1 Series,Automatic,Petrol,2014.0,38809.0,145.0,48.7,1.6,64.0,0.0,10999
1895,VW, Golf,Manual,Petrol,2020.0,3000.0,145.0,45.6,1.5,68.0,1.0,22995
569,Mercedes, E CLASS,Semi-Auto,Diesel,2016.0,30209.0,30.0,65.7,2.0,92.0,3.0,21749
1816,Skoda, Scala,Manual,Petrol,2019.0,2250.0,145.0,49.6,1.0,88.0,1.0,14995
2065,BMW, X,Manual,Petrol,2019.0,1701.0,145.0,,1.5,48.0,1.0,23000
127,Hyundai, IX20,Manual,Petrol,2016.0,15560.0,125.0,50.4,1.4,92.0,4.0,8250
3394,VW, Golf,Manual,Diesel,2018.0,34000.0,145.0,61.4,1.6,36.0,,15189
3327,Audi, Q8,Automatic,Diesel,,6000.0,145.0,32.8,3.0,34.0,0.0,64990
-587,Mercedes, E Class,Automatic,etrol,2015.0,83079.0,555.0,28.8,5.5,58.0,1.0,21900
2975,Mercedes, GLA Class,Semi-Auto,Diesel,2019.0,11241.0,145.0,67.3,3.723712168624484,67.0,0.0,23980
980,Ford, Kuga,Manual,Diesel,2014.0,29989.0,145.0,53.3,2.0,73.0,3.0,10495
2300,Toyota, Land Cruiser,Semi-Auto,Diesel,2019.0,22845.0,150.0,30.1,2.8,76.0,3.0,42990
190,Mercedes, B CLASS,Semi-Auto,Petrol,2019.0,10588.0,145.0,45.6,3.723712168624484,85.0,3.0,22699
1139,VW, Caddy Maxi Life,Semi-Auto,Diesel,2019.0,9277.0,145.0,54.3,2.0,30.0,1.0,18795
699,Audi, A4,Manual,Diesel,2017.0,40133.0,145.0,62.8,2.0,94.0,4.0,17995
-398,BMW, 2 Series,Automati,Diesel,2017.0,49264.0,150.0,62.8,2.0,58.0,2.0,13400
606,Opel, Corsa,Manual,Petrol,2016.0,40185.0,30.0,55.4,1.4,60.0,4.0,6995
-277,Ford, Focus,Manual,Petrol,2016.0,-42650.45371874818,125.0,51.4,1.5,63.0,3.0,12495
301,Ford, focus,Manual,Petrol,2017.0,20266.0,,,1.0,40.0,0.0,11450
3420,Ford, Focus,Manual,Petrol,2013.0,37002.0,20.0,58.9,1.0,41.0,4.0,6790
-436,W, Tiguan,Semi-Auto,Petrol,2017.0,29535.0,145.0,38.2,2.0,49.0,4.0,22490
1060,BMW, 1 Series,Manual,Diesel,2016.0,27636.0,0.0,83.1,1.5,34.0,1.0,10599
2565,BMW, 4 Series,Automatic,Petrol,2019.0,10.0,145.0,45.6,2.0,89.0,3.0,31980
-595,AUDI, A6,Automatic,Diesel,2019.0,40000.0,145.0,54.3,3.0,41.0,4.0,26490
1069,Opel, GTC,Manual,Diesel,2016.0,48877.0,30.0,67.3,1.6,95.0,3.0,8991
2524,Opel, Astra,Manual,Petrol,2015.0,48494.0,,43.5,1.6,78.0,0.0,6899
2205,Audi, A6,Automatic,Diesel,2019.0,1200.0,145.0,50.4,2.0,34.0,1.0,29990
1243,Opel, Astra,Manual,Petrol,2018.0,200.0,145.0,,1.4,30.0,4.0,12795
16,VW, Polo,Automatic,Petrol,,6000.0,145.0,46.3,1.0,83.0,4.0,19490
3120,Opel, Corsa,Manual,Diesel,2014.0,53479.0,30.0,,1.3,89.0,4.0,4785
815,Ford,,Manual,Diesel,2018.0,16786.0,,60.1,2.0,66.0,2.0,17200
3067,Ford, Focus,Manual,Diesel,2017.0,25279.0,0.0,74.3,1.5,40.0,0.0,12998
959,Ford, Focus,Manual,Diesel,2019.0,6696.0,,70.6,2.0,89.0,3.0,18999
225,BMW, 1 Series,Manual,Diesel,2019.0,12266.0,150.0,65.7,2.0,99.0,0.0,17797
3354,Mercedes, GLC Class,Semi-Auto,Diesel,2019.0,5218.0,145.0,40.9,2.0,67.0,0.0,39790
2485,Ford, Fiesta,Manual,Petrol,2019.0,5752.0,,58.9,1.0,93.0,3.0,15910
562,Ford, Fiesta,Manual,Petrol,2017.0,29408.0,145.0,65.7,1.0,38.0,,9250
3436,Ford, Focus,Manual,Diesel,2016.0,41394.0,0.0,74.3,1.5,68.0,4.0,10955
1693,BMW, 3 Series,Manual,Diesel,2009.0,97000.0,125.0,,2.0,45.0,4.0,4500
1045,Skoda, Octavia,Manual,Diesel,2018.0,19756.0,145.0,68.9,1.6,73.0,3.0,12298
3446,Audi,A1,Manual,Petrol,2020.0,5000.0,145.0,47.9,1.0,99.0,4.0,21000
954,Mercedes, cl class,Automatic,Diesel,2014.0,29211.0,30.0,62.8,2.1,90.0,4.0,17350
2735,VW, Up,Manual,Petrol,,30320.0,20.0,62.8,1.0,56.0,2.0,5180
-512,Skoda, Kamiq,utomatic,OTHER,2019.0,200.0,145.0,44.1,1.5,48.0,1.0,18980
1218,Opel, Viva,Manual,Petrol,2017.0,5579.0,145.0,61.4,1.0,93.0,4.0,6998
1527,Mercedes, A Class,Automatic,Petrol,2018.0,31130.0,150.0,53.3,1.3,40.0,3.0,15899
3987,Ford, Fiesta,Manual,Petrol,2018.0,7100.0,150.0,65.7,1.0,74.0,2.0,11295
1300,Mercedes, GLS Class,Automatic,Diesel,2018.0,18500.0,145.0,,3.0,95.0,,43289
160,Toyota, Aygo,Manual,Petrol,2016.0,26556.0,0.0,,1.0,98.0,1.0,6495
-68,Audi, A3,MANUAL,Petrol,2018.0,26100.0,150.0,54.3,1.5,32.0,4.0,18990
956,Audi, Q3,Semi-Auto,Petrol,2020.0,4432.0,145.0,39.2,1.5,46.0,2.0,32881
3791,VW, Tiguan,Semi-Auto,Diesel,2019.0,,145.0,35.3,2.0,67.0,0.0,31990
3234,Mercedes, B Class,Semi-Auto,Diesel,2019.0,2369.0,145.0,55.4,2.0,78.0,3.0,26899
2869,Ford, Kuga,Semi-Auto,Diesel,2018.0,16200.0,299.473503908807,54.3,2.0,47.0,4.0,23499
3777,Skoda, Octavia,Semi-Auto,Diesel,2016.0,48088.0,125.0,60.1,2.0,78.0,4.0,13882
2961,VW, Up,Manual,Petrol,2017.0,15000.0,145.0,64.2,1.0,67.0,1.0,7562
2200,Opel, Astra,Manual,Petrol,2019.0,17359.0,145.0,52.3,1.4,94.0,3.0,10995
98,Opel, Corsa,Manual,Petrol,2017.0,37601.0,30.0,55.4,1.4,55.0,1.0,6491
2557,Mercedes, M Class,Automatic,Diesel,2015.0,53815.0,205.0,39.2,,79.0,2.0,18300
3183,Opel, Corsa,Manual,Petrol,2019.0,6560.0,145.0,43.5,1.4,83.0,0.0,10995
253,Toyota, Aygo,Manual,Petrol,2016.0,13171.0,0.0,69.0,1.0,,2.0,6995
3923,Opel, Astra,Manual,Petrol,2017.0,42858.0,125.0,51.4,1.4,82.0,,9350
-200,Audi, A3,semi-auto,Petrol,2019.0,2470.0,150.0,34.9,2.0,53.0,0.0,32900
1445,Audi, A1,Manual,Petrol,2017.0,23655.0,30.0,55.4,1.4,35.0,1.0,14495
1648,Audi, Q5,Automatic,Diesel,2019.0,11844.0,145.0,,2.0,65.0,0.0,29990
3991,Opel, Corsa,Manual,Petrol,2013.0,71518.0,125.0,51.4,1.2,92.0,2.0,3790
1696,Skoda, Karoq,Manual,Petrol,2018.0,46377.0,145.0,,1.0,80.0,2.0,14793
3191,Mercedes, A Class,Semi-Auto,Petrol,2019.0,10617.0,150.0,53.3,1.3,61.0,0.0,23500
1154,VW, T-Roc,Manual,Diesel,2019.0,10.0,145.0,50.4,1.6,56.0,3.0,20491
2255,Ford, Galaxy,Manual,Diesel,2010.0,113000.0,200.0,49.6,2.0,62.0,4.0,5995
1682,Mercedes, C Class,Automatic,Petrol,2019.0,6374.0,145.0,30.4,3.0,40.0,3.0,36090
3170,Ford, Focus,Manual,Diesel,2016.0,72085.0,20.0,67.3,2.0,97.0,4.0,11500
2056,BMW, 2 Series,,Petrol,2020.0,10.0,145.0,42.2,1.5,82.0,1.0,26995
-91,audi, Q2,Manual,Diesel,2018.0,8215.0,145.0,47.9,1.6,85.0,0.0,19995
3108,Toyota, Auris,Automatic,Petrol,2011.0,150000.0,0.0,70.6,1.8,35.0,4.0,4999
3723,Ford, Focus,Manual,Diesel,2017.0,33432.0,0.0,74.3,1.5,44.0,1.0,9780
2049,BMW, X3,Manual,Diesel,2013.0,67652.0,160.0,50.4,,98.0,0.0,9549
3643,VW, Tiguan,Semi-Auto,,2019.0,9000.0,145.0,,2.0,57.0,4.0,33995
-533,MW, 1 Series,Manual,Petrol,2014.0,42994.0,145.0,50.4,1.6,82.0,1.0,9999
623,VW, Polo,Manual,Petrol,2016.0,8900.0,20.0,,1.0,55.0,3.0,10500
262,VW, Up,Manual,Petrol,2017.0,9028.0,145.0,64.2,1.0,73.0,0.0,8299
3369,Toyota, Yaris,Manual,Petrol,2015.0,29568.0,30.0,58.0,1.3,86.0,0.0,7695
-62,Skoda, Octavia,Manual,iesel,2017.0,54331.0,20.0,70.6,2.0,40.0,4.0,10995
1802,Toyota, Auris,Automatic,Hybrid,2017.0,53707.0,0.0,78.5,1.8,94.0,1.0,14695
-593,VW, Golf,anual,Diesel,2016.0,37300.0,20.0,,2.0,74.0,,15998
2385,Toyota, Yaris,Automatic,Hybrid,2015.0,24654.0,0.0,78.0,1.5,70.0,2.0,12721
1959,Audi, A3,Manual,Diesel,2019.0,12928.0,150.0,51.4,1.6,61.0,1.0,19300
2976,BMW, 4 Series,Semi-Auto,Diesel,2020.0,10.0,145.0,65.7,2.0,79.0,3.0,27495
488,Ford, Kuga,Manual,Diesel,2017.0,21223.0,125.0,60.1,2.0,77.0,2.0,13331
1843,Toyota, Yaris,Manual,Petrol,2019.0,4773.0,145.0,47.9,1.5,70.0,4.0,12329
1734,BMW, 5 Series,Semi-Auto,Hybrid,2019.0,1400.0,135.0,,2.0,76.0,2.0,32250
2911,Ford,fiesta,Manual,Petrol,2019.0,12286.0,145.0,58.9,1.0,98.0,2.0,11798
3219,Opel, Mokka,Manual,Diesel,2015.0,49618.0,125.0,60.1,,45.0,2.0,8999
146,BMW, X4,Semi-Auto,Diesel,2019.0,3414.0,145.0,37.2,3.0,35.0,1.0,42412
1986,BMW, 4 Series,Automatic,Diesel,2018.0,18000.0,150.0,65.7,2.0,47.0,0.0,21000
1369,Toyota, C-HR,Automatic,Hybrid,2018.0,8661.0,135.0,,1.8,54.0,2.0,20995
2811,Opel, Mokka X,Manual,Petrol,2018.0,5210.0,145.0,39.2,1.4,59.0,0.0,10990
659,Audi, Q2,Manual,Diesel,2019.0,5015.0,145.0,49.6,1.6,96.0,2.0,20470
1794,Skoda, Karoq,Automatic,Petrol,2018.0,18635.0,150.0,50.4,1.5,63.0,1.0,19990
2511,Opel, Crossland X,Manual,Petrol,2019.0,13740.0,145.0,44.8,1.2,54.0,0.0,12036
3397,Skoda, Yeti Outdoor,Manual,Petrol,2016.0,42706.0,125.0,51.4,1.2,46.0,4.0,11725
-283,Ford, Focus,Manual,Petrol,2018.0,7122.0,-45.78061048970173,,2.0,46.0,3.0,20990
1147,VW,Polo,Manual,Petrol,2020.0,2887.0,145.0,,1.0,48.0,3.0,13990
3272,VW, Gol,Manual,Petrol,2018.0,27260.0,145.0,58.9,1.0,89.0,3.0,12590
608,Ford,Focus,Semi-Auto,Diesel,2018.0,29685.0,145.0,67.3,1.5,70.0,2.0,13000
3582,Opel, Crossland X,Manual,Petrol,2019.0,83688.65539191502,145.0,47.1,1.2,39.0,2.0,11500
1930,VW, Polo,Manual,Petrol,2017.0,7889.0,,58.9,1.0,64.0,1.0,10950
197,Mercedes, E Class,Automatic,Diesel,2017.0,26233.0,20.0,72.4,2.0,89.0,4.0,19260
2931,VW, Golf SV,Semi-Auto,Petrol,2019.0,50.0,145.0,42.8,1.5,52.0,4.0,22250
2327,Opel, Astra,Manual,Petrol,2019.0,3191.0,145.0,45.6,1.4,63.0,3.0,14926
-390,For, Fiesta,Manual,Petrol,2017.0,50599.0,0.0,65.7,1.0,82.0,1.0,10498
766,Mercedes, GLC Class,Automatic,Petrol,2019.0,1852.0,145.0,,2.0,37.0,1.0,31995
-219,BMW, 4 Series,Manual,iesel,2017.0,30000.0,145.0,62.8,,92.0,4.0,17500
3255,VW, Passat,Semi-Auto,Diesel,,3800.0,145.0,49.6,1.6,42.0,3.0,21989
202,Opel, Corsa,Manual,Petrol,2016.0,25000.0,30.0,55.4,1.4,34.0,1.0,6495
3510,Ford, Fiesta,Manual,Petrol,2017.0,12280.0,150.0,54.3,1.2,99.0,0.0,8191
1733,Opel, Mokka X,Automatic,Petrol,2016.0,15781.0,,43.5,1.4,87.0,0.0,13245
2777,Opel,Astra,Manual,Petrol,2020.0,10.0,145.0,54.3,1.2,39.0,2.0,15998
1707,Mercedes, C Class,Semi-Auto,Petrol,2017.0,9238.0,,48.7,2.0,92.0,2.0,21500
3474,VW, Passat,Manual,Diesel,2018.0,18000.0,145.0,,2.0,44.0,4.0,18900
854,Opel, Insignia,Manual,Diesel,2016.0,53033.0,20.0,68.9,1.6,35.0,4.0,7891
-98,Audi, A1,Manual,Petro,2017.0,18365.0,145.0,39.8,2.0,50.0,4.0,22750
2160,Opel, Astra,Manual,Petrol,2017.0,20322.0,160.0,46.3,1.6,88.0,2.0,12398
698,VW, Tiguan,Automatic,Diesel,2016.0,33144.0,,,2.0,97.0,3.0,14500
-550,audi, A7,Semi-Auto,Diese,2014.0,29319.0,145.0,54.3,3.0,82.0,4.0,19800
2999,Audi, Q5,Semi-Auto,Diesel,2020.0,5480.0,145.0,34.5,3.0,40.0,4.0,53990
3696,Skoda, Fabia,Manual,Petrol,2019.0,13046.0,145.0,61.4,1.0,42.0,1.0,11959
1636,Ford, Fiesta,Manual,,2016.0,23940.0,145.0,47.9,,59.0,0.0,9950
3457,Audi, Q3,Semi-Auto,Petrol,2016.0,22351.0,145.0,47.9,1.4,66.0,3.0,17032
3581,Mercedes, A Class,Automatic,Diesel,2019.0,11288.0,145.0,68.9,1.5,86.0,3.0,18798
1291,BMW, 2 Series,Semi-Auto,Diesel,2016.0,28099.0,145.0,,2.0,84.0,3.0,17998
1853,Audi, A3,Automatic,Diesel,2018.0,15044.0,145.0,52.3,1.6,60.0,0.0,20550
3763,VW, Up,Manual,Petrol,2015.0,18644.0,20.0,62.8,1.0,78.0,0.0,6995
3304,VW, Tiguan,Semi-Auto,Diesel,2017.0,42755.0,,49.6,2.0,63.0,1.0,22750
-520,VW, Polo,manual,Diesel,2019.0,9000.0,145.0,55.4,1.6,83.0,1.0,14000
3743,Opel, Corsa,Manual,Petrol,2016.0,21600.0,30.0,54.3,1.4,36.0,1.0,7490
3445,Audi, Q3,Semi-Auto,Diesel,2017.0,15336.0,145.0,51.4,2.0,79.0,2.0,25082
1998,Opel, Corsa,Manual,Petrol,2017.0,31179.0,145.0,55.4,1.4,64.0,0.0,6982
663,VW, Up,Manual,Petrol,2016.0,28388.0,,64.2,1.0,42.0,4.0,7495
3748,Ford, Fiesta,Manual,Petrol,2018.0,14980.0,145.0,65.7,1.0,65.0,3.0,10995
-414,ercedes, A Class,Automatic,Diesel,2017.0,23857.0,145.0,74.3,1.5,90.0,2.0,16299
709,Mercedes, C Class,Automatic,Petrol,2017.0,28042.0,,50.4,2.0,82.0,2.0,17800
1282,Ford, Focus,Manual,Petrol,2017.0,26345.0,145.0,61.4,1.0,99.0,3.0,9900
2675,Mercedes, B Class,Semi-Auto,Diesel,2019.0,1000.0,145.0,55.4,2.0,70.0,2.0,24589
-30,VW, Tiguan,automatic,Petrol,2019.0,4305.0,145.0,37.2,1.5,61.0,4.0,28000
1306,Mercedes, GLC Class,Semi-Auto,Diesel,2019.0,2424.0,145.0,42.2,2.1,91.0,2.0,32949
2237,BMW, 6 Series,Automatic,Diesel,2013.0,62068.0,160.0,49.6,3.0,59.0,0.0,16199
3302,Mercedes, GLC Class,Semi-Auto,Petrol,2020.0,2729.0,145.0,34.0,2.0,92.0,4.0,34987
2038,Mercedes, GLC Class,Automatic,Diesel,2015.0,18580.0,125.0,56.5,2.1,76.0,1.0,22965
1529,Ford, Focus,Manual,Petrol,2019.0,7932.0,145.0,58.9,1.0,54.0,3.0,15500
1663,Mercedes, A Class,Semi-Auto,Petrol,2018.0,11910.0,145.0,40.9,2.0,51.0,1.0,30949
-538,Ford, Focus,Manual,etrol,2017.0,46249.0,145.0,61.4,1.0,57.0,1.0,9200
-586,Ford, Fiesta,Manual,petrol,2017.0,6721.0,125.0,54.3,1.2,69.0,3.0,8498
3627,Audi, A5,Automatic,Diesel,2014.0,88000.0,125.0,58.9,2.0,68.0,0.0,9990
2693,Ford, Fiesta,Manual,Petrol,2019.0,6937.0,145.0,40.3,1.5,3.2257436177114727,4.0,16399
3060,Mercedes, C Class,Automatic,Diesel,2016.0,42310.0,30.0,64.2,2.1,32.0,2.0,17300
1597,Opel, Astra,Manual,Diesel,2017.0,24193.0,145.0,85.6,1.6,79.0,2.0,9240
2729,Opel, Astra,Manual,Petrol,2016.0,27474.0,125.0,51.4,1.4,95.0,1.0,10001
2625,VW, Polo,Semi-Auto,Petrol,2017.0,,20.0,60.1,1.2,39.0,1.0,12498
3157,Opel, Astra,Manual,Petrol,2017.0,15255.0,125.0,51.4,1.4,61.0,4.0,10170
3314,Audi, A3,Manual,Diesel,2020.0,3000.0,145.0,56.5,2.0,65.0,0.0,20499
1722,VW, Passat,Semi-Auto,Petrol,2018.0,25900.0,145.0,,1.4,55.0,1.0,17498
1059,Ford, Fiesta,Manual,Petrol,2018.0,34064.0,145.0,64.2,1.1,64.0,4.0,8691
3242,Audi, A3,Manual,Petrol,2016.0,47602.0,30.0,,1.4,92.0,0.0,13500
1678,Ford, Fiesta,Manual,Petrol,2015.0,28088.0,145.0,47.9,1.6,66.0,4.0,9640
1757,Hyundai, Tucson,Automatic,Diesel,2017.0,29275.0,240.0,43.5,2.0,67.0,4.0,18000
-192,For, Focus,MANUAL,Petrol,2017.0,26781.0,145.0,60.1,1.0,98.0,3.0,11298
563,VW, Up,Manual,Petrol,2019.0,5400.0,145.0,,1.0,82.0,3.0,8980
2790,Opel, GRANDLAND X,Manual,Diesel,2018.0,11369.0,145.0,70.6,1.6,56.0,0.0,14499
863,Mercedes, GLA Class,Semi-Auto,Diesel,2018.0,15728.0,145.0,56.5,2.1,35.0,3.0,21980
1484,Mercedes, C Class,Automatic,Petrol,2014.0,48100.0,,44.8,1.6,80.0,2.0,10990
206,Ford, Edge,Manual,Diesel,2016.0,48585.0,160.0,48.7,2.0,64.0,1.0,17500
-489,Ford, Focus,Manual,iesel,2017.0,21786.0,145.0,74.3,1.5,38.0,1.0,11300
870,BMW, 8 Series,Semi-Auto,Petrol,2019.0,2881.0,150.0,31.7,3.0,90.0,0.0,59694
-494,Ford, Fiesta,Manual,PETROL,2017.0,19867.0,145.0,62.8,1.0,66.0,2.0,10495
502,Opel, Meriva,Manual,Diesel,2011.0,51245.0,140.0,54.3,1.7,85.0,0.0,4000
1028,VW,golf,Manual,Petrol,2013.0,51223.0,30.0,57.6,1.2,33.0,1.0,7495
3840,Audi, A3,Manual,Petrol,2017.0,19471.0,145.0,55.4,1.5,71.0,2.0,19300
2690,VW, Polo,Manual,Petrol,2018.0,15000.0,150.0,51.4,1.0,56.0,2.0,13999
1570,Mercedes, GLA Class,Automatic,Diesel,2018.0,14000.0,145.0,56.5,2.2,62.0,4.0,22990
2773,Hyundai, I10,Manual,Petrol,2016.0,,20.0,61.4,1.0,57.0,2.0,5995
2731,Ford, Focus,Manual,Petrol,2019.0,5298.0,150.0,60.1,1.0,74.0,3.0,17990
804,Ford, Fiesta,Manual,Petrol,2018.0,20884.0,,,1.0,74.0,3.0,8975
3645,Mercedes, GLC Class,Semi-Auto,Petrol,2019.0,4086.0,145.0,43.5,2.0,78.0,2.0,31649
2454,Opel, Corsa,Manual,Petrol,2019.0,3575.0,145.0,43.5,1.4,76.0,4.0,9388
3104,Ford, EcoSport,Automatic,Petrol,2018.0,28536.0,145.0,48.7,1.0,34.0,1.0,13895
200,Mercedes, C Class,Automatic,Diesel,2019.0,2960.0,145.0,55.4,2.0,51.0,2.0,32540
3099,Ford,,Manual,Petrol,2018.0,7273.0,145.0,48.7,1.2,95.0,4.0,8895
2278,Toyota, Auris,Automatic,Hybrid,2015.0,47988.0,0.0,72.4,1.8,72.0,2.0,12000
3561,Hyundai, Ioniq,Automatic,Hybrid,2017.0,20513.0,135.0,78.5,1.6,77.0,3.0,16595
-475,udi, A3,,Diesel,2020.0,5500.0,150.0,44.1,2.0,76.0,0.0,28950
-515,Ford, Fiesta,manual,Petrol,2015.0,36700.0,0.0,65.7,1.0,41.0,2.0,7298
391,VW, Golf,Semi-Auto,Petrol,2017.0,17285.0,145.0,39.8,2.0,55.0,4.0,25489
1495,Mercedes, C Class,Manual,Diesel,2016.0,83786.0,,72.4,1.6,32.0,3.0,10998
2695,Opel, Mokka X,Manual,Petrol,2018.0,29998.0,150.0,39.2,1.4,69.0,0.0,11990
2027,Mercedes, GLC Class,Automatic,Diesel,2019.0,3395.0,145.0,44.8,2.0,94.0,,36540
2568,VW, Sharan,Manual,Petrol,2001.0,68010.0,330.0,30.1,2.0,75.0,2.0,3490
64,Mercedes, GLC Class,Automatic,Diesel,2019.0,2500.0,145.0,40.9,2.0,33.0,0.0,41890
3884,Mercedes, E Class,Semi-Auto,Diesel,2017.0,29816.0,145.0,61.4,2.0,43.0,2.0,20998
2062,Ford, Galaxy,Semi-Auto,Diesel,2019.0,3802.0,145.0,54.3,2.0,35.0,1.0,28500
492,Toyota, Auris,Manual,Petrol,2013.0,69995.0,150.0,,1.6,66.0,3.0,6000
379,Hyundai, I30,Manual,Petrol,2017.0,18994.0,150.0,56.5,1.0,81.0,,10495
3993,Skoda, Kodiaq,Manual,Petrol,2017.0,30096.0,150.0,45.6,1.4,98.0,0.0,16999
1076,Toyota, Yaris,Manual,Petrol,2019.0,8204.0,145.0,,1.5,47.0,0.0,11875
878,Ford, EcoSport,Manual,Diesel,2018.0,20735.0,145.0,64.2,1.5,66.0,0.0,15695
337,Ford, Kuga,Manual,Diesel,2019.0,5812.0,145.0,54.3,1.5,87.0,1.0,20990
1016,Opel, Insignia,Manual,Petrol,2019.0,4070.0,145.0,44.8,1.5,78.0,2.0,13495
1275,Mercedes, X-CLASS,Automatic,Diesel,2018.0,3500.0,250.0,35.8,2.3,71.0,3.0,28490
3798,Hyundai, Tucson,Manual,,2015.0,49464.0,30.0,61.7,1.7,63.0,4.0,11000
3342,VW, Up,Automatic,Petrol,2013.0,56169.0,20.0,62.8,1.0,51.0,3.0,6600
995,BMW, 3 SERIES,Semi-Auto,Diesel,,26200.0,,51.4,3.0,78.0,4.0,19895
1981,Hyundai, Ioniq,,Hybrid,2018.0,10052.0,135.0,78.5,1.6,41.0,1.0,15990
-298,Opel, Grandland X,manual,Petrol,2019.0,11015.0,145.0,44.1,1.2,99.0,0.0,18991
161,Hyundai, I30,Automatic,Diesel,2013.0,37438.0,160.0,51.4,1.6,53.0,0.0,7199
1500,Mercedes, GLA Class,Semi-Auto,Diesel,2015.0,12475.0,125.0,55.4,2.1,71.0,3.0,19995
3843,VW, POLO,Manual,Petrol,2016.0,19767.0,20.0,60.1,1.2,48.0,3.0,9990
2613,Skoda, Octavia,Manual,Diesel,2019.0,5614.0,145.0,53.3,2.0,63.0,2.0,19960
3461,Audi, A4,Automatic,Petrol,2013.0,42011.0,145.0,,2.0,82.0,1.0,9498
1021,Hyundai, I20,Manual,Petrol,2016.0,47282.0,30.0,55.4,1.2,30.0,2.0,6899
3073,Mercedes, CL Class,Semi-Auto,Petrol,2019.0,2001.0,145.0,38.2,2.0,42.0,2.0,27149
3943,Audi, A3,Manual,Diesel,2016.0,19494.0,30.0,67.3,2.0,3.11529529741442,3.0,12500
1585,Opel, Viva,Manual,Petrol,2019.0,6493.0,150.0,46.3,1.0,60.0,4.0,6695
1955,Audi, Q3,Manual,Petrol,2015.0,27632.0,125.0,50.4,1.4,80.0,4.0,13990
3152,Opel, Insignia,Automatic,Diesel,2018.0,33894.0,145.0,,2.0,89.0,4.0,15199
34,Mercedes, C Class,,Diesel,2019.0,631.0,145.0,60.1,2.1,31.0,4.0,25495
-15,Ope, Corsa,Manual,Petrol,2014.0,14634.0,125.0,51.4,1.2,95.0,3.0,6895
775,Opel, Corsa,Manual,Petrol,2019.0,10770.0,150.0,44.8,1.4,84.0,,10698
2556,Hyundai, IX20,Manual,Petrol,2017.0,20634.0,125.0,,1.4,97.0,4.0,9795
1478,VW, CC,Manual,Diesel,2012.0,58000.0,30.0,60.1,2.0,96.0,2.0,7995
1363,Mercedes, A Class,Semi-Auto,Petrol,2020.0,1000.0,145.0,53.3,1.3,70.0,2.0,25729
2612,Mercedes, A Class,Automatic,Diesel,2020.0,3521.0,145.0,56.5,2.0,83.0,0.0,22490
2824,Ford, Kuga,Manual,Diesel,2015.0,36066.0,125.0,,2.0,56.0,0.0,9979
2041,Ford,,Manual,Petrol,2017.0,24138.0,145.0,62.8,1.0,,3.0,9797
241,Audi, Q3,Automatic,Petrol,2017.0,27868.0,,47.9,1.4,83.0,2.0,20990
2061,VW, Golf SV,Manual,Petrol,,7020.0,30.0,55.4,1.4,49.0,1.0,12995
2363,VW, Tiguan,Manual,Petrol,2019.0,3950.0,150.0,38.2,1.5,34.0,4.0,22498
600,Ford, Fiesta,Manual,Petrol,2009.0,45962.0,145.0,,1.2,65.0,3.0,3695
2435,Ford, Fiesta,Manual,Diesel,2017.0,22711.0,145.0,88.3,1.5,32.0,4.0,9899
2888,Opel, Astra,Manual,Petrol,2019.0,5196.0,145.0,47.9,1.4,73.0,4.0,14999
646,, 5 Series,Semi-Auto,Diesel,2016.0,41695.0,30.0,62.8,2.0,72.0,0.0,14595
3890,Ford, Fiesta,Automatic,Petrol,2017.0,30600.0,0.0,57.7,1.0,42.0,0.0,9495
3556,Mercedes, C Class,Semi-Auto,Diesel,,41650.0,145.0,65.7,2.1,90.0,2.0,15999
3202,Ford,,Semi-Auto,Petrol,2016.0,2903.0,160.0,44.8,1.6,56.0,3.0,10795
1528,Mercedes, GLE Class,Automatic,Diesel,2019.0,2005.0,145.0,32.5,3.0,57.0,3.0,55885
1267,Opel, Astra,Manual,Petrol,2016.0,21431.0,125.0,51.4,1.4,43.0,1.0,10036
1899,VW, Polo,Manual,Petrol,2019.0,5025.0,303.1488914624556,48.7,1.0,55.0,3.0,12990
3005,Ford, Fiesta,Manual,Petrol,2018.0,32160.0,,65.7,1.0,70.0,2.0,10500
2734,Mercedes, C Class,Semi-Auto,Diesel,2019.0,15195.0,145.0,61.4,2.0,90.0,1.0,25999
189,VW, Golf,Manual,Diesel,2014.0,73091.0,20.0,67.3,2.0,79.0,0.0,10995
1806,Ford, Fiesta,Manual,Petrol,2019.0,2803.0,145.0,58.9,1.0,81.0,1.0,13200
975,Audi, A3,Manual,Diesel,2016.0,41165.0,0.0,83.1,1.6,70.0,4.0,10799
2747,Opel, Grandland X,Automatic,Diesel,2019.0,34327.0,145.0,57.7,1.5,95.0,4.0,15990
2047,Toyota, Aygo,Manual,Petrol,2017.0,28953.0,0.0,69.0,1.0,75.0,4.0,6800
2558,Audi, A1,Manual,Petrol,2018.0,9938.0,145.0,65.7,1.0,40.0,3.0,15000
1082,Opel, Astra,Manual,Petrol,2016.0,36072.0,20.0,,1.0,63.0,,8498
474,VW, Polo,Manual,Petrol,2016.0,23000.0,20.0,60.1,1.2,68.0,4.0,10495
2904,Ford, EcoSport,Manual,Petrol,2019.0,4500.0,,51.4,1.0,67.0,2.0,15984
-118,Audi, Q3,anual,Petrol,2020.0,1014.0,145.0,40.9,3.7392354812099646,36.0,3.0,29995
3385,BMW, 1 Series,Manual,Diesel,2017.0,30393.0,0.0,78.5,1.5,43.0,2.0,11000
-556,opel, Meriva,Manual,Petrol,2015.0,18871.0,145.0,47.1,1.4,62.0,0.0,6698
1184,Toyota, Yaris,Automatic,Hybrid,2013.0,35289.0,0.0,80.7,1.5,35.0,2.0,8975
2433,VW, Up,Manual,Petrol,2017.0,38779.0,20.0,64.2,1.0,41.0,0.0,7895
2391,Ford, C-MAX,Manual,Diesel,2017.0,20646.0,150.0,27.70948954406702,,68.0,0.0,11998
769,Ford, Galaxy,Manual,Diesel,2016.0,30528.0,,56.5,2.0,66.0,2.0,18498
1685,BMW,,,Petrol,2020.0,102.0,145.0,34.5,2.0,30.0,,33995
130,Audi, Q3,Automatic,Petrol,2015.0,23787.0,205.0,40.4,2.0,77.0,0.0,19750
2919,Ford, Fiesta,,Petrol,2017.0,19496.0,145.0,65.7,1.0,55.0,2.0,10000
3171,VW, Amarok,Automatic,Diesel,2018.0,5940.0,,,3.0,56.0,1.0,30999
3444,BMW, 8 Series,Semi-Auto,Petrol,2020.0,700.0,,,3.0,62.0,3.0,59995
-427,Audi, A,automatic,Diesel,2023.605275744464,10254.0,150.0,49.6,2.0,72.0,1.0,26000
466,VW, Polo,Manual,Petrol,2016.0,45055.0,,60.1,1.0,66.0,4.0,7990
3092,Mercedes, E Class,Semi-Auto,Diesel,2019.0,15189.0,145.0,72.4,2.0,77.0,0.0,24349
3772,Opel, Corsa,Manual,Petrol,2017.0,7184.0,145.0,55.4,1.4,64.0,4.0,7490
860,Toyota, Yaris,Manual,Petrol,2017.0,23277.0,30.0,55.0,1.3,52.0,2.0,9498
